0	-1.1711275647030561e-06
1	-1.1711414344972582e-06
2	-1.1711524621205172e-06
3	-1.1711625802490744e-06
4	-1.1711736078723334e-06
5	-1.1711865681718336e-06
6	-1.1712016885212506e-06
7	-1.1712169225575053e-06
8	-1.1712298828570056e-06
9	-1.1712397736118874e-06
10	-1.171248527498392e-06
11	-1.171257849819085e-06
12	-1.1712677405739669e-06
13	-1.1712777450156864e-06
14	-1.17128854526527e-06
15	-1.171301619251608e-06
16	-1.1713173080352135e-06
17	-1.1713335652530077e-06
18	-1.1713478897945606e-06
19	-1.171359144791495e-06
20	-1.1713680123648373e-06
21	-1.171376766251342e-06
22	-1.1713868843798991e-06
23	-1.1713977983163204e-06
24	-1.17140780275804e-06
25	-1.1714157608366804e-06
26	-1.171422468360106e-06
27	-1.1714303127519088e-06
28	-1.1714419088093564e-06
29	-1.1714589618350146e-06
30	-1.1714807897078572e-06
31	-1.171504550256941e-06
32	-1.1715256960087572e-06
33	-1.1715416121660382e-06
34	-1.1715526397892972e-06
35	-1.1715618484231527e-06
36	-1.1715716254911968e-06
37	-1.1715832215486444e-06
38	-1.1715974324033596e-06
39	-1.171614826489531e-06
40	-1.1716355174939963e-06
41	-1.171658141174703e-06
42	-1.1716799690475455e-06
43	-1.17169770419423e-06
44	-1.1717100960595417e-06
45	-1.1717179404513445e-06
46	-1.1717235111063928e-06
47	-1.1717286270140903e-06
48	-1.1717341976691387e-06
49	-1.171740223071538e-06
50	-1.1717461347870994e-06
51	-1.1717523875631741e-06
52	-1.1717590950865997e-06
53	-1.171766712104727e-06
54	-1.171776148112258e-06
55	-1.1717877441697055e-06
56	-1.171801045529719e-06
57	-1.1718145742634078e-06
58	-1.1718273071892327e-06
59	-1.171838221125654e-06
60	-1.1718469750121585e-06
61	-1.1718547057171236e-06
62	-1.1718628911694395e-06
63	-1.1718723271769704e-06
64	-1.1718821042450145e-06
65	-1.1718907444446813e-06
66	-1.1718981340891332e-06
67	-1.1719063195414492e-06
68	-1.1719175745383836e-06
69	-1.1719338317561778e-06
70	-1.1719547501343186e-06
71	-1.1719789654307533e-06
72	-1.1720043175955652e-06
73	-1.1720279644578113e-06
74	-1.1720476322807372e-06
75	-1.1720625252564787e-06
76	-1.1720736665665754e-06
77	-1.1720828752004309e-06
78	-1.1720917427737731e-06
79	-1.1721001555997645e-06
80	-1.1721070904968656e-06
81	-1.1721119790308876e-06
82	-1.1721164128175587e-06
83	-1.1721231203409843e-06
84	-1.172134261651081e-06
85	-1.1721497230610112e-06
86	-1.1721666623998317e-06
87	-1.1721809869413846e-06
88	-1.1721907640094287e-06
89	-1.1721965620381525e-06
90	-1.172200882137986e-06
91	-1.1722063391061965e-06
92	-1.1722140698111616e-06
93	-1.172223733192368e-06
94	-1.1722341923814383e-06
95	-1.1722455610652105e-06
96	-1.1722580666173599e-06
97	-1.172271936411562e-06
98	-1.172287397821492e-06
99	-1.1723036550392862e-06
100	-1.1723185480150278e-06
101	-1.1723295756382868e-06
102	-1.172336055788037e-06
103	-1.1723395800800063e-06
104	-1.1723416264430853e-06
105	-1.1723424222509493e-06
106	-1.172342990685138e-06
107	-1.1723457191692432e-06
108	-1.1723536772478838e-06
109	-1.1723687975973007e-06
110	-1.1723909665306564e-06
111	-1.1724179103111965e-06
112	-1.1724455362127628e-06
113	-1.1724702062565484e-06
114	-1.1724890782716102e-06
115	-1.172501015389571e-06
116	-1.1725068134182948e-06
117	-1.1725090871550492e-06
118	-1.1725118156391545e-06
119	-1.1725173862942029e-06
120	-1.1725257991201943e-06
121	-1.1725352351277252e-06
122	-1.1725448985089315e-06
123	-1.1725552440111642e-06
124	-1.1725674085028004e-06
125	-1.1725812782970024e-06
126	-1.1725958302122308e-06
127	-1.1726086768248933e-06
128	-1.1726176580850733e-06
129	-1.1726212960638804e-06
130	-1.1726212960638804e-06
131	-1.1726209550033673e-06
132	-1.1726234561137971e-06
133	-1.1726307320714113e-06
134	-1.1726432376235607e-06
135	-1.172661086457083e-06
136	-1.1726824595825747e-06
137	-1.1727046285159304e-06
138	-1.1727245237125317e-06
139	-1.1727404398698127e-06
140	-1.1727527180482866e-06
141	-1.1727628361768438e-06
142	-1.1727717037501861e-06
143	-1.1727785249604494e-06
144	-1.1727822766260942e-06
145	-1.172783640868147e-06
146	-1.1727851187970373e-06
147	-1.1727887567758444e-06
148	-1.17279546429927e-06
149	-1.172805241367314e-06
150	-1.1728189974746783e-06
151	-1.1728371873687138e-06
152	-1.1728589015547186e-06
153	-1.1728815252354252e-06
154	-1.1729022162398905e-06
155	-1.1729187008313602e-06
156	-1.1729304105756455e-06
157	-1.172938368654286e-06
158	-1.1729448488040362e-06
159	-1.1729531479431898e-06
160	-1.172965767182177e-06
161	-1.1729820243999711e-06
162	-1.1729987363651162e-06
163	-1.17301351565402e-06
164	-1.173025793832494e-06
165	-1.173036366708402e-06
166	-1.1730464848369593e-06
167	-1.1730573987733806e-06
168	-1.173069449578179e-06
169	-1.1730816140698153e-06
170	-1.1730921869457234e-06
171	-1.173099690277013e-06
172	-1.1731046924978727e-06
173	-1.1731083304766798e-06
174	-1.1731126505765133e-06
175	-1.1731187896657502e-06
176	-1.1731269751180662e-06
177	-1.1731369795597857e-06
178	-1.173148689304071e-06
179	-1.1731622180377599e-06
180	-1.1731773383871769e-06
181	-1.1731930271707824e-06
182	-1.1732076927728485e-06
183	-1.1732190614566207e-06
184	-1.1732257689800463e-06
185	-1.1732288385246648e-06
186	-1.1732313396350946e-06
187	-1.1732366829164675e-06
188	-1.173247142105538e-06
189	-1.1732636266970076e-06
190	-1.1732849998224992e-06
191	-1.1733091014320962e-06
192	-1.1733332030416932e-06
193	-1.173354121419834e-06
194	-1.1733696965166018e-06
195	-1.173381065200374e-06
196	-1.1733910696420935e-06
197	-1.1734020972653525e-06
198	-1.1734134659491247e-06
199	-1.1734226745829801e-06
200	-1.1734286999853794e-06
201	-1.1734325653378619e-06
202	-1.1734365443771821e-06
203	-1.1734435929611209e-06
204	-1.1734555300790817e-06
205	-1.1734714462363627e-06
206	-1.173488499262021e-06
207	-1.1735035059246002e-06
208	-1.1735143061741837e-06
209	-1.173521127384447e-06
210	-1.1735263569789822e-06
211	-1.17353295081557e-06
212	-1.1735422731362632e-06
213	-1.1735547786884126e-06
214	-1.1735696716641542e-06
215	-1.173585246760922e-06
216	-1.1735996849893127e-06
217	-1.1736118494809489e-06
218	-1.1736212854884798e-06
219	-1.173628561446094e-06
220	-1.1736353826563573e-06
221	-1.1736441365428618e-06
222	-1.1736551641661208e-06
223	-1.1736666465367307e-06
224	-1.1736757414837484e-06
225	-1.173680857391446e-06
226	-1.1736831311282003e-06
227	-1.1736863143596565e-06
228	-1.1736937040041084e-06
229	-1.1737063232430955e-06
230	-1.173723262581916e-06
231	-1.1737438398995437e-06
232	-1.1737670320144389e-06
233	-1.1737905651898473e-06
234	-1.1738111425074749e-06
235	-1.1738264902305673e-06
236	-1.1738367220459622e-06
237	-1.173842520074686e-06
238	-1.1738460443666554e-06
239	-1.173850250779651e-06
240	-1.1738579814846162e-06
241	-1.173869463855226e-06
242	-1.173883788396779e-06
243	-1.1738993634935468e-06
244	-1.1739147112166393e-06
245	-1.17392914944503e-06
246	-1.1739441561076092e-06
247	-1.1739607543859165e-06
248	-1.173976897916873e-06
249	-1.17398951715586e-06
250	-1.1739978162950138e-06
251	-1.1740035006368998e-06
252	-1.174008730231435e-06
253	-1.1740145282601588e-06
254	-1.1740219179046107e-06
255	-1.1740308991647908e-06
256	-1.1740404488591594e-06
257	-1.1740496574930148e-06
258	-1.1740590935005457e-06
259	-1.174069552689616e-06
260	-1.1740816034944146e-06
261	-1.1740952459149412e-06
262	-1.1741099115170073e-06
263	-1.1741245771190734e-06
264	-1.1741371963580605e-06
265	-1.1741457228708896e-06
266	-1.1741501566575607e-06
267	-1.1741543630705564e-06
268	-1.1741644811991137e-06
269	-1.1741827847799868e-06
270	-1.1742060905817198e-06
271	-1.174228486888751e-06
272	-1.174246449409111e-06
273	-1.1742612286980147e-06
274	-1.1742755532395677e-06
275	-1.1742906735889846e-06
276	-1.1743065897462657e-06
277	-1.1743222785298713e-06
278	-1.1743364893845865e-06
279	-1.1743478580683586e-06
280	-1.1743558161469991e-06
281	-1.174361159428372e-06
282	-1.1743655932150432e-06
283	-1.1743702543753898e-06
284	-1.1743758250304381e-06
285	-1.1743834420485655e-06
286	-1.1743943559849868e-06
287	-1.1744084531528642e-06
288	-1.1744242556233075e-06
289	-1.1744392622858868e-06
290	-1.1744507446564967e-06
291	-1.1744568837457336e-06
292	-1.1744584753614618e-06
293	-1.174458361674624e-06
294	-1.1744601806640276e-06
295	-1.1744664334401023e-06
296	-1.1744784842449008e-06
297	-1.1744953098968836e-06
298	-1.174514750346134e-06
299	-1.1745332813006826e-06
300	-1.174548629023775e-06
301	-1.1745594292733585e-06
302	-1.1745661367967841e-06
303	-1.1745704568966175e-06
304	-1.1745748906832887e-06
305	-1.1745815982067143e-06
306	-1.1745911479010829e-06
307	-1.1746038808269077e-06
308	-1.1746197969841887e-06
309	-1.1746385553124128e-06
310	-1.1746585641958518e-06
311	-1.17467811833194e-06
312	-1.1746959671654622e-06
313	-1.1747117696359055e-06
314	-1.1747263215511339e-06
315	-1.1747407597795245e-06
316	-1.1747559938157792e-06
317	-1.1747725920940866e-06
318	-1.1747897588065825e-06
319	-1.1748048791559995e-06
320	-1.1748149972845567e-06
321	-1.1748190900107147e-06
322	-1.174818976323877e-06
323	-1.1748184078896884e-06
324	-1.1748209090001183e-06
325	-1.1748285260182456e-06
326	-1.1748411452572327e-06
327	-1.17485774353554e-06
328	-1.1748768429242773e-06
329	-1.1748966244340409e-06
330	-1.1749147006412386e-06
331	-1.1749297073038178e-06
332	-1.174941871795454e-06
333	-1.1749536952265771e-06
334	-1.1749669965865905e-06
335	-1.174981093754468e-06
336	-1.1749939403671306e-06
337	-1.175003603748337e-06
338	-1.175010083898087e-06
339	-1.1750153134926222e-06
340	-1.1750212252081838e-06
341	-1.1750286148526357e-06
342	-1.1750363455576007e-06
343	-1.1750441899494035e-06
344	-1.1750528301490704e-06
345	-1.175063175651303e-06
346	-1.1750752264561015e-06
347	-1.1750870498872246e-06
348	-1.1750965995815932e-06
349	-1.175104443973396e-06
350	-1.1751128567993874e-06
351	-1.1751242254831595e-06
352	-1.175139118458901e-06
353	-1.1751569672924234e-06
354	-1.1751769761758624e-06
355	-1.1751972124329768e-06
356	-1.1752151749533368e-06
357	-1.1752297268685652e-06
358	-1.1752423461075523e-06
359	-1.1752553064070526e-06
360	-1.1752699720091186e-06
361	-1.1752863429137506e-06
362	-1.1753033959394088e-06
363	-1.1753198805308784e-06
364	-1.1753340913855936e-06
365	-1.175345346382528e-06
366	-1.175353986582195e-06
367	-1.1753597846109187e-06
368	-1.1753619446608354e-06
369	-1.1753606941056205e-06
370	-1.175359670924081e-06
371	-1.1753627404686995e-06
372	-1.175371949102555e-06
373	-1.1753860462704324e-06
374	-1.1754027582355775e-06
375	-1.175418901766534e-06
376	-1.1754323168133851e-06
377	-1.1754424349419423e-06
378	-1.1754514162021223e-06
379	-1.1754624438253813e-06
380	-1.1754772231142852e-06
381	-1.1754943898267811e-06
382	-1.1755109881050885e-06
383	-1.175524289465102e-06
384	-1.1755337254726328e-06
385	-1.1755398645618698e-06
386	-1.175544298348541e-06
387	-1.1755496416299138e-06
388	-1.1755585092032561e-06
389	-1.1755716968764318e-06
390	-1.1755881814679014e-06
391	-1.1756061439882615e-06
392	-1.175624333882297e-06
393	-1.1756416142816306e-06
394	-1.1756567346310476e-06
395	-1.1756696949305478e-06
396	-1.175681518361671e-06
397	-1.1756936828533071e-06
398	-1.1757073252738337e-06
399	-1.1757225593100884e-06
400	-1.175737793346343e-06
401	-1.1757515494537074e-06
402	-1.1757634865716682e-06
403	-1.175774173134414e-06
404	-1.175785200757673e-06
405	-1.1757975926229847e-06
406	-1.175810893982998e-06
407	-1.1758230584746343e-06
408	-1.1758318123611389e-06
409	-1.1758365872083232e-06
410	-1.1758393156924285e-06
411	-1.1758430673580733e-06
412	-1.1758496611946612e-06
413	-1.175858756141679e-06
414	-1.1758681921492098e-06
415	-1.175876263914688e-06
416	-1.1758833124986268e-06
417	-1.1758911568904296e-06
418	-1.1759019571400131e-06
419	-1.1759166227420792e-06
420	-1.1759344715756015e-06
421	-1.1759537983380142e-06
422	-1.1759725566662382e-06
423	-1.1759889275708701e-06
424	-1.176001205749344e-06
425	-1.1760099596358486e-06
426	-1.1760176903408137e-06
427	-1.1760266716009937e-06
428	-1.176038381345279e-06
429	-1.1760536153815337e-06
430	-1.1760726010834333e-06
431	-1.1760937468352495e-06
432	-1.176113983092364e-06
433	-1.1761304676838336e-06
434	-1.1761418363676057e-06
435	-1.1761485438910313e-06
436	-1.1761536597987288e-06
437	-1.1761603673221543e-06
438	-1.1761708265112247e-06
439	-1.1761846963054268e-06
440	-1.1762006124627078e-06
441	-1.1762165286199888e-06
442	-1.1762306257878663e-06
443	-1.1762424492189893e-06
444	-1.1762537042159238e-06
445	-1.17626586870756e-06
446	-1.176278487946547e-06
447	-1.1762901976908324e-06
448	-1.176300543193065e-06
449	-1.176309524453245e-06
450	-1.176317368845048e-06
451	-1.176324644802662e-06
452	-1.1763322618207894e-06
453	-1.1763399925257545e-06
454	-1.1763472684833687e-06
455	-1.1763527254515793e-06
456	-1.1763559086830355e-06
457	-1.1763579550461145e-06
458	-1.1763609109038953e-06
459	-1.1763669363062945e-06
460	-1.1763770544348517e-06
461	-1.1763917200369178e-06
462	-1.1764099099309533e-06
463	-1.1764285545723396e-06
464	-1.176444698103296e-06
465	-1.1764581131501473e-06
466	-1.176470846075972e-06
467	-1.1764857390517136e-06
468	-1.1765042700062622e-06
469	-1.176525188384403e-06
470	-1.176545197267842e-06
471	-1.1765616818593116e-06
472	-1.1765744147851365e-06
473	-1.1765854424083955e-06
474	-1.1765977205868694e-06
475	-1.1766120451284223e-06
476	-1.1766275065383525e-06
477	-1.1766422858272563e-06
478	-1.176654677692568e-06
479	-1.1766633178922348e-06
480	-1.176668092739419e-06
481	-1.1766711622840376e-06
482	-1.1766758234443842e-06
483	-1.1766843499572133e-06
484	-1.1766968555093626e-06
485	-1.1767124306061305e-06
486	-1.1767295973186265e-06
487	-1.176745740849583e-06
488	-1.1767579053412192e-06
489	-1.176764953925158e-06
490	-1.1767691603381536e-06
491	-1.1767751857405528e-06
492	-1.1767860996769741e-06
493	-1.1768014474000665e-06
494	-1.1768195236072643e-06
495	-1.176838395622326e-06
496	-1.176856812890037e-06
497	-1.176873524855182e-06
498	-1.1768875083362218e-06
499	-1.1768994454541826e-06
500	-1.1769105867642793e-06
501	-1.1769221828217269e-06
502	-1.1769345746870385e-06
503	-1.1769469665523502e-06
504	-1.1769573120545829e-06
505	-1.1769643606385216e-06
506	-1.1769689081120305e-06
507	-1.1769736829592148e-06
508	-1.1769819820983685e-06
509	-1.1769961929530837e-06
510	-1.1770167702707113e-06
511	-1.1770421224355232e-06
512	-1.1770688388423878e-06
513	-1.1770931678256602e-06
514	-1.1771123809012352e-06
515	-1.1771248864533845e-06
516	-1.177132048724161e-06
517	-1.177136937258183e-06
518	-1.177142621600069e-06
519	-1.1771510344260605e-06
520	-1.1771628578571836e-06
521	-1.1771771823987365e-06
522	-1.1771932122428552e-06
523	-1.1772094694606494e-06
524	-1.1772250445574173e-06
525	-1.1772383459174307e-06
526	-1.1772486914196634e-06
527	-1.1772560810641153e-06
528	-1.1772616517191636e-06
529	-1.1772663128795102e-06
530	-1.17727131510037e-06
531	-1.1772772268159315e-06
532	-1.1772837069656816e-06
533	-1.1772907555496204e-06
534	-1.1772997368098004e-06
535	-1.177312583422463e-06
536	-1.1773299775086343e-06
537	-1.1773503274525865e-06
538	-1.1773703363360255e-06
539	-1.1773879577958724e-06
540	-1.1774018275900744e-06
541	-1.1774109225370921e-06
542	-1.1774144468290615e-06
543	-1.177413423647522e-06
544	-1.1774109225370921e-06
545	-1.1774114909712807e-06
546	-1.1774189943025704e-06
547	-1.1774351378335268e-06
548	-1.1774573067668825e-06
549	-1.17748038519494e-06
550	-1.1775002803915413e-06
551	-1.1775168786698487e-06
552	-1.1775327948271297e-06
553	-1.1775491657317616e-06
554	-1.1775654229495558e-06
555	-1.1775805432989728e-06
556	-1.1775944130931748e-06
557	-1.1776071460189996e-06
558	-1.1776186283896095e-06
559	-1.1776289738918422e-06
560	-1.1776386372730485e-06
561	-1.1776477322200662e-06
562	-1.1776562587328954e-06
563	-1.1776641031246982e-06
564	-1.1776718338296632e-06
565	-1.1776800192819792e-06
566	-1.1776888868553215e-06
567	-1.17769843654969e-06
568	-1.1777084409914096e-06
569	-1.1777193549278309e-06
570	-1.1777320878536557e-06
571	-1.1777475492635858e-06
572	-1.1777647159760818e-06
573	-1.1777818826885778e-06
574	-1.1777977988458588e-06
575	-1.1778116686400608e-06
576	-1.1778226962633198e-06
577	-1.1778311090893112e-06
578	-1.1778375892390613e-06
579	-1.1778440693888115e-06
580	-1.1778516864069388e-06
581	-1.1778606676671188e-06
582	-1.1778703310483252e-06
583	-1.1778801081163692e-06
584	-1.1778898851844133e-06
585	-1.1779000033129705e-06
586	-1.177911258309905e-06
587	-1.1779258102251333e-06
588	-1.1779449096138705e-06
589	-1.177968442789279e-06
590	-1.1779944770751172e-06
591	-1.178019488179416e-06
592	-1.1780407476180699e-06
593	-1.1780564364016755e-06
594	-1.1780667819039081e-06
595	-1.1780731483668205e-06
596	-1.1780781505876803e-06
597	-1.1780842896769173e-06
598	-1.1780924751292332e-06
599	-1.1781024795709527e-06
600	-1.1781124840126722e-06
601	-1.1781214652728522e-06
602	-1.1781306739067077e-06
603	-1.1781424973378307e-06
604	-1.1781585271819495e-06
605	-1.178176717075985e-06
606	-1.1781930879806168e-06
607	-1.1782043429775513e-06
608	-1.1782099136325996e-06
609	-1.1782127558035427e-06
610	-1.1782160527218366e-06
611	-1.1782219644373981e-06
612	-1.1782316278186045e-06
613	-1.1782451565522933e-06
614	-1.1782618685174384e-06
615	-1.1782797173509607e-06
616	-1.178296770376619e-06
617	-1.1783126865339e-06
618	-1.1783274658228038e-06
619	-1.178340880869655e-06
620	-1.178352249553427e-06
621	-1.1783622539951466e-06
622	-1.1783729405578924e-06
623	-1.1783861282310681e-06
624	-1.178400907519972e-06
625	-1.1784140951931477e-06
626	-1.178423758574354e-06
627	-1.1784305797846173e-06
628	-1.1784367188738543e-06
629	-1.1784441085183062e-06
630	-1.1784533171521616e-06
631	-1.1784643447754206e-06
632	-1.1784765092670568e-06
633	-1.1784885600718553e-06
634	-1.1785003835029784e-06
635	-1.178513230115641e-06
636	-1.1785285778387333e-06
637	-1.1785473361669574e-06
638	-1.1785681408582604e-06
639	-1.1785881497416995e-06
640	-1.1786052027673577e-06
641	-1.1786190725615597e-06
642	-1.1786311233663582e-06
643	-1.1786423783632927e-06
644	-1.1786529512392008e-06
645	-1.1786611366915167e-06
646	-1.1786657978518633e-06
647	-1.1786677305281046e-06
648	-1.1786690947701572e-06
649	-1.1786710274463985e-06
650	-1.178674096991017e-06
651	-1.1786778486566618e-06
652	-1.1786836466853856e-06
653	-1.1786936511271051e-06
654	-1.1787097946580616e-06
655	-1.1787307130362024e-06
656	-1.178752540909045e-06
657	-1.1787718676714576e-06
658	-1.1787881248892518e-06
659	-1.1788024494308047e-06
660	-1.1788159781644936e-06
661	-1.1788289384639938e-06
662	-1.1788412166424678e-06
663	-1.178852130578889e-06
664	-1.1788602023443673e-06
665	-1.1788642950705253e-06
666	-1.1788671372414683e-06
667	-1.1788730489570298e-06
668	-1.1788845313276397e-06
669	-1.1789010159191093e-06
670	-1.1789205700551975e-06
671	-1.1789417158070137e-06
672	-1.1789630889325053e-06
673	-1.178982415694918e-06
674	-1.1789979907916859e-06
675	-1.1790102689701598e-06
676	-1.179021182906581e-06
677	-1.1790315284088138e-06
678	-1.1790418739110464e-06
679	-1.1790538110290072e-06
680	-1.1790692724389373e-06
681	-1.1790879170803237e-06
682	-1.1791069027822232e-06
683	-1.179123273686855e-06
684	-1.1791356655521668e-06
685	-1.1791448741860222e-06
686	-1.1791528322646627e-06
687	-1.1791611314038164e-06
688	-1.1791695442298078e-06
689	-1.1791771612479351e-06
690	-1.1791833003371721e-06
691	-1.1791879614975187e-06
692	-1.1791933047788916e-06
693	-1.1792018312917207e-06
694	-1.1792150189648964e-06
695	-1.1792321856773924e-06
696	-1.179251512439805e-06
697	-1.1792710665758932e-06
698	-1.1792883469752269e-06
699	-1.179302216769429e-06
700	-1.1793138128268765e-06
701	-1.1793262046921882e-06
702	-1.1793414387284429e-06
703	-1.179359401248803e-06
704	-1.1793767953349743e-06
705	-1.1793903240686632e-06
706	-1.1793987368946546e-06
707	-1.1794039664891898e-06
708	-1.1794089687100495e-06
709	-1.1794163583545014e-06
710	-1.1794269312304095e-06
711	-1.1794398915299098e-06
712	-1.1794542160714627e-06
713	-1.1794695637945551e-06
714	-1.1794857073255116e-06
715	-1.1795017371696304e-06
716	-1.1795167438322096e-06
717	-1.1795303862527362e-06
718	-1.179543119178561e-06
719	-1.1795558521043858e-06
720	-1.1795679029091843e-06
721	-1.1795779073509038e-06
722	-1.1795846148743294e-06
723	-1.1795883665399742e-06
724	-1.1795914360845927e-06
725	-1.179596665679128e-06
726	-1.179605646939308e-06
727	-1.179618720925646e-06
728	-1.1796344097092515e-06
729	-1.179650098492857e-06
730	-1.179663627226546e-06
731	-1.1796740864156163e-06
732	-1.179683181362634e-06
733	-1.1796939816122176e-06
734	-1.1797083061537705e-06
735	-1.1797243359978893e-06
736	-1.1797386605394422e-06
737	-1.179749347102188e-06
738	-1.1797574188676663e-06
739	-1.1797664001278463e-06
740	-1.1797798151746974e-06
741	-1.1797981187555706e-06
742	-1.1798184686995228e-06
743	-1.1798362038462074e-06
744	-1.1798483683378436e-06
745	-1.1798556442954578e-06
746	-1.1798615560110193e-06
747	-1.1798704235843616e-06
748	-1.1798844070654013e-06
749	-1.17990293801995e-06
750	-1.1799246522059548e-06
751	-1.1799481853813631e-06
752	-1.1799712638094206e-06
753	-1.1799908179455088e-06
754	-1.180004574052873e-06
755	-1.180014010060404e-06
756	-1.1800220818258822e-06
757	-1.1800295851571718e-06
758	-1.180036065306922e-06
759	-1.180042545456672e-06
760	-1.1800520951510407e-06
761	-1.1800649417637032e-06
762	-1.1800783568105544e-06
763	-1.1800890433733002e-06
764	-1.180096091957239e-06
765	-1.180101776299125e-06
766	-1.1801081427620375e-06
767	-1.1801163282143534e-06
768	-1.1801267874034238e-06
769	-1.1801388382082223e-06
770	-1.1801515711340471e-06
771	-1.1801636219388456e-06
772	-1.180175331683131e-06
773	-1.1801886330431444e-06
774	-1.1802047765741008e-06
775	-1.180223534902325e-06
776	-1.1802429753515753e-06
777	-1.1802609378719353e-06
778	-1.1802751487266505e-06
779	-1.1802849257946946e-06
780	-1.1802916333181201e-06
781	-1.1802979997810326e-06
782	-1.1803060715465108e-06
783	-1.1803156212408794e-06
784	-1.180325170935248e-06
785	-1.180334948003292e-06
786	-1.180346430373902e-06
787	-1.1803604138549417e-06
788	-1.1803757615780341e-06
789	-1.1803908819274511e-06
790	-1.1804047517216532e-06
791	-1.1804173709606403e-06
792	-1.1804287396444124e-06
793	-1.1804386303992942e-06
794	-1.1804470432252856e-06
795	-1.1804544328697375e-06
796	-1.180462390948378e-06
797	-1.180472168016422e-06
798	-1.1804853556895978e-06
799	-1.1805021813415806e-06
800	-1.1805210533566424e-06
801	-1.1805393569375155e-06
802	-1.180555500468472e-06
803	-1.1805695976363495e-06
804	-1.1805840358647401e-06
805	-1.1805999520220212e-06
806	-1.1806164366134908e-06
807	-1.1806304200945306e-06
808	-1.1806392876678728e-06
809	-1.1806426982730045e-06
810	-1.1806432667071931e-06
811	-1.1806456541307853e-06
812	-1.1806536122094258e-06
813	-1.1806682778114919e-06
814	-1.18068783194758e-06
815	-1.1807082955783699e-06
816	-1.180725803351379e-06
817	-1.180738877337717e-06
818	-1.1807480859715724e-06
819	-1.1807554756160243e-06
820	-1.1807636610683403e-06
821	-1.1807736655100598e-06
822	-1.1807844657596434e-06
823	-1.1807931059593102e-06
824	-1.1807978808064945e-06
825	-1.1808008366642753e-06
826	-1.1808065210061613e-06
827	-1.1808184581241221e-06
828	-1.1808367617049953e-06
829	-1.1808588169515133e-06
830	-1.1808807585111936e-06
831	-1.1809000852736062e-06
832	-1.1809158877440495e-06
833	-1.180929189104063e-06
834	-1.1809408988483483e-06
835	-1.1809518127847696e-06
836	-1.1809626130343531e-06
837	-1.1809743227786385e-06
838	-1.1809880788860028e-06
839	-1.1810042224169592e-06
840	-1.181022298624157e-06
841	-1.1810408295787056e-06
842	-1.1810578826043638e-06
843	-1.181072093459079e-06
844	-1.1810838032033644e-06
845	-1.181094148705597e-06
846	-1.181104380520992e-06
847	-1.1811144986495492e-06
848	-1.1811234799097292e-06
849	-1.1811310969278566e-06
850	-1.1811373497039312e-06
851	-1.1811425792984664e-06
852	-1.1811479225798394e-06
853	-1.1811561080321553e-06
854	-1.1811699778263574e-06
855	-1.1811890772150946e-06
856	-1.1812099955932354e-06
857	-1.181229322355648e-06
858	-1.1812454658866045e-06
859	-1.1812578577519162e-06
860	-1.181265702143719e-06
861	-1.1812689990620129e-06
862	-1.1812692264356883e-06
863	-1.1812692264356883e-06
864	-1.1812712727987673e-06
865	-1.1812768434538157e-06
866	-1.1812874163297238e-06
867	-1.1813045830422197e-06
868	-1.181327775157115e-06
869	-1.1813532410087646e-06
870	-1.1813765468104975e-06
871	-1.1813949640782084e-06
872	-1.1814089475592482e-06
873	-1.1814211120508844e-06
874	-1.181433503916196e-06
875	-1.1814469189630472e-06
876	-1.1814610161309247e-06
877	-1.181474772238289e-06
878	-1.1814879599114647e-06
879	-1.1815005791504518e-06
880	-1.181511947834224e-06
881	-1.181521724902268e-06
882	-1.1815305924756103e-06
883	-1.181540142169979e-06
884	-1.1815517382274265e-06
885	-1.1815652669611154e-06
886	-1.181578909381642e-06
887	-1.1815905054390896e-06
888	-1.1815990319519187e-06
889	-1.1816057394753443e-06
890	-1.1816131291197962e-06
891	-1.1816226788141648e-06
892	-1.1816347296189633e-06
893	-1.181648713100003e-06
894	-1.1816633787020692e-06
895	-1.1816774758699466e-06
896	-1.1816906635431224e-06
897	-1.1817033964689472e-06
898	-1.1817164704552852e-06
899	-1.1817302265626495e-06
900	-1.181743868983176e-06
901	-1.1817559197879746e-06
902	-1.181765583169181e-06
903	-1.1817729728136328e-06
904	-1.1817780887213303e-06
905	-1.1817819540738128e-06
906	-1.1817874110420235e-06
907	-1.1817973017969052e-06
908	-1.181812876893673e-06
909	-1.1818329994639498e-06
910	-1.1818558505183319e-06
911	-1.1818805205621175e-06
912	-1.181905986413767e-06
913	-1.1819302017102018e-06
914	-1.1819502105936408e-06
915	-1.1819638530141674e-06
916	-1.1819707879112684e-06
917	-1.1819735163953737e-06
918	-1.18197669962683e-06
919	-1.1819840892712818e-06
920	-1.1819961400760803e-06
921	-1.1820109193649841e-06
922	-1.1820268355222652e-06
923	-1.1820430927400594e-06
924	-1.1820596910183667e-06
925	-1.1820761756098364e-06
926	-1.1820908412119024e-06
927	-1.182100845653622e-06
928	-1.1821055068139685e-06
929	-1.1821072121165344e-06
930	-1.182109826913802e-06
931	-1.1821156249425258e-06
932	-1.1821246062027058e-06
933	-1.1821343832707498e-06
934	-1.1821433645309298e-06
935	-1.182153482659487e-06
936	-1.1821675798273645e-06
937	-1.1821858834082377e-06
938	-1.1822054375443258e-06
939	-1.1822239684988745e-06
940	-1.182240907837695e-06
941	-1.1822565966213006e-06
942	-1.182271148536529e-06
943	-1.1822834267150029e-06
944	-1.1822922942883451e-06
945	-1.1822977512565558e-06
946	-1.182302185043227e-06
947	-1.182307869385113e-06
948	-1.182316054837429e-06
949	-1.1823265140264994e-06
950	-1.1823400427601882e-06
951	-1.1823575505331974e-06
952	-1.1823779004771495e-06
953	-1.1823979093605885e-06
954	-1.182414848699409e-06
955	-1.1824278089989093e-06
956	-1.1824372450064402e-06
957	-1.1824444072772167e-06
958	-1.1824511148006422e-06
959	-1.1824590728792828e-06
960	-1.1824680541394628e-06
961	-1.1824780585811823e-06
962	-1.1824890862044413e-06
963	-1.1825013643829152e-06
964	-1.1825151204902795e-06
965	-1.1825295587186702e-06
966	-1.1825444516944117e-06
967	-1.1825592309833155e-06
968	-1.1825736692117061e-06
969	-1.1825877663795836e-06
970	-1.1826022046079743e-06
971	-1.1826176660179044e-06
972	-1.182634605356725e-06
973	-1.1826519994428963e-06
974	-1.1826668924186379e-06
975	-1.1826758736788179e-06
976	-1.1826786021629232e-06
977	-1.1826780337287346e-06
978	-1.182678715849761e-06
979	-1.1826841728179716e-06
980	-1.1826949730675551e-06
981	-1.1827090702354326e-06
982	-1.1827247590190382e-06
983	-1.182741584671021e-06
984	-1.1827597745650564e-06
985	-1.1827781918327673e-06
986	-1.182795472232101e-06
987	-1.1828112747025443e-06
988	-1.1828260539914481e-06
989	-1.1828404922198388e-06
990	-1.182855498882418e-06
991	-1.1828711876660236e-06
992	-1.182886990136467e-06
993	-1.1829026789200725e-06
994	-1.1829172308353009e-06
995	-1.1829288268927485e-06
996	-1.182936330224038e-06
997	-1.1829415598185733e-06
998	-1.182947812594648e-06
999	-1.1829569075416657e-06
1000	-1.1829685035991133e-06
1001	-1.1829814638986136e-06
1002	-1.1829945378849516e-06
1003	-1.1830073844976141e-06
1004	-1.1830203447971144e-06
1005	-1.1830341009044787e-06
1006	-1.1830497896880843e-06
1007	-1.1830674111479311e-06
1008	-1.1830852599814534e-06
1009	-1.1831002666440327e-06
1010	-1.1831104984594276e-06
1011	-1.1831167512355023e-06
1012	-1.1831218671431998e-06
1013	-1.183129143100814e-06
1014	-1.1831405117845861e-06
1015	-1.1831557458208408e-06
1016	-1.1831738220280386e-06
1017	-1.1831937172246398e-06
1018	-1.183214067168592e-06
1019	-1.1832333939310047e-06
1020	-1.1832503332698252e-06
1021	-1.1832647714982159e-06
1022	-1.1832762538688257e-06
1023	-1.1832828477054136e-06
1024	-1.1832831887659268e-06
1025	-1.1832786412924179e-06
1026	-1.1832744348794222e-06
1027	-1.1832764812425012e-06
1028	-1.1832877362394356e-06
1029	-1.1833074040623615e-06
1030	-1.1833326425403357e-06
1031	-1.183359472634038e-06
1032	-1.1833827784357709e-06
1033	-1.1833988082798896e-06
1034	-1.1834074484795565e-06
1035	-1.1834131328214426e-06
1036	-1.1834214319605962e-06
1037	-1.183435415441636e-06
1038	-1.1834548558908864e-06
1039	-1.183476683763729e-06
1040	-1.1834973747681943e-06
1041	-1.183514200420177e-06
1042	-1.1835268196591642e-06
1043	-1.1835355735456687e-06
1044	-1.1835410305138794e-06
1045	-1.183544441119011e-06
1046	-1.1835481927846558e-06
1047	-1.1835547866212437e-06
1048	-1.183565700557665e-06
1049	-1.1835807072202442e-06
1050	-1.1835982149932534e-06
1051	-1.1836158364531002e-06
1052	-1.183631866297219e-06
1053	-1.1836460771519342e-06
1054	-1.183658014269895e-06
1055	-1.183666995530075e-06
1056	-1.1836738167403382e-06
1057	-1.1836809790111147e-06
1058	-1.1836904150186456e-06
1059	-1.1837022384497686e-06
1060	-1.183715994557133e-06
1061	-1.1837302054118481e-06
1062	-1.1837436204586993e-06
1063	-1.1837556712634978e-06
1064	-1.183766585199919e-06
1065	-1.1837762485811254e-06
1066	-1.1837846614071168e-06
1067	-1.1837923921120819e-06
1068	-1.1838003501907224e-06
1069	-1.1838097861982533e-06
1070	-1.183822973871429e-06
1071	-1.1838423006338417e-06
1072	-1.1838665159302764e-06
1073	-1.1838912996608997e-06
1074	-1.1839123317258782e-06
1075	-1.1839274520752952e-06
1076	-1.1839359785881243e-06
1077	-1.1839396165669314e-06
1078	-1.1839415492431726e-06
1079	-1.1839456419693306e-06
1080	-1.183954509542673e-06
1081	-1.183968379336875e-06
1082	-1.1839860007967218e-06
1083	-1.184005895993323e-06
1084	-1.1840264733109507e-06
1085	-1.1840456863865256e-06
1086	-1.1840620572911575e-06
1087	-1.1840750175906578e-06
1088	-1.1840854767797282e-06
1089	-1.1840943443530705e-06
1090	-1.1841016203106847e-06
1091	-1.1841078730867594e-06
1092	-1.1841142395496718e-06
1093	-1.1841233344966895e-06
1094	-1.1841362947961898e-06
1095	-1.1841526657008217e-06
1096	-1.184170514534344e-06
1097	-1.184188022307353e-06
1098	-1.1842040521514718e-06
1099	-1.1842175808851607e-06
1100	-1.1842279263873934e-06
1101	-1.1842339517897926e-06
1102	-1.1842357707791962e-06
1103	-1.1842353160318453e-06
1104	-1.1842344065371435e-06
1105	-1.184234633910819e-06
1106	-1.1842369076475734e-06
1107	-1.1842430467368104e-06
1108	-1.184256234409986e-06
1109	-1.1842785170301795e-06
1110	-1.1843083029816626e-06
1111	-1.1843410447909264e-06
1112	-1.1843712854897603e-06
1113	-1.1843952734125196e-06
1114	-1.1844123264381778e-06
1115	-1.1844243772429763e-06
1116	-1.1844340406241827e-06
1117	-1.1844439313790645e-06
1118	-1.1844550726891612e-06
1119	-1.1844668961202842e-06
1120	-1.1844795153592713e-06
1121	-1.1844933851534734e-06
1122	-1.1845081644423772e-06
1123	-1.1845236258523073e-06
1124	-1.1845397693832638e-06
1125	-1.1845559129142202e-06
1126	-1.1845695553347468e-06
1127	-1.1845786502817646e-06
1128	-1.1845834251289489e-06
1129	-1.1845872904814314e-06
1130	-1.1845941116916947e-06
1131	-1.1846055940623046e-06
1132	-1.184620145977533e-06
1133	-1.184635607387463e-06
1134	-1.1846501593026915e-06
1135	-1.1846636880363803e-06
1136	-1.184677330456907e-06
1137	-1.1846914276247844e-06
1138	-1.1847047289847978e-06
1139	-1.1847138239318156e-06
1140	-1.1847174619106227e-06
1141	-1.1847175755974604e-06
1142	-1.184718144031649e-06
1143	-1.1847218956972938e-06
1144	-1.1847303085232852e-06
1145	-1.1847441783174872e-06
1146	-1.1847625955851981e-06
1147	-1.184783855023852e-06
1148	-1.1848052281493437e-06
1149	-1.1848253507196205e-06
1150	-1.184843540613656e-06
1151	-1.1848585472762352e-06
1152	-1.1848690064653056e-06
1153	-1.1848750318677048e-06
1154	-1.1848784424728365e-06
1155	-1.1848826488858322e-06
1156	-1.184890038530284e-06
1157	-1.1849025440824335e-06
1158	-1.1849206202896312e-06
1159	-1.1849429029098246e-06
1160	-1.1849663223983953e-06
1161	-1.1849878092107247e-06
1162	-1.1850057717310847e-06
1163	-1.1850196415252867e-06
1164	-1.1850303280880325e-06
1165	-1.185039536721888e-06
1166	-1.1850482906083926e-06
1167	-1.1850563623738708e-06
1168	-1.1850635246446473e-06
1169	-1.1850700047943974e-06
1170	-1.1850761438836344e-06
1171	-1.1850827377202222e-06
1172	-1.1850909231725382e-06
1173	-1.1851017234221217e-06
1174	-1.1851157069031615e-06
1175	-1.1851329873024952e-06
1176	-1.1851533372464473e-06
1177	-1.185175506179803e-06
1178	-1.185196765618457e-06
1179	-1.185213136523089e-06
1180	-1.1852222314701066e-06
1181	-1.1852248462673742e-06
1182	-1.1852240504595102e-06
1183	-1.1852223451569444e-06
1184	-1.1852222314701066e-06
1185	-1.1852267789436155e-06
1186	-1.1852382613142254e-06
1187	-1.1852569059556117e-06
1188	-1.1852805528178578e-06
1189	-1.1853064734168584e-06
1190	-1.1853325077026966e-06
1191	-1.1853575188069954e-06
1192	-1.1853799151140265e-06
1193	-1.1853983323817374e-06
1194	-1.1854123158627772e-06
1195	-1.1854215244966326e-06
1196	-1.185426299343817e-06
1197	-1.185428345706896e-06
1198	-1.185430733130488e-06
1199	-1.1854369859065628e-06
1200	-1.185449150398199e-06
1201	-1.185467112918559e-06
1202	-1.1854885997308884e-06
1203	-1.1855114507852704e-06
1204	-1.1855350976475165e-06
1205	-1.1855580623887363e-06
1206	-1.1855779575853376e-06
1207	-1.185592054753215e-06
1208	-1.1855995580845047e-06
1209	-1.1856019455080968e-06
1210	-1.1856020591949346e-06
1211	-1.1856033097501495e-06
1212	-1.185607629849983e-06
1213	-1.185614564747084e-06
1214	-1.1856228638862376e-06
1215	-1.1856308219648781e-06
1216	-1.185637415801466e-06
1217	-1.1856440096380538e-06
1218	-1.1856532182719093e-06
1219	-1.1856674291266245e-06
1220	-1.185686414828524e-06
1221	-1.185708015327691e-06
1222	-1.1857274557769415e-06
1223	-1.1857398476422532e-06
1224	-1.1857430308737094e-06
1225	-1.1857399613290909e-06
1226	-1.1857367780976347e-06
1227	-1.185739051834389e-06
1228	-1.1857489425892709e-06
1229	-1.1857667914227932e-06
1230	-1.185792143587605e-06
1231	-1.1858227253469522e-06
1232	-1.185853875540488e-06
1233	-1.1858812740683788e-06
1234	-1.1859029882543837e-06
1235	-1.1859197002195287e-06
1236	-1.1859332289532176e-06
1237	-1.1859448250106652e-06
1238	-1.1859550568260602e-06
1239	-1.1859635833388893e-06
1240	-1.1859704045491526e-06
1241	-1.185975975204201e-06
1242	-1.1859814321724116e-06
1243	-1.1859887081300258e-06
1244	-1.186000076813798e-06
1245	-1.1860169024657807e-06
1246	-1.1860379345307592e-06
1247	-1.1860594213430886e-06
1248	-1.1860778386107995e-06
1249	-1.1860909125971375e-06
1250	-1.1860989843626157e-06
1251	-1.1861041002703132e-06
1252	-1.1861088751174975e-06
1253	-1.1861150142067345e-06
1254	-1.1861219491038355e-06
1255	-1.1861285429404234e-06
1256	-1.1861341135954717e-06
1257	-1.1861397979373578e-06
1258	-1.1861471875818097e-06
1259	-1.1861578741445555e-06
1260	-1.186172426059784e-06
1261	-1.1861895927722799e-06
1262	-1.1862064184242627e-06
1263	-1.1862191513500875e-06
1264	-1.1862266546813771e-06
1265	-1.186232452710101e-06
1266	-1.186241775030794e-06
1267	-1.1862570090670488e-06
1268	-1.1862766768899746e-06
1269	-1.186298163702304e-06
1270	-1.1863191957672825e-06
1271	-1.1863390909638838e-06
1272	-1.1863572808579192e-06
1273	-1.1863736517625512e-06
1274	-1.1863897952935076e-06
1275	-1.1864067346323282e-06
1276	-1.1864240150316618e-06
1277	-1.1864399311889429e-06
1278	-1.1864526641147677e-06
1279	-1.1864606221934082e-06
1280	-1.1864640327985398e-06
1281	-1.1864657381011057e-06
1282	-1.1864694897667505e-06
1283	-1.1864776752190664e-06
1284	-1.1864902944580535e-06
1285	-1.1865065516758477e-06
1286	-1.1865246278830455e-06
1287	-1.1865425904034055e-06
1288	-1.1865583928738488e-06
1289	-1.1865712394865113e-06
1290	-1.1865811302413931e-06
1291	-1.186588974633196e-06
1292	-1.1865948863487574e-06
1293	-1.1865990927617531e-06
1294	-1.1866027307405602e-06
1295	-1.1866084150824463e-06
1296	-1.186618305837328e-06
1297	-1.1866333124999073e-06
1298	-1.186651843454456e-06
1299	-1.1866709428431932e-06
1300	-1.1866878821820137e-06
1301	-1.186702434097242e-06
1302	-1.1867165312651196e-06
1303	-1.1867309694935102e-06
1304	-1.1867443845403614e-06
1305	-1.1867552984767826e-06
1306	-1.186764166050125e-06
1307	-1.1867729199366295e-06
1308	-1.1867840612467262e-06
1309	-1.1867998637171695e-06
1310	-1.1868203273479594e-06
1311	-1.1868431784023414e-06
1312	-1.1868643241541577e-06
1313	-1.1868808087456273e-06
1314	-1.1868921774293995e-06
1315	-1.186899680760689e-06
1316	-1.186905819849926e-06
1317	-1.1869133231812157e-06
1318	-1.186923782370286e-06
1319	-1.1869371974171372e-06
1320	-1.1869525451402296e-06
1321	-1.1869685749843484e-06
1322	-1.1869841500811162e-06
1323	-1.1869984746226692e-06
1324	-1.1870105254274677e-06
1325	-1.1870197340613231e-06
1326	-1.187027123705775e-06
1327	-1.1870355365317664e-06
1328	-1.1870480420839158e-06
1329	-1.1870652087964118e-06
1330	-1.1870840808114735e-06
1331	-1.1871007927766186e-06
1332	-1.1871129572682548e-06
1333	-1.1871209153468953e-06
1334	-1.187126372315106e-06
1335	-1.1871301239807508e-06
1336	-1.1871334208990447e-06
1337	-1.187138195746229e-06
1338	-1.1871464948853827e-06
1339	-1.1871587730638566e-06
1340	-1.1871742344737868e-06
1341	-1.1871909464389319e-06
1342	-1.1872065215356997e-06
1343	-1.1872187997141737e-06
1344	-1.1872277809743537e-06
1345	-1.1872357390529942e-06
1346	-1.1872452887473628e-06
1347	-1.1872590448547271e-06
1348	-1.1872780305566266e-06
1349	-1.1873019047925482e-06
1350	-1.1873287348862505e-06
1351	-1.1873560197273036e-06
1352	-1.1873809171447647e-06
1353	-1.1874010397150414e-06
1354	-1.187415477943432e-06
1355	-1.1874243455167743e-06
1356	-1.187429006677121e-06
1357	-1.1874311667270376e-06
1358	-1.1874329857164412e-06
1359	-1.1874365100084106e-06
1360	-1.187442876471323e-06
1361	-1.1874521987920161e-06
1362	-1.1874642495968146e-06
1363	-1.1874792562593939e-06
1364	-1.1874966503455653e-06
1365	-1.1875142718054121e-06
1366	-1.1875299605890177e-06
1367	-1.1875432619490311e-06
1368	-1.1875553127538296e-06
1369	-1.1875659993165755e-06
1370	-1.1875738437083783e-06
1371	-1.1875782774950494e-06
1372	-1.1875814607265056e-06
1373	-1.1875869176947162e-06
1374	-1.1875978316311375e-06
1375	-1.187614770969958e-06
1376	-1.1876359167217743e-06
1377	-1.187657630907779e-06
1378	-1.187677639791218e-06
1379	-1.187694806503714e-06
1380	-1.1877090173584293e-06
1381	-1.1877207271027146e-06
1382	-1.1877298220497323e-06
1383	-1.1877369843205088e-06
1384	-1.1877433507834212e-06
1385	-1.1877508541147108e-06
1386	-1.1877605174959172e-06
1387	-1.1877730230480665e-06
1388	-1.1877881433974835e-06
1389	-1.187805537483655e-06
1390	-1.187825091619743e-06
1391	-1.1878462373715593e-06
1392	-1.187867610497051e-06
1393	-1.1878868235726259e-06
1394	-1.1879029671035823e-06
1395	-1.187916609524109e-06
1396	-1.1879283192683943e-06
1397	-1.1879379826496006e-06
1398	-1.187945144920377e-06
1399	-1.1879502608280745e-06
1400	-1.1879560588567983e-06
1401	-1.1879653811774915e-06
1402	-1.187979023598018e-06
1403	-1.1879968724315404e-06
1404	-1.1880176771228435e-06
1405	-1.1880376860062825e-06
1406	-1.1880531474162126e-06
1407	-1.1880619013027172e-06
1408	-1.1880645160999848e-06
1409	-1.1880632655447698e-06
1410	-1.1880612191816908e-06
1411	-1.1880612191816908e-06
1412	-1.1880661077157129e-06
1413	-1.1880783858941868e-06
1414	-1.188097940030275e-06
1415	-1.1881212458320078e-06
1416	-1.1881442105732276e-06
1417	-1.1881643331435043e-06
1418	-1.188181613542838e-06
1419	-1.188196733892255e-06
1420	-1.1882100352522684e-06
1421	-1.188221631309716e-06
1422	-1.1882322041856241e-06
1423	-1.1882418675668305e-06
1424	-1.1882497119586333e-06
1425	-1.1882561921083834e-06
1426	-1.1882638091265108e-06
1427	-1.1882752914971206e-06
1428	-1.188292685583292e-06
1429	-1.188315536637674e-06
1430	-1.1883410024893237e-06
1431	-1.188364535664732e-06
1432	-1.1883830666192807e-06
1433	-1.1883970501003205e-06
1434	-1.1884089872182813e-06
1435	-1.188420128528378e-06
1436	-1.1884304740306106e-06
1437	-1.1884404784723301e-06
1438	-1.1884502555403742e-06
1439	-1.1884600326084183e-06
1440	-1.1884696959896246e-06
1441	-1.1884784498761292e-06
1442	-1.188485498460068e-06
1443	-1.1884916375493049e-06
1444	-1.188498913506919e-06
1445	-1.1885081221407745e-06
1446	-1.1885178992088186e-06
1447	-1.1885267667821608e-06
1448	-1.18853529329499e-06
1449	-1.1885448429893586e-06
1450	-1.1885563253599685e-06
1451	-1.1885701951541705e-06
1452	-1.1885867934324779e-06
1453	-1.1886052107001888e-06
1454	-1.1886239690284128e-06
1455	-1.1886421589224483e-06
1456	-1.188660235129646e-06
1457	-1.1886787660841946e-06
1458	-1.1886962738572038e-06
1459	-1.188710484711919e-06
1460	-1.1887200344062876e-06
1461	-1.1887252640008228e-06
1462	-1.1887277651112527e-06
1463	-1.188730493595358e-06
1464	-1.1887359505635686e-06
1465	-1.1887453865710995e-06
1466	-1.1887585742442752e-06
1467	-1.1887742630278808e-06
1468	-1.18879177080089e-06
1469	-1.188810529129114e-06
1470	-1.1888298558915267e-06
1471	-1.1888486142197507e-06
1472	-1.188865212498058e-06
1473	-1.1888790822922601e-06
1474	-1.1888904509760323e-06
1475	-1.1889006827914272e-06
1476	-1.188910573546309e-06
1477	-1.1889198958670022e-06
1478	-1.1889281950061559e-06
1479	-1.1889366078321473e-06
1480	-1.1889466122738668e-06
1481	-1.1889601410075556e-06
1482	-1.188977989841078e-06
1483	-1.1889998177139205e-06
1484	-1.1890234645761666e-06
1485	-1.1890459745700355e-06
1486	-1.1890646192114218e-06
1487	-1.1890783753187861e-06
1488	-1.189088266073668e-06
1489	-1.1890970199601725e-06
1490	-1.1891072517755674e-06
1491	-1.1891198710145545e-06
1492	-1.189133172374568e-06
1493	-1.1891454505530419e-06
1494	-1.1891557960552745e-06
1495	-1.1891636404470773e-06
1496	-1.1891689837284503e-06
1497	-1.1891720532730687e-06
1498	-1.1891753501913627e-06
1499	-1.189181716654275e-06
1500	-1.1891933127117227e-06
1501	-1.1892096836163546e-06
1502	-1.1892285556314164e-06
1503	-1.1892473139596405e-06
1504	-1.1892644806721364e-06
1505	-1.1892790325873648e-06
1506	-1.1892913107658387e-06
1507	-1.189303020510124e-06
1508	-1.1893163218701375e-06
1509	-1.1893326927747694e-06
1510	-1.1893517921635066e-06
1511	-1.189372028420621e-06
1512	-1.1893902183146565e-06
1513	-1.1894028375536436e-06
1514	-1.1894093177033938e-06
1515	-1.18941250093485e-06
1516	-1.1894159115399816e-06
1517	-1.1894217095687054e-06
1518	-1.1894295539605082e-06
1519	-1.1894385352206882e-06
1520	-1.18944842597557e-06
1521	-1.1894601357198553e-06
1522	-1.1894754834429477e-06
1523	-1.1894944691448472e-06
1524	-1.1895150464624749e-06
1525	-1.1895342595380498e-06
1526	-1.1895493798874668e-06
1527	-1.1895598390765372e-06
1528	-1.1895666602868005e-06
1529	-1.189572572002362e-06
1530	-1.1895796205863007e-06
1531	-1.1895890565938316e-06
1532	-1.1896011073986301e-06
1533	-1.1896148635059944e-06
1534	-1.1896291880475474e-06
1535	-1.1896437399627757e-06
1536	-1.1896592013727059e-06
1537	-1.189674662782636e-06
1538	-1.1896880778294872e-06
1539	-1.1896970590896672e-06
1540	-1.189702061310527e-06
1541	-1.189705699289334e-06
1542	-1.1897112699443824e-06
1543	-1.1897199101440492e-06
1544	-1.1897307103936328e-06
1545	-1.1897425338247558e-06
1546	-1.1897553804374184e-06
1547	-1.1897708418473485e-06
1548	-1.1897905096702743e-06
1549	-1.189813929158845e-06
1550	-1.1898393950104946e-06
1551	-1.1898639513674425e-06
1552	-1.1898845286850701e-06
1553	-1.1898997627213248e-06
1554	-1.1899102219103952e-06
1555	-1.1899181799890357e-06
1556	-1.1899260243808385e-06
1557	-1.1899350056410185e-06
1558	-1.1899452374564135e-06
1559	-1.1899562650796724e-06
1560	-1.189968315884471e-06
1561	-1.1899825267391861e-06
1562	-1.1900008303200593e-06
1563	-1.190023454000766e-06
1564	-1.1900477829840383e-06
1565	-1.1900700656042318e-06
1566	-1.1900868912562146e-06
1567	-1.1900972367584473e-06
1568	-1.1901031484740088e-06
1569	-1.1901064453923027e-06
1570	-1.1901088328158949e-06
1571	-1.190112016047351e-06
1572	-1.1901175867023994e-06
1573	-1.1901266816494172e-06
1574	-1.1901398693225929e-06
1575	-1.1901564676009002e-06
1576	-1.1901742027475848e-06
1577	-1.1901914831469185e-06
1578	-1.1902083087989013e-06
1579	-1.1902246797035332e-06
1580	-1.1902391179319238e-06
1581	-1.1902498044946697e-06
1582	-1.1902565120180952e-06
1583	-1.1902592405022006e-06
1584	-1.1902587857548497e-06
1585	-1.1902577625733102e-06
1586	-1.1902593541890383e-06
1587	-1.1902659480256261e-06
1588	-1.1902785672646132e-06
1589	-1.1902972119059996e-06
1590	-1.1903213135155966e-06
1591	-1.190349280477676e-06
1592	-1.1903778158739442e-06
1593	-1.1904039638466202e-06
1594	-1.1904270422746777e-06
1595	-1.190446937471279e-06
1596	-1.1904639904969372e-06
1597	-1.1904776329174638e-06
1598	-1.1904883194802096e-06
1599	-1.190497187053552e-06
1600	-1.190505713566381e-06
1601	-1.190514694826561e-06
1602	-1.1905233350262279e-06
1603	-1.190530610983842e-06
1604	-1.1905370911335922e-06
1605	-1.1905440260306932e-06
1606	-1.1905520977961714e-06
1607	-1.1905614201168646e-06
1608	-1.1905715382454218e-06
1609	-1.1905827932423563e-06
1610	-1.190595980915532e-06
1611	-1.1906107602044358e-06
1612	-1.1906247436854756e-06
1613	-1.1906348618140328e-06
1614	-1.1906399777217302e-06
1615	-1.1906412282769452e-06
1616	-1.190641341963783e-06
1617	-1.1906442978215637e-06
1618	-1.1906537338290946e-06
1619	-1.1906707868547528e-06
1620	-1.1906936379091348e-06
1621	-1.1907181942660827e-06
1622	-1.1907405905731139e-06
1623	-1.1907582120329607e-06
1624	-1.1907721955140005e-06
1625	-1.190785496874014e-06
1626	-1.1907999351024046e-06
1627	-1.1908143733307952e-06
1628	-1.1908269925697823e-06
1629	-1.190838133879879e-06
1630	-1.1908497299373266e-06
1631	-1.1908640544788796e-06
1632	-1.1908813348782132e-06
1633	-1.190900206893275e-06
1634	-1.1909187378478236e-06
1635	-1.1909357908734819e-06
1636	-1.190951252283412e-06
1637	-1.1909646673302632e-06
1638	-1.1909759223271976e-06
1639	-1.1909856993952417e-06
1640	-1.1909942259080708e-06
1641	-1.191002297673549e-06
1642	-1.1910105968127027e-06
1643	-1.1910201465070713e-06
1644	-1.191031287817168e-06
1645	-1.1910444754903438e-06
1646	-1.1910595958397607e-06
1647	-1.1910744888155023e-06
1648	-1.1910857438124367e-06
1649	-1.1910923376490246e-06
1650	-1.1910956345673185e-06
1651	-1.1910991588592879e-06
1652	-1.1911063211300643e-06
1653	-1.1911189403690514e-06
1654	-1.191135879707872e-06
1655	-1.191153842228232e-06
1656	-1.1911703268197016e-06
1657	-1.1911847650480922e-06
1658	-1.191197497973917e-06
1659	-1.1912098898392287e-06
1660	-1.1912226227650535e-06
1661	-1.1912352420040406e-06
1662	-1.1912466106878128e-06
1663	-1.1912552508874796e-06
1664	-1.1912610489162034e-06
1665	-1.1912654827028746e-06
1666	-1.1912711670447607e-06
1667	-1.1912813988601556e-06
1668	-1.191297542391112e-06
1669	-1.191318801829766e-06
1670	-1.1913424486920121e-06
1671	-1.1913654134332319e-06
1672	-1.1913850812561577e-06
1673	-1.1913997468582238e-06
1674	-1.1914100923604565e-06
1675	-1.191418846246961e-06
1676	-1.191429078062356e-06
1677	-1.191442152048694e-06
1678	-1.1914559081560583e-06
1679	-1.1914667084056418e-06
1680	-1.1914729611817165e-06
1681	-1.191476485473686e-06
1682	-1.1914812603208702e-06
1683	-1.1914922879441292e-06
1684	-1.1915118420802173e-06
1685	-1.191538103739731e-06
1686	-1.1915661843886483e-06
1687	-1.1915898312508943e-06
1688	-1.1916044968529604e-06
1689	-1.1916093853869825e-06
1690	-1.1916074527107412e-06
1691	-1.1916031326109078e-06
1692	-1.1916002904399647e-06
1693	-1.1916018820556928e-06
1694	-1.1916090443264693e-06
1695	-1.1916213225049432e-06
1696	-1.191636556541198e-06
1697	-1.1916523590116412e-06
1698	-1.1916672519873828e-06
1699	-1.1916815765289357e-06
1700	-1.1916966968783527e-06
1701	-1.1917131814698223e-06
1702	-1.1917290976271033e-06
1703	-1.191742285300279e-06
1704	-1.1917529718630249e-06
1705	-1.1917641131731216e-06
1706	-1.1917788924620254e-06
1707	-1.1917990150323021e-06
1708	-1.1918241398234386e-06
1709	-1.1918519930986804e-06
1710	-1.1918788231923827e-06
1711	-1.1919013331862516e-06
1712	-1.1919190683329361e-06
1713	-1.1919337339350022e-06
1714	-1.1919474900423666e-06
1715	-1.191961587210244e-06
1716	-1.1919756843781215e-06
1717	-1.1919873941224068e-06
1718	-1.1919952385142096e-06
1719	-1.1920001270482317e-06
1720	-1.192004447148065e-06
1721	-1.1920103588636266e-06
1722	-1.1920191127501312e-06
1723	-1.192031049868092e-06
1724	-1.1920442375412676e-06
1725	-1.1920562883460661e-06
1726	-1.1920668612219742e-06
1727	-1.1920773204110446e-06
1728	-1.1920892575290054e-06
1729	-1.1921026725758566e-06
1730	-1.1921162013095454e-06
1731	-1.1921284794880194e-06
1732	-1.1921393934244406e-06
1733	-1.1921492841793224e-06
1734	-1.1921584928131779e-06
1735	-1.1921674740733579e-06
1736	-1.1921782743229414e-06
1737	-1.192193167298683e-06
1738	-1.1922121530005825e-06
1739	-1.192233185065561e-06
1740	-1.1922537623831886e-06
1741	-1.192272407024575e-06
1742	-1.1922882094950182e-06
1743	-1.1923008287340053e-06
1744	-1.1923102647415362e-06
1745	-1.1923183365070145e-06
1746	-1.192327886201383e-06
1747	-1.1923415286219097e-06
1748	-1.1923600595764583e-06
1749	-1.1923817737624631e-06
1750	-1.1924036016353057e-06
1751	-1.1924215641556657e-06
1752	-1.1924323644052492e-06
1753	-1.1924364571314072e-06
1754	-1.192438617181324e-06
1755	-1.1924445288968855e-06
1756	-1.1924563523280085e-06
1757	-1.1924723821721273e-06
1758	-1.192490458379325e-06
1759	-1.1925091030207113e-06
1760	-1.1925270655410714e-06
1761	-1.1925432090720278e-06
1762	-1.1925568514925544e-06
1763	-1.1925678791158134e-06
1764	-1.1925769740628311e-06
1765	-1.1925852732019848e-06
1766	-1.1925932312806253e-06
1767	-1.19260198516713e-06
1768	-1.1926119896088494e-06
1769	-1.1926229035452707e-06
1770	-1.1926334764211788e-06
1771	-1.1926424576813588e-06
1772	-1.1926496199521353e-06
1773	-1.1926555316676968e-06
1774	-1.1926617844437715e-06
1775	-1.1926699698960874e-06
1776	-1.1926808838325087e-06
1777	-1.1926941851925221e-06
1778	-1.1927095329156145e-06
1779	-1.1927260175070842e-06
1780	-1.1927404557354748e-06
1781	-1.1927494369956548e-06
1782	-1.192752620227111e-06
1783	-1.1927539844691637e-06
1784	-1.192759555124212e-06
1785	-1.1927731975447387e-06
1786	-1.192795480164932e-06
1787	-1.1928229923796607e-06
1788	-1.1928508456549025e-06
1789	-1.1928758567592013e-06
1790	-1.192897229884693e-06
1791	-1.1929149650313775e-06
1792	-1.1929304264413076e-06
1793	-1.1929442962355097e-06
1794	-1.1929573702218477e-06
1795	-1.1929701031476725e-06
1796	-1.1929827223866596e-06
1797	-1.1929950005651335e-06
1798	-1.193006255562068e-06
1799	-1.1930155778827611e-06
1800	-1.1930225127798622e-06
1801	-1.1930274013138842e-06
1802	-1.1930326309084194e-06
1803	-1.1930417258554371e-06
1804	-1.1930563914575032e-06
1805	-1.1930756045330781e-06
1806	-1.1930958407901926e-06
1807	-1.1931135759368772e-06
1808	-1.1931266499232152e-06
1809	-1.1931351764360443e-06
1810	-1.1931402923437417e-06
1811	-1.1931440440093866e-06
1812	-1.1931492736039218e-06
1813	-1.1931587096114527e-06
1814	-1.1931730341530056e-06
1815	-1.1931902008655015e-06
1816	-1.1932067991438089e-06
1817	-1.1932205552511732e-06
1818	-1.1932306733797304e-06
1819	-1.1932380630241823e-06
1820	-1.193244315800257e-06
1821	-1.1932509096368449e-06
1822	-1.1932590950891608e-06
1823	-1.193269213217718e-06
1824	-1.1932798997804639e-06
1825	-1.1932908137168852e-06
1826	-1.1933037740163854e-06
1827	-1.1933212817893946e-06
1828	-1.1933439054701012e-06
1829	-1.1933700534427771e-06
1830	-1.1933964287891285e-06
1831	-1.1934189387829974e-06
1832	-1.1934348549402785e-06
1833	-1.193444404634647e-06
1834	-1.1934502026633709e-06
1835	-1.193455432257906e-06
1836	-1.1934635040233843e-06
1837	-1.193475100080832e-06
1838	-1.1934882877540076e-06
1839	-1.193500793306157e-06
1840	-1.1935123893636046e-06
1841	-1.1935243264815654e-06
1842	-1.193536718346877e-06
1843	-1.193548996525351e-06
1844	-1.1935599104617722e-06
1845	-1.1935693464693031e-06
1846	-1.1935776456084568e-06
1847	-1.193586513181799e-06
1848	-1.193597995552409e-06
1849	-1.1936120927202865e-06
1850	-1.1936278951907298e-06
1851	-1.1936451755900634e-06
1852	-1.1936654118471779e-06
1853	-1.1936884902752354e-06
1854	-1.1937121371374815e-06
1855	-1.1937324870814336e-06
1856	-1.1937466979361488e-06
1857	-1.1937549970753025e-06
1858	-1.1937597719224868e-06
1859	-1.1937640920223203e-06
1860	-1.193770344798395e-06
1861	-1.1937795534322504e-06
1862	-1.1937913768633734e-06
1863	-1.1938043371628737e-06
1864	-1.1938176385228871e-06
1865	-1.1938318493776023e-06
1866	-1.193847538161208e-06
1867	-1.1938645911868662e-06
1868	-1.193881416838849e-06
1869	-1.1938971056224545e-06
1870	-1.1939117712245206e-06
1871	-1.1939260957660736e-06
1872	-1.1939399655602756e-06
1873	-1.19395372166764e-06
1874	-1.1939673640881665e-06
1875	-1.1939805517613422e-06
1876	-1.193992488879303e-06
1877	-1.1940031754420488e-06
1878	-1.1940131798837683e-06
1879	-1.194024321193865e-06
1880	-1.1940376225538785e-06
1881	-1.1940527429032954e-06
1882	-1.194068886434252e-06
1883	-1.1940844615310198e-06
1884	-1.1940983313252218e-06
1885	-1.1941093589484808e-06
1886	-1.1941177717744722e-06
1887	-1.194124820358411e-06
1888	-1.1941314141949988e-06
1889	-1.1941385764657753e-06
1890	-1.1941481261601439e-06
1891	-1.1941613138333196e-06
1892	-1.1941770026169252e-06
1893	-1.194193373521557e-06
1894	-1.1942088349314872e-06
1895	-1.1942232731598779e-06
1896	-1.1942372566409176e-06
1897	-1.194251353808795e-06
1898	-1.1942655646635103e-06
1899	-1.194279207084037e-06
1900	-1.1942913715756731e-06
1901	-1.194301603391068e-06
1902	-1.1943104709644103e-06
1903	-1.194319224850915e-06
1904	-1.1943295703531476e-06
1905	-1.1943435538341873e-06
1906	-1.1943623121624114e-06
1907	-1.1943840263484162e-06
1908	-1.1944047173528816e-06
1909	-1.1944201787628117e-06
1910	-1.19442825052829e-06
1911	-1.1944316611334216e-06
1912	-1.1944358675464173e-06
1913	-1.194445417240786e-06
1914	-1.1944615607717424e-06
1915	-1.1944828202103963e-06
1916	-1.1945058986384538e-06
1917	-1.1945271580771077e-06
1918	-1.1945444384764414e-06
1919	-1.1945576261496171e-06
1920	-1.1945686537728761e-06
1921	-1.1945791129619465e-06
1922	-1.1945892310905037e-06
1923	-1.1945990081585478e-06
1924	-1.1946077620450524e-06
1925	-1.1946149243158288e-06
1926	-1.1946203812840395e-06
1927	-1.194625042444386e-06
1928	-1.1946306130994344e-06
1929	-1.1946383438043995e-06
1930	-1.1946473250645795e-06
1931	-1.1946572158194613e-06
1932	-1.1946686981900712e-06
1933	-1.1946824542974355e-06
1934	-1.1946988252020674e-06
1935	-1.194717356156616e-06
1936	-1.1947370239795418e-06
1937	-1.1947562370551168e-06
1938	-1.1947738585149636e-06
1939	-1.1947894336117315e-06
1940	-1.1948019391638809e-06
1941	-1.1948100109293591e-06
1942	-1.1948135352213285e-06
1943	-1.194814558402868e-06
1944	-1.194815808958083e-06
1945	-1.1948203564315918e-06
1946	-1.1948302471864736e-06
1947	-1.1948470728384564e-06
1948	-1.194871288134891e-06
1949	-1.1949014151468873e-06
1950	-1.1949334748351248e-06
1951	-1.1949621239182306e-06
1952	-1.1949831559832091e-06
1953	-1.1949960025958717e-06
1954	-1.1950025964324595e-06
1955	-1.1950055522902403e-06
1956	-1.1950078260269947e-06
1957	-1.1950120324399904e-06
1958	-1.1950194220844423e-06
1959	-1.1950301086471882e-06
1960	-1.1950442058150657e-06
1961	-1.1950614862143993e-06
1962	-1.1950804719162988e-06
1963	-1.1950996849918738e-06
1964	-1.1951181022595847e-06
1965	-1.1951342457905412e-06
1966	-1.1951466376558528e-06
1967	-1.1951555052291951e-06
1968	-1.1951625538131339e-06
1969	-1.1951703982049366e-06
1970	-1.1951797205256298e-06
1971	-1.1951897249673493e-06
1972	-1.1951981377933407e-06
1973	-1.1952045042562531e-06
1974	-1.1952101885981392e-06
1975	-1.195218032989942e-06
1976	-1.1952300837947405e-06
1977	-1.195247477880912e-06
1978	-1.1952681688853772e-06
1979	-1.195287836708303e-06
1980	-1.1953030707445578e-06
1981	-1.1953142120546545e-06
1982	-1.19532342068851e-06
1983	-1.195333197756554e-06
1984	-1.195345021187677e-06
1985	-1.195358549921366e-06
1986	-1.1953729881497566e-06
1987	-1.1953871990044718e-06
1988	-1.1954003866776475e-06
1989	-1.19541323329031e-06
1990	-1.1954274441450252e-06
1991	-1.1954438150496571e-06
1992	-1.1954618912568549e-06
1993	-1.195480194837728e-06
1994	-1.1954972478633863e-06
1995	-1.1955121408391278e-06
1996	-1.1955252148254658e-06
1997	-1.195537834064453e-06
1998	-1.1955513627981418e-06
1999	-1.195565573652857e-06
2000	-1.1955789886997081e-06
2001	-1.1955902436966426e-06
2002	-1.1956001344515244e-06
2003	-1.1956105936405947e-06
2004	-1.1956232128795818e-06
2005	-1.1956375374211348e-06
2006	-1.1956522030232009e-06
2007	-1.1956653906963766e-06
2008	-1.1956752814512583e-06
2009	-1.1956808521063067e-06
2010	-1.1956831258430611e-06
2011	-1.1956849448324647e-06
2012	-1.1956894923059735e-06
2013	-1.1956988146266667e-06
2014	-1.1957139349760837e-06
2015	-1.1957343986068736e-06
2016	-1.1957575907217688e-06
2017	-1.1957805554629886e-06
2018	-1.1958004506595898e-06
2019	-1.1958156846958445e-06
2020	-1.1958262575717526e-06
2021	-1.1958335335293668e-06
2022	-1.1958380810028757e-06
2023	-1.1958406958001433e-06
2024	-1.1958435379710863e-06
2025	-1.1958504728681874e-06
2026	-1.1958635468545253e-06
2027	-1.195882077809074e-06
2028	-1.1959037919950788e-06
2029	-1.1959266430494608e-06
2030	-1.195949835164356e-06
2031	-1.195972345158225e-06
2032	-1.1959925814153394e-06
2033	-1.1960087249462958e-06
2034	-1.196020889437932e-06
2035	-1.1960306665059761e-06
2036	-1.1960403298871825e-06
2037	-1.1960510164499283e-06
2038	-1.1960620440731873e-06
2039	-1.1960720485149068e-06
2040	-1.1960803476540605e-06
2041	-1.1960876236116746e-06
2042	-1.1960954680034774e-06
2043	-1.1961049040110083e-06
2044	-1.1961158179474296e-06
2045	-1.196127868752228e-06
2046	-1.1961408290517284e-06
2047	-1.1961539030380663e-06
2048	-1.1961667496507289e-06
2049	-1.1961786867686897e-06
2050	-1.1961892596445978e-06
2051	-1.1961988093389664e-06
2052	-1.1962080179728218e-06
2053	-1.196217340293515e-06
2054	-1.196227117361559e-06
2055	-1.1962389407926821e-06
2056	-1.1962544022026123e-06
2057	-1.1962728194703232e-06
2058	-1.196291236738034e-06
2059	-1.1963066981479642e-06
2060	-1.1963177257712232e-06
2061	-1.196325115415675e-06
2062	-1.1963306860707235e-06
2063	-1.1963360293520964e-06
2064	-1.1963433053097106e-06
2065	-1.196354560306645e-06
2066	-1.1963703627770883e-06
2067	-1.1963898032263387e-06
2068	-1.1964116310991812e-06
2069	-1.1964348232140765e-06
2070	-1.1964576742684585e-06
2071	-1.1964783652729238e-06
2072	-1.1964947361775558e-06
2073	-1.196506104861328e-06
2074	-1.1965136081926175e-06
2075	-1.1965203157160431e-06
2076	-1.1965283874815213e-06
2077	-1.1965386192969163e-06
2078	-1.1965496469201753e-06
2079	-1.1965603334829211e-06
2080	-1.196570224237803e-06
2081	-1.1965806834268733e-06
2082	-1.1965928479185095e-06
2083	-1.1966072861469002e-06
2084	-1.1966225201831548e-06
2085	-1.1966368447247078e-06
2086	-1.1966499187110458e-06
2087	-1.1966631063842215e-06
2088	-1.1966765214310726e-06
2089	-1.1966893680437352e-06
2090	-1.1967018735958845e-06
2091	-1.1967157433900866e-06
2092	-1.1967321142947185e-06
2093	-1.1967493946940522e-06
2094	-1.196765424538171e-06
2095	-1.1967797490797238e-06
2096	-1.1967921409450355e-06
2097	-1.1968022590735927e-06
2098	-1.196809535031207e-06
2099	-1.196814423565229e-06
2100	-1.1968181752308737e-06
2101	-1.1968220405833563e-06
2102	-1.196827042804216e-06
2103	-1.1968338640144793e-06
2104	-1.1968435273956857e-06
2105	-1.1968581929977518e-06
2106	-1.1968782018811908e-06
2107	-1.1969008255618974e-06
2108	-1.196920948132174e-06
2109	-1.1969362958552665e-06
2110	-1.1969489150942536e-06
2111	-1.1969618753937539e-06
2112	-1.1969758588747936e-06
2113	-1.1969895012953202e-06
2114	-1.197002234221145e-06
2115	-1.1970148534601321e-06
2116	-1.1970282685069833e-06
2117	-1.197042706735374e-06
2118	-1.1970579407716286e-06
2119	-1.1970735158683965e-06
2120	-1.1970887499046512e-06
2121	-1.1971030744462041e-06
2122	-1.197115352624678e-06
2123	-1.1971253570663976e-06
2124	-1.1971342246397398e-06
2125	-1.1971442290814593e-06
2126	-1.1971570756941219e-06
2127	-1.1971716276093503e-06
2128	-1.1971861795245786e-06
2129	-1.197200276692456e-06
2130	-1.197213805426145e-06
2131	-1.1972266520388075e-06
2132	-1.1972383617830928e-06
2133	-1.1972496167800273e-06
2134	-1.197261553897988e-06
2135	-1.19727542369219e-06
2136	-1.197290998788958e-06
2137	-1.1973074833804276e-06
2138	-1.1973237405982218e-06
2139	-1.1973385198871256e-06
2140	-1.1973511391261127e-06
2141	-1.1973619393756962e-06
2142	-1.1973711480095517e-06
2143	-1.1973783102803282e-06
2144	-1.1973844493695651e-06
2145	-1.1973919527008547e-06
2146	-1.1974035487583023e-06
2147	-1.1974193512287457e-06
2148	-1.1974377684964566e-06
2149	-1.197456754198356e-06
2150	-1.1974753988397424e-06
2151	-1.1974941571679665e-06
2152	-1.1975146207987564e-06
2153	-1.1975366760452744e-06
2154	-1.197558049170766e-06
2155	-1.1975751021964243e-06
2156	-1.1975852203249815e-06
2157	-1.1975886309301131e-06
2158	-1.1975891993643017e-06
2159	-1.1975921552220825e-06
2160	-1.1976012501691002e-06
2161	-1.1976159157711663e-06
2162	-1.1976321729889605e-06
2163	-1.1976460427831626e-06
2164	-1.1976566156590707e-06
2165	-1.1976653695455752e-06
2166	-1.1976749192399438e-06
2167	-1.1976869700447423e-06
2168	-1.1977008398389444e-06
2169	-1.1977148233199841e-06
2170	-1.197727556245809e-06
2171	-1.1977388112427434e-06
2172	-1.1977502936133533e-06
2173	-1.1977641634075553e-06
2174	-1.1977808753727004e-06
2175	-1.1977989515798981e-06
2176	-1.1978174825344468e-06
2177	-1.1978356724284822e-06
2178	-1.1978523843936273e-06
2179	-1.1978665952483425e-06
2180	-1.1978769407505752e-06
2181	-1.1978825114056235e-06
2182	-1.197883989334514e-06
2183	-1.1978845577687025e-06
2184	-1.1978894463027245e-06
2185	-1.1979017244811985e-06
2186	-1.1979204828094225e-06
2187	-1.1979414011875633e-06
2188	-1.1979601595157874e-06
2189	-1.1979755072388798e-06
2190	-1.1979894907199196e-06
2191	-1.1980041563219856e-06
2192	-1.198020754600293e-06
2193	-1.1980389444943285e-06
2194	-1.1980578165093902e-06
2195	-1.1980765748376143e-06
2196	-1.1980947647316498e-06
2197	-1.1981107945757685e-06
2198	-1.1981218221990275e-06
2199	-1.198126142298861e-06
2200	-1.1981260286120232e-06
2201	-1.1981264833593741e-06
2202	-1.1981321677012602e-06
2203	-1.1981451280007605e-06
2204	-1.1981646821368486e-06
2205	-1.1981881016254192e-06
2206	-1.1982120895481785e-06
2207	-1.1982338037341833e-06
2208	-1.1982519936282188e-06
2209	-1.1982663181697717e-06
2210	-1.1982768910456798e-06
2211	-1.198284167003294e-06
2212	-1.1982891692241537e-06
2213	-1.1982933756371494e-06
2214	-1.1982976957369829e-06
2215	-1.1983028116446803e-06
2216	-1.1983089507339173e-06
2217	-1.198315999317856e-06
2218	-1.1983244121438474e-06
2219	-1.1983345302724047e-06
2220	-1.19834624001669e-06
2221	-1.1983579497609753e-06
2222	-1.198367840515857e-06
2223	-1.1983761396550108e-06
2224	-1.1983852346020285e-06
2225	-1.1983984222752042e-06
2226	-1.1984176353507792e-06
2227	-1.1984425327682402e-06
2228	-1.1984697039224557e-06
2229	-1.1984956245214562e-06
2230	-1.1985180208284874e-06
2231	-1.1985363244093605e-06
2232	-1.1985518995061284e-06
2233	-1.1985661103608436e-06
2234	-1.198579411720857e-06
2235	-1.1985915762124932e-06
2236	-1.1986016943410505e-06
2237	-1.198608856611827e-06
2238	-1.1986135177721735e-06
2239	-1.1986180652456824e-06
2240	-1.198625568576972e-06
2241	-1.1986363688265556e-06
2242	-1.1986485333181918e-06
2243	-1.1986613799308543e-06
2244	-1.198675022351381e-06
2245	-1.1986899153271224e-06
2246	-1.1987051493633771e-06
2247	-1.1987198149654432e-06
2248	-1.1987327752649435e-06
2249	-1.1987438028882025e-06
2250	-1.1987528978352202e-06
2251	-1.1987611969743739e-06
2252	-1.198770178234554e-06
2253	-1.1987812058578129e-06
2254	-1.1987938250968e-06
2255	-1.1988070127699757e-06
2256	-1.198819973069476e-06
2257	-1.1988333881163271e-06
2258	-1.1988475989710423e-06
2259	-1.1988621508862707e-06
2260	-1.1988762480541482e-06
2261	-1.1988895494141616e-06
2262	-1.198901259158447e-06
2263	-1.1989109225396533e-06
2264	-1.1989186532446183e-06
2265	-1.1989254744548816e-06
2266	-1.1989321819783072e-06
2267	-1.19894002637011e-06
2268	-1.1989517361143953e-06
2269	-1.1989689028268913e-06
2270	-1.198990275952383e-06
2271	-1.1990121038252255e-06
2272	-1.1990309758402873e-06
2273	-1.199045414068678e-06
2274	-1.1990565553787746e-06
2275	-1.1990661050731433e-06
2276	-1.1990750863333233e-06
2277	-1.1990840675935033e-06
2278	-1.1990935036010342e-06
2279	-1.1991038491032668e-06
2280	-1.1991157862212276e-06
2281	-1.199130338136456e-06
2282	-1.1991481869699783e-06
2283	-1.1991684232270927e-06
2284	-1.1991885457973694e-06
2285	-1.1992057125098654e-06
2286	-1.1992191275567166e-06
2287	-1.199230382553651e-06
2288	-1.1992423196716118e-06
2289	-1.1992566442131647e-06
2290	-1.1992729014309589e-06
2291	-1.1992893860224285e-06
2292	-1.1993049611191964e-06
2293	-1.1993200814686134e-06
2294	-1.1993355428785435e-06
2295	-1.199350890601636e-06
2296	-1.199363509840623e-06
2297	-1.1993723774139653e-06
2298	-1.1993791986242286e-06
2299	-1.1993860198344919e-06
2300	-1.1993931821052684e-06
2301	-1.1994000033155316e-06
2302	-1.1994058013442555e-06
2303	-1.1994115993729793e-06
2304	-1.1994192163911066e-06
2305	-1.1994297892670147e-06
2306	-1.199442749566515e-06
2307	-1.199457869915932e-06
2308	-1.1994760598099674e-06
2309	-1.1994983424301608e-06
2310	-1.1995230124739464e-06
2311	-1.1995472277703811e-06
2312	-1.1995682598353596e-06
2313	-1.1995850854873424e-06
2314	-1.1995967952316278e-06
2315	-1.199604071189242e-06
2316	-1.1996094144706149e-06
2317	-1.1996155535598518e-06
2318	-1.19962362532533e-06
2319	-1.1996328339591855e-06
2320	-1.1996424973403919e-06
2321	-1.1996535249636509e-06
2322	-1.1996688726867433e-06
2323	-1.1996894500043709e-06
2324	-1.1997125284324284e-06
2325	-1.1997329920632183e-06
2326	-1.1997475439784466e-06
2327	-1.1997560704912758e-06
2328	-1.1997610727121355e-06
2329	-1.199765733872482e-06
2330	-1.1997730098300963e-06
2331	-1.1997846058875439e-06
2332	-1.1998010904790135e-06
2333	-1.1998210993624525e-06
2334	-1.1998419040537556e-06
2335	-1.1998598665741156e-06
2336	-1.1998729405604536e-06
2337	-1.1998823765679845e-06
2338	-1.1998922673228662e-06
2339	-1.1999053413092042e-06
2340	-1.1999206890322967e-06
2341	-1.1999345588264987e-06
2342	-1.1999441085208673e-06
2343	-1.1999505886706174e-06
2344	-1.1999576372545562e-06
2345	-1.1999685511909775e-06
2346	-1.1999844673482585e-06
2347	-1.2000048172922106e-06
2348	-1.200027554659755e-06
2349	-1.2000500646536238e-06
2350	-1.2000706419712515e-06
2351	-1.200088377117936e-06
2352	-1.200103952214704e-06
2353	-1.2001192999377963e-06
2354	-1.2001363529634546e-06
2355	-1.200154997604841e-06
2356	-1.2001723916910123e-06
2357	-1.2001859204247012e-06
2358	-1.2001952427453944e-06
2359	-1.2002021776424954e-06
2360	-1.2002089988527587e-06
2361	-1.2002176390524255e-06
2362	-1.2002283256151713e-06
2363	-1.2002404901068076e-06
2364	-1.200252540911606e-06
2365	-1.2002641369690537e-06
2366	-1.2002757330265013e-06
2367	-1.2002877838312997e-06
2368	-1.2002996072624228e-06
2369	-1.2003110896330327e-06
2370	-1.2003229130641557e-06
2371	-1.200335873363656e-06
2372	-1.2003494020973449e-06
2373	-1.200361566588981e-06
2374	-1.2003714573438629e-06
2375	-1.2003796427961788e-06
2376	-1.2003879419353325e-06
2377	-1.200397946377052e-06
2378	-1.2004093150608242e-06
2379	-1.2004202289972454e-06
2380	-1.2004298923784518e-06
2381	-1.2004384188912809e-06
2382	-1.2004467180304346e-06
2383	-1.2004547897959128e-06
2384	-1.2004639984297683e-06
2385	-1.2004762766082422e-06
2386	-1.2004935570075759e-06
2387	-1.2005145890725544e-06
2388	-1.2005353937638574e-06
2389	-1.200553924718406e-06
2390	-1.2005701819362002e-06
2391	-1.2005855296592927e-06
2392	-1.200600081574521e-06
2393	-1.2006134966213722e-06
2394	-1.2006257747998461e-06
2395	-1.2006368024231051e-06
2396	-1.2006471479253378e-06
2397	-1.2006578344880836e-06
2398	-1.2006702263533953e-06
2399	-1.2006843235212727e-06
2400	-1.2006989891233388e-06
2401	-1.2007127452307031e-06
2402	-1.200725478156528e-06
2403	-1.2007378700218396e-06
2404	-1.200750375573989e-06
2405	-1.2007623126919498e-06
2406	-1.2007739087493974e-06
2407	-1.2007852774331695e-06
2408	-1.200796532430104e-06
2409	-1.2008072189928498e-06
2410	-1.200818132929271e-06
2411	-1.2008306384814205e-06
2412	-1.2008451903966488e-06
2413	-1.2008616749881185e-06
2414	-1.200879864882154e-06
2415	-1.2008996463919175e-06
2416	-1.2009201100227074e-06
2417	-1.2009389820377692e-06
2418	-1.2009539887003484e-06
2419	-1.200963538394717e-06
2420	-1.2009689953629277e-06
2421	-1.2009728607154102e-06
2422	-1.2009763850073796e-06
2423	-1.200979909299349e-06
2424	-1.2009841157123446e-06
2425	-1.200990482175257e-06
2426	-1.2009998044959502e-06
2427	-1.2010120826744242e-06
2428	-1.2010267482764903e-06
2429	-1.2010431191811222e-06
2430	-1.201060740640969e-06
2431	-1.2010789305350045e-06
2432	-1.2010970067422022e-06
2433	-1.2011144008283736e-06
2434	-1.2011307717330055e-06
2435	-1.2011464605166111e-06
2436	-1.2011622629870544e-06
2437	-1.2011782928311732e-06
2438	-1.201194322675292e-06
2439	-1.2012096703983843e-06
2440	-1.2012237675662618e-06
2441	-1.201236727865762e-06
2442	-1.2012492334179115e-06
2443	-1.2012625347779249e-06
2444	-1.2012769730063155e-06
2445	-1.2012912975478685e-06
2446	-1.2013031209789915e-06
2447	-1.2013108516839566e-06
2448	-1.20131517178379e-06
2449	-1.2013183550152462e-06
2450	-1.2013230161755928e-06
2451	-1.2013314290015842e-06
2452	-1.2013442756142467e-06
2453	-1.2013623518214445e-06
2454	-1.2013856576231774e-06
2455	-1.2014129424642306e-06
2456	-1.2014412504868233e-06
2457	-1.2014659205306089e-06
2458	-1.2014828598694294e-06
2459	-1.2014901358270436e-06
2460	-1.2014877484034514e-06
2461	-1.2014783123959205e-06
2462	-1.2014669437121483e-06
2463	-1.2014594403808587e-06
2464	-1.2014595540676964e-06
2465	-1.2014680805805256e-06
2466	-1.2014832009299425e-06
2467	-1.201502186631842e-06
2468	-1.2015233323836583e-06
2469	-1.201545501317014e-06
2470	-1.2015681249977206e-06
2471	-1.2015914307994535e-06
2472	-1.2016156460958882e-06
2473	-1.2016409982607001e-06
2474	-1.2016662367386743e-06
2475	-1.2016902246614336e-06
2476	-1.2017113704132498e-06
2477	-1.2017275139442063e-06
2478	-1.2017367225780617e-06
2479	-1.2017408153042197e-06
2480	-1.201744339596189e-06
2481	-1.201750478685426e-06
2482	-1.2017602557534701e-06
2483	-1.2017736708003213e-06
2484	-1.201790155391791e-06
2485	-1.201808117912151e-06
2486	-1.2018252846246469e-06
2487	-1.2018393817925244e-06
2488	-1.2018491588605684e-06
2489	-1.2018543884551036e-06
2490	-1.2018573443128844e-06
2491	-1.2018623465337441e-06
2492	-1.2018724646623014e-06
2493	-1.2018882671327447e-06
2494	-1.201908162329346e-06
2495	-1.2019283985864604e-06
2496	-1.2019446558042546e-06
2497	-1.2019561381748645e-06
2498	-1.201965687869233e-06
2499	-1.2019766018056544e-06
2500	-1.2019891073578037e-06
2501	-1.2020017265967908e-06
2502	-1.2020129815937253e-06
2503	-1.202022076540743e-06
2504	-1.2020287840641686e-06
2505	-1.2020350368402433e-06
2506	-1.2020443591609364e-06
2507	-1.202060047944542e-06
2508	-1.2020817621305468e-06
2509	-1.2021065458611702e-06
2510	-1.2021301927234163e-06
2511	-1.2021494057989912e-06
2512	-1.20216293453268e-06
2513	-1.2021714610455092e-06
2514	-1.2021778275084216e-06
2515	-1.202186240334413e-06
2516	-1.2021994280075887e-06
2517	-1.2022169357805979e-06
2518	-1.2022358077956596e-06
2519	-1.2022526334476424e-06
2520	-1.2022659348076559e-06
2521	-1.202276052936213e-06
2522	-1.202284238388529e-06
2523	-1.2022920827803318e-06
2524	-1.202301405101025e-06
2525	-1.2023127737847972e-06
2526	-1.2023251656501088e-06
2527	-1.2023375575154205e-06
2528	-1.2023497220070567e-06
2529	-1.2023613180645043e-06
2530	-1.2023717772535747e-06
2531	-1.2023808722005924e-06
2532	-1.2023893987134215e-06
2533	-1.202399403155141e-06
2534	-1.2024131592625054e-06
2535	-1.2024315765302163e-06
2536	-1.2024540865240851e-06
2537	-1.2024783018205198e-06
2538	-1.2025003570670378e-06
2539	-1.2025171827190206e-06
2540	-1.2025283240291174e-06
2541	-1.2025359410472447e-06
2542	-1.2025432170048589e-06
2543	-1.2025520845782012e-06
2544	-1.2025634532619733e-06
2545	-1.2025768683088245e-06
2546	-1.2025921023450792e-06
2547	-1.2026094964312506e-06
2548	-1.2026290505673387e-06
2549	-1.2026488320771023e-06
2550	-1.2026657714159228e-06
2551	-1.2026782769680722e-06
2552	-1.20268737191509e-06
2553	-1.2026953299937304e-06
2554	-1.2027029470118578e-06
2555	-1.2027099955957965e-06
2556	-1.202716362058709e-06
2557	-1.2027226148347836e-06
2558	-1.2027293223582092e-06
2559	-1.2027370530631742e-06
2560	-1.2027459206365165e-06
2561	-1.2027568345729378e-06
2562	-1.2027715001750039e-06
2563	-1.2027901448163902e-06
2564	-1.2028107221340179e-06
2565	-1.2028306173306191e-06
2566	-1.2028480114167905e-06
2567	-1.2028609717162908e-06
2568	-1.2028683613607427e-06
2569	-1.2028717719658744e-06
2570	-1.2028746141368174e-06
2571	-1.202880071105028e-06
2572	-1.202890302920423e-06
2573	-1.2029061053908663e-06
2574	-1.2029256595269544e-06
2575	-1.2029456684103934e-06
2576	-1.2029632898702403e-06
2577	-1.20297727335128e-06
2578	-1.2029871641061618e-06
2579	-1.2029943263769383e-06
2580	-1.2030010339003638e-06
2581	-1.203009105665842e-06
2582	-1.2030178595523466e-06
2583	-1.2030255902573117e-06
2584	-1.2030321840938996e-06
2585	-1.2030400284857024e-06
2586	-1.2030527614115272e-06
2587	-1.2030715197397512e-06
2588	-1.2030949392283219e-06
2589	-1.203119836645783e-06
2590	-1.2031435971948667e-06
2591	-1.203164742946683e-06
2592	-1.2031821370328544e-06
2593	-1.2031955520797055e-06
2594	-1.203206352329289e-06
2595	-1.2032161293973331e-06
2596	-1.2032256790917017e-06
2597	-1.2032344329782063e-06
2598	-1.2032431868647109e-06
2599	-1.2032531913064304e-06
2600	-1.2032644463033648e-06
2601	-1.2032759286739747e-06
2602	-1.2032878657919355e-06
2603	-1.2033016218992998e-06
2604	-1.203317879117094e-06
2605	-1.203335841637454e-06
2606	-1.203354599965678e-06
2607	-1.2033721077386872e-06
2608	-1.2033857501592138e-06
2609	-1.203394617732556e-06
2610	-1.2034008705086308e-06
2611	-1.2034072369715432e-06
2612	-1.2034149676765082e-06
2613	-1.2034242899972014e-06
2614	-1.2034348628731095e-06
2615	-1.2034462315568817e-06
2616	-1.203458737109031e-06
2617	-1.2034735163979349e-06
2618	-1.2034903420499177e-06
2619	-1.2035076224492514e-06
2620	-1.2035235386065324e-06
2621	-1.2035368399665458e-06
2622	-1.2035478675898048e-06
2623	-1.203558440465713e-06
2624	-1.2035706049573491e-06
2625	-1.2035840200042003e-06
2626	-1.2035974350510514e-06
2627	-1.2036109637847403e-06
2628	-1.2036257430736441e-06
2629	-1.2036424550387892e-06
2630	-1.2036603038723115e-06
2631	-1.2036771295242943e-06
2632	-1.2036914540658472e-06
2633	-1.2037023680022685e-06
2634	-1.2037106671414222e-06
2635	-1.203718056785874e-06
2636	-1.2037265832987032e-06
2637	-1.2037369288009359e-06
2638	-1.2037479564241949e-06
2639	-1.2037586429869407e-06
2640	-1.203769102176011e-06
2641	-1.2037802434861078e-06
2642	-1.2037930900987703e-06
2643	-1.203807528327161e-06
2644	-1.2038228760502534e-06
2645	-1.203838564833859e-06
2646	-1.2038533441227628e-06
2647	-1.2038659633617499e-06
2648	-1.2038755130561185e-06
2649	-1.2038832437610836e-06
2650	-1.2038909744660486e-06
2651	-1.203900183099904e-06
2652	-1.2039107559758122e-06
2653	-1.2039220109727466e-06
2654	-1.2039344028380583e-06
2655	-1.203948045258585e-06
2656	-1.2039628245474887e-06
2657	-1.2039793091389583e-06
2658	-1.2039979537803447e-06
2659	-1.204017848976946e-06
2660	-1.2040367209920078e-06
2661	-1.2040522960887756e-06
2662	-1.2040645742672496e-06
2663	-1.2040754882036708e-06
2664	-1.2040871979479562e-06
2665	-1.204101181428996e-06
2666	-1.2041173249599524e-06
2667	-1.2041352874803124e-06
2668	-1.2041543868690496e-06
2669	-1.2041739410051377e-06
2670	-1.204192244586011e-06
2671	-1.2042075923091033e-06
2672	-1.2042194157402264e-06
2673	-1.2042287380609196e-06
2674	-1.2042368098263978e-06
2675	-1.2042441994708497e-06
2676	-1.2042512480547884e-06
2677	-1.2042588650729158e-06
2678	-1.204268187393609e-06
2679	-1.2042811476931092e-06
2680	-1.2042989965266315e-06
2681	-1.2043215065205004e-06
2682	-1.2043462902511237e-06
2683	-1.2043701644870453e-06
2684	-1.2043893775626202e-06
2685	-1.2044023378621205e-06
2686	-1.204409500132897e-06
2687	-1.2044126833643531e-06
2688	-1.204413933919568e-06
2689	-1.2044152981616207e-06
2690	-1.2044187087667524e-06
2691	-1.2044250752296648e-06
2692	-1.2044346249240334e-06
2693	-1.2044473578498582e-06
2694	-1.2044624781992752e-06
2695	-1.2044790764775826e-06
2696	-1.2044965842505917e-06
2697	-1.204513978336763e-06
2698	-1.2045301218677196e-06
2699	-1.2045441053487593e-06
2700	-1.2045551329720183e-06
2701	-1.204562636303308e-06
2702	-1.2045671837768168e-06
2703	-1.2045717312503257e-06
2704	-1.2045800303894794e-06
2705	-1.2045941275573568e-06
2706	-1.2046123174513923e-06
2707	-1.204631189466454e-06
2708	-1.2046485835526255e-06
2709	-1.2046650681440951e-06
2710	-1.2046813253618893e-06
2711	-1.2046969004586572e-06
2712	-1.2047122481817496e-06
2713	-1.2047290738337324e-06
2714	-1.2047472637277679e-06
2715	-1.204763975692913e-06
2716	-1.2047765949319e-06
2717	-1.204784780384216e-06
2718	-1.2047910331602907e-06
2719	-1.2047979680573917e-06
2720	-1.2048087683069753e-06
2721	-1.2048250255247694e-06
2722	-1.2048459439029102e-06
2723	-1.204868112836266e-06
2724	-1.2048877806591918e-06
2725	-1.2049026736349333e-06
2726	-1.204913019137166e-06
2727	-1.2049204087816179e-06
2728	-1.204926888931368e-06
2729	-1.2049340512021445e-06
2730	-1.2049433735228376e-06
2731	-1.204955083267123e-06
2732	-1.2049683846271364e-06
2733	-1.2049823681081762e-06
2734	-1.2049974884575931e-06
2735	-1.2050140867359005e-06
2736	-1.2050313671352342e-06
2737	-1.2050492159687565e-06
2738	-1.2050675195496297e-06
2739	-1.2050855957568274e-06
2740	-1.2051021940351347e-06
2741	-1.205114358526771e-06
2742	-1.205120497616008e-06
2743	-1.2051209523633588e-06
2744	-1.2051194744344684e-06
2745	-1.2051202702423325e-06
2746	-1.205126181957894e-06
2747	-1.205137209581153e-06
2748	-1.2051522162437323e-06
2749	-1.205169496643066e-06
2750	-1.2051878002239391e-06
2751	-1.2052064448653255e-06
2752	-1.2052256579409004e-06
2753	-1.2052446436428e-06
2754	-1.2052622651026468e-06
2755	-1.2052784086336032e-06
2756	-1.2052937563566957e-06
2757	-1.2053079672114109e-06
2758	-1.2053209275109111e-06
2759	-1.2053334330630605e-06
2760	-1.2053474165441003e-06
2761	-1.2053635600750567e-06
2762	-1.2053795899191755e-06
2763	-1.2053927775923512e-06
2764	-1.2054023272867198e-06
2765	-1.2054105127390358e-06
2766	-1.2054202898070798e-06
2767	-1.2054331364197424e-06
2768	-1.2054481430823216e-06
2769	-1.2054636044922518e-06
2770	-1.2054784974679933e-06
2771	-1.2054920262016822e-06
2772	-1.2055040770064807e-06
2773	-1.2055152183165774e-06
2774	-1.2055269280608627e-06
2775	-1.2055402294208761e-06
2776	-1.2055546676492668e-06
2777	-1.2055679690092802e-06
2778	-1.2055779734509997e-06
2779	-1.2055841125402367e-06
2780	-1.2055874094585306e-06
2781	-1.2055903653163114e-06
2782	-1.2055957085976843e-06
2783	-1.2056043487973511e-06
2784	-1.2056160585416364e-06
2785	-1.2056302693963517e-06
2786	-1.2056474361088476e-06
2787	-1.2056677860527998e-06
2788	-1.2056905234203441e-06
2789	-1.2057145113431034e-06
2790	-1.2057375897711609e-06
2791	-1.205757939715113e-06
2792	-1.2057734011250432e-06
2793	-1.2057845424351399e-06
2794	-1.2057934100084822e-06
2795	-1.2058022775818245e-06
2796	-1.205812282023544e-06
2797	-1.2058239917678293e-06
2798	-1.2058374068146804e-06
2799	-1.205852299790422e-06
2800	-1.2058681022608653e-06
2801	-1.2058847005391726e-06
2802	-1.2059016398779931e-06
2803	-1.2059175560352742e-06
2804	-1.2059313121426385e-06
2805	-1.2059426808264107e-06
2806	-1.2059522305207793e-06
2807	-1.2059601885994198e-06
2808	-1.2059672371833585e-06
2809	-1.2059754226356745e-06
2810	-1.2059867913194466e-06
2811	-1.2060017979820259e-06
2812	-1.2060188510076841e-06
2813	-1.2060357903465047e-06
2814	-1.2060512517564348e-06
2815	-1.2060650078637991e-06
2816	-1.2060778544764617e-06
2817	-1.2060896779075847e-06
2818	-1.2060999097229796e-06
2819	-1.206109573104186e-06
2820	-1.2061207144142827e-06
2821	-1.206133674713783e-06
2822	-1.206147544507985e-06
2823	-1.2061605048074853e-06
2824	-1.206172441925446e-06
2825	-1.2061843790434068e-06
2826	-1.2061980214639334e-06
2827	-1.206214960802754e-06
2828	-1.2062348559993552e-06
2829	-1.206255774377496e-06
2830	-1.2062741916452069e-06
2831	-1.206288061439409e-06
2832	-1.2062982932548039e-06
2833	-1.2063079566360102e-06
2834	-1.2063195526934578e-06
2835	-1.2063328540534712e-06
2836	-1.2063470649081864e-06
2837	-1.206361162076064e-06
2838	-1.2063744634360773e-06
2839	-1.2063858321198495e-06
2840	-1.206395040753705e-06
2841	-1.2064034535796964e-06
2842	-1.2064133443345781e-06
2843	-1.2064257361998898e-06
2844	-1.206439947054605e-06
2845	-1.2064554084645351e-06
2846	-1.2064713246218162e-06
2847	-1.2064862175975577e-06
2848	-1.2064986094628694e-06
2849	-1.2065090686519397e-06
2850	-1.2065197552146856e-06
2851	-1.2065316923326463e-06
2852	-1.2065444252584712e-06
2853	-1.2065573855579714e-06
2854	-1.2065701184837963e-06
2855	-1.206582510349108e-06
2856	-1.2065949022144196e-06
2857	-1.206607748827082e-06
2858	-1.2066203680660692e-06
2859	-1.206631509376166e-06
2860	-1.2066409453836968e-06
2861	-1.2066492445228505e-06
2862	-1.2066568615409778e-06
2863	-1.2066637964380789e-06
2864	-1.2066705039615044e-06
2865	-1.2066783483533072e-06
2866	-1.2066880117345136e-06
2867	-1.206700517286663e-06
2868	-1.2067168881912949e-06
2869	-1.2067373518220847e-06
2870	-1.20676054393698e-06
2871	-1.206784190799226e-06
2872	-1.20680545023788e-06
2873	-1.2068229580108891e-06
2874	-1.2068368278050912e-06
2875	-1.2068480828020256e-06
2876	-1.2068584283042583e-06
2877	-1.206870365422219e-06
2878	-1.2068851447111228e-06
2879	-1.2069017429894302e-06
2880	-1.206917772833549e-06
2881	-1.2069322110619396e-06
2882	-1.2069457397956285e-06
2883	-1.206959382216155e-06
2884	-1.2069725698893308e-06
2885	-1.2069832564520766e-06
2886	-1.2069901913491776e-06
2887	-1.2069941703884979e-06
2888	-1.2069980357409804e-06
2889	-1.2070051980117569e-06
2890	-1.207017362503393e-06
2891	-1.2070338470948627e-06
2892	-1.2070513548678719e-06
2893	-1.2070662478436134e-06
2894	-1.207077048093197e-06
2895	-1.2070850061718374e-06
2896	-1.2070926231899648e-06
2897	-1.2071026276316843e-06
2898	-1.2071163837390486e-06
2899	-1.2071330957041937e-06
2900	-1.2071503761035274e-06
2901	-1.2071661785739707e-06
2902	-1.2071793662471464e-06
2903	-1.2071903938704054e-06
2904	-1.2072006256858003e-06
2905	-1.2072115396222216e-06
2906	-1.207224045174371e-06
2907	-1.207238710776437e-06
2908	-1.207255081681069e-06
2909	-1.2072713388988632e-06
2910	-1.2072854360667407e-06
2911	-1.2072976005583769e-06
2912	-1.2073086281816359e-06
2913	-1.2073194284312194e-06
2914	-1.2073296602466144e-06
2915	-1.2073403468093602e-06
2916	-1.2073534207956982e-06
2917	-1.2073695643266547e-06
2918	-1.2073872994733392e-06
2919	-1.2074051483068615e-06
2920	-1.2074234518877347e-06
2921	-1.2074438018316869e-06
2922	-1.2074667665729066e-06
2923	-1.207489503940451e-06
2924	-1.2075073527739733e-06
2925	-1.2075174709025305e-06
2926	-1.207520540447149e-06
2927	-1.2075201993866358e-06
2928	-1.2075204267603112e-06
2929	-1.2075238373654429e-06
2930	-1.2075319091309211e-06
2931	-1.2075439599357196e-06
2932	-1.2075578297299217e-06
2933	-1.207571131089935e-06
2934	-1.2075832955815713e-06
2935	-1.2075955737600452e-06
2936	-1.2076093298674095e-06
2937	-1.2076251323378528e-06
2938	-1.2076417306161602e-06
2939	-1.2076567372787395e-06
2940	-1.2076685607098625e-06
2941	-1.2076781104042311e-06
2942	-1.2076872053512488e-06
2943	-1.2076970961061306e-06
2944	-1.207708010042552e-06
2945	-1.207719037665811e-06
2946	-1.2077299516022322e-06
2947	-1.2077412065991666e-06
2948	-1.2077540532118292e-06
2949	-1.207768832500733e-06
2950	-1.2077853170922026e-06
2951	-1.2078038480467512e-06
2952	-1.2078253348590806e-06
2953	-1.207848072226625e-06
2954	-1.2078689906047657e-06
2955	-1.2078858162567485e-06
2956	-1.2078977533747093e-06
2957	-1.2079051430191612e-06
2958	-1.2079100315531832e-06
2959	-1.207915829581907e-06
2960	-1.2079257203367888e-06
2961	-1.2079414091203944e-06
2962	-1.2079624411853729e-06
2963	-1.2079865427949699e-06
2964	-1.2080090527888387e-06
2965	-1.208026105814497e-06
2966	-1.2080370197509183e-06
2967	-1.2080431588401552e-06
2968	-1.2080469105058e-06
2969	-1.208051003231958e-06
2970	-1.208058733936923e-06
2971	-1.2080716942364234e-06
2972	-1.2080879514542175e-06
2973	-1.2081035265509854e-06
2974	-1.2081158047294593e-06
2975	-1.2081254681106657e-06
2976	-1.2081354725523852e-06
2977	-1.20814820547821e-06
2978	-1.2081638942618156e-06
2979	-1.2081809472874738e-06
2980	-1.2081967497579171e-06
2981	-1.2082101648047683e-06
2982	-1.208222101922729e-06
2983	-1.2082346074748784e-06
2984	-1.20824950045062e-06
2985	-1.2082672355973045e-06
2986	-1.2082876992280944e-06
2987	-1.2083097544746124e-06
2988	-1.2083321507816436e-06
2989	-1.2083529554729466e-06
2990	-1.2083700084986049e-06
2991	-1.2083814908692148e-06
2992	-1.2083886531399912e-06
2993	-1.2083942237950396e-06
2994	-1.2084011586921406e-06
2995	-1.2084100262654829e-06
2996	-1.2084200307072024e-06
2997	-1.2084301488357596e-06
2998	-1.2084403806511546e-06
2999	-1.2084512945875758e-06
3000	-1.2084623222108348e-06
3001	-1.2084739182682824e-06
3002	-1.2084872196282959e-06
3003	-1.2085024536645506e-06
3004	-1.208517801387643e-06
3005	-1.2085307616871432e-06
3006	-1.2085389471394592e-06
3007	-1.2085420166840777e-06
3008	-1.2085421303709154e-06
3009	-1.2085430398656172e-06
3010	-1.2085487242075033e-06
3011	-1.2085617981938412e-06
3012	-1.208581920764118e-06
3013	-1.2086065908079036e-06
3014	-1.208632170346391e-06
3015	-1.208655817208637e-06
3016	-1.208677076647291e-06
3017	-1.2086965170965414e-06
3018	-1.2087139111827128e-06
3019	-1.2087275536032394e-06
3020	-1.2087360801160685e-06
3021	-1.2087394907212001e-06
3022	-1.2087394907212001e-06
3023	-1.208739149660687e-06
3024	-1.2087431287000072e-06
3025	-1.208755861625832e-06
3026	-1.2087785989933764e-06
3027	-1.208808157571184e-06
3028	-1.2088381708963425e-06
3029	-1.2088615903849131e-06
3030	-1.2088745506844134e-06
3031	-1.208878416036896e-06
3032	-1.2088772791685187e-06
3033	-1.208876369673817e-06
3034	-1.2088797802789486e-06
3035	-1.208890239468019e-06
3036	-1.2089071788068395e-06
3037	-1.208928665619169e-06
3038	-1.2089518577340641e-06
3039	-1.2089740266674198e-06
3040	-1.2089922165614553e-06
3041	-1.2090056316083064e-06
3042	-1.2090163181710523e-06
3043	-1.2090275731679867e-06
3044	-1.209041329275351e-06
3045	-1.209057245432632e-06
3046	-1.209072365782049e-06
3047	-1.2090835070921457e-06
3048	-1.2090899872418959e-06
3049	-1.2090947620890802e-06
3050	-1.2091016969861812e-06
3051	-1.2091121561752516e-06
3052	-1.2091247754142387e-06
3053	-1.209137735713739e-06
3054	-1.2091505823264015e-06
3055	-1.2091641110600904e-06
3056	-1.209178549288481e-06
3057	-1.209193214890547e-06
3058	-1.2092073120584246e-06
3059	-1.2092203860447626e-06
3060	-1.2092325505363988e-06
3061	-1.2092440329070087e-06
3062	-1.209255742651294e-06
3063	-1.2092697261323337e-06
3064	-1.2092878023395315e-06
3065	-1.2093098575860495e-06
3066	-1.2093331633877824e-06
3067	-1.209354536513274e-06
3068	-1.2093720442862832e-06
3069	-1.2093854593331343e-06
3070	-1.2093946679669898e-06
3071	-1.209399897561525e-06
3072	-1.209403194479819e-06
3073	-1.209408083013841e-06
3074	-1.2094174053345341e-06
3075	-1.2094315025024116e-06
3076	-1.2094487829017453e-06
3077	-1.2094672001694562e-06
3078	-1.2094849353161408e-06
3079	-1.2095010788470972e-06
3080	-1.2095147212676238e-06
3081	-1.2095262036382337e-06
3082	-1.2095364354536287e-06
3083	-1.2095455304006464e-06
3084	-1.2095526926714228e-06
3085	-1.2095574675186072e-06
3086	-1.209561219184252e-06
3087	-1.2095670172129758e-06
3088	-1.2095774764020462e-06
3089	-1.2095937336198404e-06
3090	-1.2096140835637925e-06
3091	-1.2096353430024465e-06
3092	-1.2096545560780214e-06
3093	-1.2096704722353024e-06
3094	-1.2096836599084781e-06
3095	-1.2096954833396012e-06
3096	-1.2097077615180751e-06
3097	-1.2097215176254394e-06
3098	-1.2097362969143433e-06
3099	-1.2097513035769225e-06
3100	-1.2097654007448e-06
3101	-1.2097768831154099e-06
3102	-1.2097839316993486e-06
3103	-1.2097867738702917e-06
3104	-1.2097881381123443e-06
3105	-1.2097924582121777e-06
3106	-1.2098034858354367e-06
3107	-1.2098228125978494e-06
3108	-1.2098498700652272e-06
3109	-1.2098804518245743e-06
3110	-1.2099096693418687e-06
3111	-1.2099335435777903e-06
3112	-1.2099511650376371e-06
3113	-1.2099635569029488e-06
3114	-1.2099726518499665e-06
3115	-1.209981064675958e-06
3116	-1.2099909554308397e-06
3117	-1.2100035746698268e-06
3118	-1.2100181265850551e-06
3119	-1.2100332469344721e-06
3120	-1.2100481399102136e-06
3121	-1.2100623507649289e-06
3122	-1.2100750836907537e-06
3123	-1.2100850881324732e-06
3124	-1.2100922504032496e-06
3125	-1.2100979347451357e-06
3126	-1.2101038464606972e-06
3127	-1.2101105539841228e-06
3128	-1.2101174888812238e-06
3129	-1.2101243100914871e-06
3130	-1.2101313586754259e-06
3131	-1.2101396578145796e-06
3132	-1.2101513675588649e-06
3133	-1.2101671700293082e-06
3134	-1.2101857009838568e-06
3135	-1.2102050277462695e-06
3136	-1.2102229902666295e-06
3137	-1.2102375421818579e-06
3138	-1.2102475466235774e-06
3139	-1.2102536857128143e-06
3140	-1.2102581194994855e-06
3141	-1.2102634627808584e-06
3142	-1.210271761920012e-06
3143	-1.2102842674721614e-06
3144	-1.2103009794373065e-06
3145	-1.210320419886557e-06
3146	-1.2103414519515354e-06
3147	-1.2103629387638648e-06
3148	-1.2103838571420056e-06
3149	-1.2104031839044183e-06
3150	-1.2104201232432388e-06
3151	-1.2104344477847917e-06
3152	-1.2104470670237788e-06
3153	-1.2104593452022527e-06
3154	-1.2104719644412398e-06
3155	-1.21048492474074e-06
3156	-1.210497998727078e-06
3157	-1.2105097084713634e-06
3158	-1.2105190307920566e-06
3159	-1.210526647810184e-06
3160	-1.2105339237677981e-06
3161	-1.2105424502806272e-06
3162	-1.2105526820960222e-06
3163	-1.2105639370929566e-06
3164	-1.210574851029378e-06
3165	-1.2105856512789614e-06
3166	-1.2105969062758959e-06
3167	-1.210609070767532e-06
3168	-1.2106220310670324e-06
3169	-1.210634877679695e-06
3170	-1.2106476106055197e-06
3171	-1.210661366712884e-06
3172	-1.2106771691833274e-06
3173	-1.2106954727642005e-06
3174	-1.2107160500818281e-06
3175	-1.2107381053283461e-06
3176	-1.2107589100196492e-06
3177	-1.2107747124900925e-06
3178	-1.210783921123948e-06
3179	-1.2107881275369436e-06
3180	-1.2107905149605358e-06
3181	-1.2107934708183166e-06
3182	-1.2107980182918254e-06
3183	-1.2108050668757642e-06
3184	-1.2108156397516723e-06
3185	-1.2108312148484401e-06
3186	-1.2108520195397432e-06
3187	-1.2108761211493402e-06
3188	-1.2109005638194503e-06
3189	-1.2109220506317797e-06
3190	-1.2109396720916266e-06
3191	-1.2109549061278813e-06
3192	-1.2109694580431096e-06
3193	-1.2109843510188512e-06
3194	-1.2109993576814304e-06
3195	-1.211015046465036e-06
3196	-1.2110308489354793e-06
3197	-1.2110446050428436e-06
3198	-1.2110549505450763e-06
3199	-1.2110626812500414e-06
3200	-1.2110695024603046e-06
3201	-1.2110773468521074e-06
3202	-1.2110879197280155e-06
3203	-1.2111025853300816e-06
3204	-1.2111208889109548e-06
3205	-1.211140443047043e-06
3206	-1.2111582918805652e-06
3207	-1.2111726164221182e-06
3208	-1.211184098792728e-06
3209	-1.2111934211134212e-06
3210	-1.2112005833841977e-06
3211	-1.2112059266655706e-06
3212	-1.2112113836337812e-06
3213	-1.211219682772935e-06
3214	-1.211233552567137e-06
3215	-1.2112526519558742e-06
3216	-1.2112732292735018e-06
3217	-1.211291532854375e-06
3218	-1.2113056300222524e-06
3219	-1.2113152934034588e-06
3220	-1.2113212051190203e-06
3221	-1.2113250704715028e-06
3222	-1.2113301863792003e-06
3223	-1.2113387128920294e-06
3224	-1.2113512184441788e-06
3225	-1.2113669072277844e-06
3226	-1.2113845286876312e-06
3227	-1.2114030596421799e-06
3228	-1.211421363223053e-06
3229	-1.2114380751881981e-06
3230	-1.211452854477102e-06
3231	-1.2114664968976285e-06
3232	-1.2114796845708042e-06
3233	-1.211491621688765e-06
3234	-1.2115021945646731e-06
3235	-1.2115121990063926e-06
3236	-1.2115232266296516e-06
3237	-1.21153777854488e-06
3238	-1.2115571053072927e-06
3239	-1.2115797289879993e-06
3240	-1.2116020116081927e-06
3241	-1.21162111099693e-06
3242	-1.2116369134673732e-06
3243	-1.2116503285142244e-06
3244	-1.2116618108848343e-06
3245	-1.2116712468923652e-06
3246	-1.2116779544157907e-06
3247	-1.2116825018892996e-06
3248	-1.211686821989133e-06
3249	-1.211692506331019e-06
3250	-1.2117001233491465e-06
3251	-1.211709331983002e-06
3252	-1.2117197911720723e-06
3253	-1.2117315009163576e-06
3254	-1.211745257023722e-06
3255	-1.2117609458073275e-06
3256	-1.2117769756514463e-06
3257	-1.2117918686271878e-06
3258	-1.2118057384213898e-06
3259	-1.2118197219024296e-06
3260	-1.2118343875044957e-06
3261	-1.211848939419724e-06
3262	-1.211862468153413e-06
3263	-1.2118754284529132e-06
3264	-1.2118890708734398e-06
3265	-1.2119044185965322e-06
3266	-1.2119209031880018e-06
3267	-1.2119372740926337e-06
3268	-1.2119531902499148e-06
3269	-1.211968651659845e-06
3270	-1.2119834309487487e-06
3271	-1.2119969596824376e-06
3272	-1.2120095789214247e-06
3273	-1.2120218570998986e-06
3274	-1.2120353858335875e-06
3275	-1.212050278809329e-06
3276	-1.212065399158746e-06
3277	-1.2120789278924349e-06
3278	-1.2120909786972334e-06
3279	-1.212103825309896e-06
3280	-1.2121198551540147e-06
3281	-1.2121386134822387e-06
3282	-1.2121575991841382e-06
3283	-1.212174424836121e-06
3284	-1.2121880672566476e-06
3285	-1.2121987538193935e-06
3286	-1.2122068255848717e-06
3287	-1.2122125099267578e-06
3288	-1.2122160342187271e-06
3289	-1.2122184216423193e-06
3290	-1.2122220596211264e-06
3291	-1.2122293355787406e-06
3292	-1.2122409316361882e-06
3293	-1.2122558246119297e-06
3294	-1.212272877637588e-06
3295	-1.2122914085921366e-06
3296	-1.2123105079808738e-06
3297	-1.2123291526222602e-06
3298	-1.2123468877689447e-06
3299	-1.2123633723604144e-06
3300	-1.2123773558414541e-06
3301	-1.2123866781621473e-06
3302	-1.2123911119488184e-06
3303	-1.2123928172513843e-06
3304	-1.2123958867960027e-06
3305	-1.2124040722483187e-06
3306	-1.2124187378503848e-06
3307	-1.2124394288548501e-06
3308	-1.2124642125854734e-06
3309	-1.2124900194976362e-06
3310	-1.2125136663598823e-06
3311	-1.2125327657486196e-06
3312	-1.2125462944823084e-06
3313	-1.2125557304898393e-06
3314	-1.2125643706895062e-06
3315	-1.2125751709390897e-06
3316	-1.2125886996727786e-06
3317	-1.2126039337090333e-06
3318	-1.2126193951189634e-06
3319	-1.212633833347354e-06
3320	-1.2126464525863412e-06
3321	-1.2126577075832756e-06
3322	-1.2126688488933723e-06
3323	-1.212681240758684e-06
3324	-1.212695110552886e-06
3325	-1.2127092077207635e-06
3326	-1.212722054333426e-06
3327	-1.212733081956685e-06
3328	-1.212742517964216e-06
3329	-1.212751499224396e-06
3330	-1.21276127629244e-06
3331	-1.2127725312893745e-06
3332	-1.2127849231546861e-06
3333	-1.2127969739594846e-06
3334	-1.2128080015827436e-06
3335	-1.2128185744586517e-06
3336	-1.212829488395073e-06
3337	-1.2128411981393583e-06
3338	-1.2128544994993717e-06
3339	-1.2128698472224642e-06
3340	-1.2128861044402584e-06
3341	-1.212900542668649e-06
3342	-1.2129114566050703e-06
3343	-1.2129196420573862e-06
3344	-1.2129272590755136e-06
3345	-1.2129362403356936e-06
3346	-1.2129476090194657e-06
3347	-1.2129622746215318e-06
3348	-1.212980578202405e-06
3349	-1.213001382893708e-06
3350	-1.2130240065744147e-06
3351	-1.2130474260629853e-06
3352	-1.213069594996341e-06
3353	-1.2130871027693502e-06
3354	-1.2130972208979074e-06
3355	-1.21310108625039e-06
3356	-1.2131021094319294e-06
3357	-1.2131040421081707e-06
3358	-1.2131089306421927e-06
3359	-1.2131174571550218e-06
3360	-1.2131290532124694e-06
3361	-1.2131421271988074e-06
3362	-1.213155769619334e-06
3363	-1.2131690709793475e-06
3364	-1.2131815765314968e-06
3365	-1.2131944231441594e-06
3366	-1.213209316119901e-06
3367	-1.2132264828323969e-06
3368	-1.2132442179790814e-06
3369	-1.2132609299442265e-06
3370	-1.2132768461015075e-06
3371	-1.2132925348851131e-06
3372	-1.213307314174017e-06
3373	-1.213320729220868e-06
3374	-1.2133326663388289e-06
3375	-1.2133441487094387e-06
3376	-1.2133559721405618e-06
3377	-1.2133680229453603e-06
3378	-1.2133787095081061e-06
3379	-1.2133872360209352e-06
3380	-1.2133936024838476e-06
3381	-1.2133988320783828e-06
3382	-1.2134049711676198e-06
3383	-1.2134146345488261e-06
3384	-1.21342941383773e-06
3385	-1.2134493090343312e-06
3386	-1.213473524330766e-06
3387	-1.213501718666521e-06
3388	-1.2135328688600566e-06
3389	-1.2135629958720529e-06
3390	-1.2135860743001103e-06
3391	-1.213597670357558e-06
3392	-1.2135988072259352e-06
3393	-1.213594373439264e-06
3394	-1.2135895985920797e-06
3395	-1.2135883480368648e-06
3396	-1.2135926681366982e-06
3397	-1.2136032410126063e-06
3398	-1.213619270856725e-06
3399	-1.2136383702454623e-06
3400	-1.2136580380683881e-06
3401	-1.2136780469518271e-06
3402	-1.2136988516431302e-06
3403	-1.2137201110817841e-06
3404	-1.213739324157359e-06
3405	-1.2137541034462629e-06
3406	-1.213763880514307e-06
3407	-1.213770360664057e-06
3408	-1.2137767271269695e-06
3409	-1.2137841167714214e-06
3410	-1.213792870657926e-06
3411	-1.2138019656049437e-06
3412	-1.2138109468651237e-06
3413	-1.213819359691115e-06
3414	-1.2138281135776197e-06
3415	-1.2138384590798523e-06
3416	-1.2138509646320017e-06
3417	-1.213865175486717e-06
3418	-1.2138801821492962e-06
3419	-1.2138951888118754e-06
3420	-1.213909627040266e-06
3421	-1.2139220189055777e-06
3422	-1.2139320233472972e-06
3423	-1.2139404361732886e-06
3424	-1.2139491900597932e-06
3425	-1.2139605587435653e-06
3426	-1.2139761338403332e-06
3427	-1.213996597471123e-06
3428	-1.21402069908072e-06
3429	-1.2140446870034793e-06
3430	-1.214065264321107e-06
3431	-1.214080725731037e-06
3432	-1.2140920944148093e-06
3433	-1.2141020988565288e-06
3434	-1.214114263348165e-06
3435	-1.2141308616264723e-06
3436	-1.2141508705099113e-06
3437	-1.2141706520196749e-06
3438	-1.2141870229243068e-06
3439	-1.2141990737291053e-06
3440	-1.2142091918576625e-06
3441	-1.2142205605414347e-06
3442	-1.2142340892751236e-06
3443	-1.2142478453824879e-06
3444	-1.2142595551267732e-06
3445	-1.21426819532644e-06
3446	-1.2142754712840542e-06
3447	-1.2142843388573965e-06
3448	-1.2142961622885196e-06
3449	-1.2143098047090461e-06
3450	-1.214322537634871e-06
3451	-1.2143329968239414e-06
3452	-1.214342091770959e-06
3453	-1.2143520962126786e-06
3454	-1.2143650565121789e-06
3455	-1.214381768477324e-06
3456	-1.2144018910476007e-06
3457	-1.2144240599809564e-06
3458	-1.2144463426011498e-06
3459	-1.2144672609792906e-06
3460	-1.2144851098128129e-06
3461	-1.2144975016781245e-06
3462	-1.214502617585822e-06
3463	-1.2145029586463352e-06
3464	-1.2145035270805238e-06
3465	-1.2145085293013835e-06
3466	-1.2145191021772916e-06
3467	-1.2145350183345727e-06
3468	-1.2145547998443362e-06
3469	-1.2145766277171788e-06
3470	-1.2145984555900213e-06
3471	-1.214619032907649e-06
3472	-1.2146376775490353e-06
3473	-1.2146527978984523e-06
3474	-1.2146624612796586e-06
3475	-1.2146674635005184e-06
3476	-1.2146714425398386e-06
3477	-1.2146780363764265e-06
3478	-1.214690087181225e-06
3479	-1.2147079360147472e-06
3480	-1.2147302186349407e-06
3481	-1.2147528423156473e-06
3482	-1.21477216907806e-06
3483	-1.2147863799327752e-06
3484	-1.2147961570008192e-06
3485	-1.2148022960900562e-06
3486	-1.2148059340688633e-06
3487	-1.2148083214924554e-06
3488	-1.214811391037074e-06
3489	-1.2148184396210127e-06
3490	-1.214832991536241e-06
3491	-1.2148544783485704e-06
3492	-1.214877556776628e-06
3493	-1.2148966561653651e-06
3494	-1.2149090480306768e-06
3495	-1.2149159829277778e-06
3496	-1.2149200756539358e-06
3497	-1.2149243957537692e-06
3498	-1.214930989590357e-06
3499	-1.2149414487794274e-06
3500	-1.214955545947305e-06
3501	-1.2149712347309105e-06
3502	-1.2149866961408406e-06
3503	-1.215001248056069e-06
3504	-1.2150161410318105e-06
3505	-1.2150328529969556e-06
3506	-1.2150521797593683e-06
3507	-1.2150733255111845e-06
3508	-1.2150944712630007e-06
3509	-1.2151134569649003e-06
3510	-1.215128691001155e-06
3511	-1.2151404007454403e-06
3512	-1.2151500641266466e-06
3513	-1.215159727507853e-06
3514	-1.2151700730100856e-06
3515	-1.2151812143201823e-06
3516	-1.2151930377513054e-06
3517	-1.2152055433034548e-06
3518	-1.2152183899161173e-06
3519	-1.2152316912761307e-06
3520	-1.2152457884440082e-06
3521	-1.2152607951065875e-06
3522	-1.2152763702033553e-06
3523	-1.2152913768659346e-06
3524	-1.215304678225948e-06
3525	-1.215314910041343e-06
3526	-1.2153224133726326e-06
3527	-1.2153291208960582e-06
3528	-1.2153376474088873e-06
3529	-1.215349584526848e-06
3530	-1.215364704876265e-06
3531	-1.2153817579019233e-06
3532	-1.2153994930486078e-06
3533	-1.2154164323874284e-06
3534	-1.215431666423683e-06
3535	-1.2154449677836965e-06
3536	-1.2154572459621704e-06
3537	-1.2154687283327803e-06
3538	-1.2154788464613375e-06
3539	-1.215487259287329e-06
3540	-1.2154945352449431e-06
3541	-1.215501129081531e-06
3542	-1.215507609231281e-06
3543	-1.2155159083704348e-06
3544	-1.2155285276094219e-06
3545	-1.215546831190295e-06
3546	-1.215569341184164e-06
3547	-1.2155931017332477e-06
3548	-1.2156152706666035e-06
3549	-1.2156347111158539e-06
3550	-1.215651764141512e-06
3551	-1.215666088683065e-06
3552	-1.2156773436799995e-06
3553	-1.2156867796875304e-06
3554	-1.2156972388766007e-06
3555	-1.2157097444287501e-06
3556	-1.215722477354575e-06
3557	-1.2157327091699699e-06
3558	-1.2157403261880972e-06
3559	-1.2157480568930623e-06
3560	-1.2157594255768345e-06
3561	-1.215775569107791e-06
3562	-1.215794782183366e-06
3563	-1.2158131994510768e-06
3564	-1.2158275239926297e-06
3565	-1.2158377558080247e-06
3566	-1.2158465096945292e-06
3567	-1.2158566278230865e-06
3568	-1.2158695881225867e-06
3569	-1.2158849358456791e-06
3570	-1.2159015341239865e-06
3571	-1.2159175639681052e-06
3572	-1.2159318885096582e-06
3573	-1.215945417243347e-06
3574	-1.2159600828454131e-06
3575	-1.2159767948105582e-06
3576	-1.215994416270405e-06
3577	-1.2160109008618747e-06
3578	-1.2160244295955636e-06
3579	-1.2160343203504453e-06
3580	-1.2160404594396823e-06
3581	-1.216043415297463e-06
3582	-1.216045461660542e-06
3583	-1.2160502365077264e-06
3584	-1.2160614915046608e-06
3585	-1.2160800224592094e-06
3586	-1.216102646139916e-06
3587	-1.2161248150732717e-06
3588	-1.2161435734014958e-06
3589	-1.2161583526903996e-06
3590	-1.2161704034951981e-06
3591	-1.2161825679868343e-06
3592	-1.2161972335889004e-06
3593	-1.2162134908066946e-06
3594	-1.2162289522166247e-06
3595	-1.216241912516125e-06
3596	-1.2162525990788708e-06
3597	-1.2162628308942658e-06
3598	-1.2162746543253888e-06
3599	-1.2162898883616435e-06
3600	-1.2163092151240562e-06
3601	-1.2163312703705742e-06
3602	-1.2163533256170922e-06
3603	-1.216371742884803e-06
3604	-1.2163836800027639e-06
3605	-1.216388909597299e-06
3606	-1.2163898190920008e-06
3607	-1.2163905012130272e-06
3608	-1.2163949349996983e-06
3609	-1.2164043710072292e-06
3610	-1.2164185818619444e-06
3611	-1.2164360896349535e-06
3612	-1.2164541658421513e-06
3613	-1.21647019568627e-06
3614	-1.2164827012384194e-06
3615	-1.2164920235591126e-06
3616	-1.2164987310825381e-06
3617	-1.2165035059297225e-06
3618	-1.2165077123427182e-06
3619	-1.2165132829977665e-06
3620	-1.2165218095105956e-06
3621	-1.2165339740022318e-06
3622	-1.2165498901595129e-06
3623	-1.2165688758614124e-06
3624	-1.216590248986904e-06
3625	-1.2166125316070975e-06
3626	-1.21663435947994e-06
3627	-1.2166550504844054e-06
3628	-1.2166736951257917e-06
3629	-1.216689497596235e-06
3630	-1.2167018894615467e-06
3631	-1.2167116665295907e-06
3632	-1.216719738295069e-06
3633	-1.2167267868790077e-06
3634	-1.2167345175839728e-06
3635	-1.2167445220256923e-06
3636	-1.2167571412646794e-06
3637	-1.2167719205535832e-06
3638	-1.2167880640845397e-06
3639	-1.2168050034233602e-06
3640	-1.2168228522568825e-06
3641	-1.2168411558377557e-06
3642	-1.2168583225502516e-06
3643	-1.2168718512839405e-06
3644	-1.216881059917796e-06
3645	-1.2168878811280592e-06
3646	-1.216895725519862e-06
3647	-1.2169060710220947e-06
3648	-1.2169180081400555e-06
3649	-1.2169299452580162e-06
3650	-1.2169414276286261e-06
3651	-1.2169524552518851e-06
3652	-1.216963141814631e-06
3653	-1.2169740557510522e-06
3654	-1.216985538121662e-06
3655	-1.2169983847343246e-06
3656	-1.2170124819022021e-06
3657	-1.2170273748779437e-06
3658	-1.2170418131063343e-06
3659	-1.2170545460321591e-06
3660	-1.2170655736554181e-06
3661	-1.2170756917839753e-06
3662	-1.2170869467809098e-06
3663	-1.2171012713224627e-06
3664	-1.2171190064691473e-06
3665	-1.2171394700999372e-06
3666	-1.2171610705991043e-06
3667	-1.2171826710982714e-06
3668	-1.2172022252343595e-06
3669	-1.2172170045232633e-06
3670	-1.2172259857834433e-06
3671	-1.2172317838121671e-06
3672	-1.217238377648755e-06
3673	-1.2172479273431236e-06
3674	-1.2172600918347598e-06
3675	-1.2172739616289618e-06
3676	-1.2172891956652165e-06
3677	-1.2173052255093353e-06
3678	-1.2173214827271295e-06
3679	-1.217337626258086e-06
3680	-1.2173528602943406e-06
3681	-1.2173665027148672e-06
3682	-1.2173780987723148e-06
3683	-1.2173870800324949e-06
3684	-1.217393105434894e-06
3685	-1.217396857100539e-06
3686	-1.217400495079346e-06
3687	-1.2174072026027716e-06
3688	-1.2174186849733815e-06
3689	-1.2174350558780134e-06
3690	-1.217456429003505e-06
3691	-1.2174820085419924e-06
3692	-1.2175088386356947e-06
3693	-1.217532826558454e-06
3694	-1.2175512438261649e-06
3695	-1.217564658873016e-06
3696	-1.217576482304139e-06
3697	-1.2175891015431262e-06
3698	-1.2176014934084378e-06
3699	-1.2176107020422933e-06
3700	-1.2176145673947758e-06
3701	-1.2176134305263986e-06
3702	-1.2176109294159687e-06
3703	-1.2176118389106705e-06
3704	-1.217620592797175e-06
3705	-1.217638555317535e-06
3706	-1.2176636801086715e-06
3707	-1.2176923291917774e-06
3708	-1.217719841406506e-06
3709	-1.217742692460888e-06
3710	-1.2177594044260331e-06
3711	-1.2177712278571562e-06
3712	-1.217780663864687e-06
3713	-1.2177897588117048e-06
3714	-1.2177987400718848e-06
3715	-1.217808062392578e-06
3716	-1.2178185215816484e-06
3717	-1.21783091344696e-06
3718	-1.217845237988513e-06
3719	-1.2178616088931449e-06
3720	-1.2178793440398294e-06
3721	-1.2178968518128386e-06
3722	-1.2179117447885801e-06
3723	-1.2179228860986768e-06
3724	-1.2179307304904796e-06
3725	-1.2179365285192034e-06
3726	-1.217941985487414e-06
3727	-1.2179483519503265e-06
3728	-1.217957560584182e-06
3729	-1.217971430378384e-06
3730	-1.2179898476460949e-06
3731	-1.2180103112768847e-06
3732	-1.218030661220837e-06
3733	-1.2180505564174382e-06
3734	-1.2180705653008772e-06
3735	-1.218090233123803e-06
3736	-1.218108650391514e-06
3737	-1.2181247939224704e-06
3738	-1.2181386637166725e-06
3739	-1.2181500324004446e-06
3740	-1.2181590136606246e-06
3741	-1.2181662896182388e-06
3742	-1.2181729971416644e-06
3743	-1.2181795909782522e-06
3744	-1.2181860711280024e-06
3745	-1.2181919828435639e-06
3746	-1.2181981219328009e-06
3747	-1.2182065347587923e-06
3748	-1.2182179034425644e-06
3749	-1.2182312048025778e-06
3750	-1.2182451882836176e-06
3751	-1.2182600812593591e-06
3752	-1.2182766795376665e-06
3753	-1.2182955515527283e-06
3754	-1.2183159014966805e-06
3755	-1.2183367061879835e-06
3756	-1.218356942445098e-06
3757	-1.2183751323391334e-06
3758	-1.2183901390017127e-06
3759	-1.2184021898065112e-06
3760	-1.218412421621906e-06
3761	-1.218422653437301e-06
3762	-1.21843368106056e-06
3763	-1.2184450497443322e-06
3764	-1.2184559636807535e-06
3765	-1.218465968122473e-06
3766	-1.2184742672616267e-06
3767	-1.2184809747850522e-06
3768	-1.21848756862164e-06
3769	-1.2184966635686578e-06
3770	-1.2185101923023467e-06
3771	-1.2185283821963822e-06
3772	-1.2185494142613607e-06
3773	-1.2185694231447997e-06
3774	-1.2185854529889184e-06
3775	-1.2185979585410678e-06
3776	-1.218608872477489e-06
3777	-1.2186186495455331e-06
3778	-1.2186263802504982e-06
3779	-1.2186325193397352e-06
3780	-1.2186394542368362e-06
3781	-1.2186495723653934e-06
3782	-1.2186641242806218e-06
3783	-1.2186831099825213e-06
3784	-1.2187038009869866e-06
3785	-1.2187225593152107e-06
3786	-1.2187373386041145e-06
3787	-1.218748593601049e-06
3788	-1.218759621224308e-06
3789	-1.2187737183921854e-06
3790	-1.2187924767204095e-06
3791	-1.2188141909064143e-06
3792	-1.2188364735266077e-06
3793	-1.218857164531073e-06
3794	-1.21887478599092e-06
3795	-1.2188876326035825e-06
3796	-1.2188950222480344e-06
3797	-1.2188986602268415e-06
3798	-1.218901275024109e-06
3799	-1.218905822497618e-06
3800	-1.218913553202583e-06
3801	-1.2189238987048157e-06
3802	-1.2189349263280747e-06
3803	-1.2189456128908205e-06
3804	-1.2189552762720268e-06
3805	-1.21896459859272e-06
3806	-1.218974830408115e-06
3807	-1.2189865401524003e-06
3808	-1.2189995004519005e-06
3809	-1.219012801811914e-06
3810	-1.2190262168587651e-06
3811	-1.2190411098345066e-06
3812	-1.219058958668029e-06
3813	-1.2190802181066829e-06
3814	-1.2191037512820913e-06
3815	-1.2191270570838242e-06
3816	-1.2191466112199123e-06
3817	-1.2191596852062503e-06
3818	-1.2191660516691627e-06
3819	-1.2191685527795926e-06
3820	-1.2191709402031847e-06
3821	-1.2191751466161804e-06
3822	-1.2191824225737946e-06
3823	-1.2191934501970536e-06
3824	-1.2192081157991197e-06
3825	-1.2192257372589665e-06
3826	-1.2192452913950547e-06
3827	-1.2192656413390068e-06
3828	-1.219285991282959e-06
3829	-1.2193061138532357e-06
3830	-1.2193258953629993e-06
3831	-1.2193438578833593e-06
3832	-1.21935829611175e-06
3833	-1.219368073179794e-06
3834	-1.2193736438348424e-06
3835	-1.21937625863211e-06
3836	-1.2193777365610003e-06
3837	-1.2193805787319434e-06
3838	-1.2193869451948558e-06
3839	-1.219397063323413e-06
3840	-1.2194099099360756e-06
3841	-1.219424461851304e-06
3842	-1.2194404916954227e-06
3843	-1.2194573173474055e-06
3844	-1.219473460878362e-06
3845	-1.2194878991067526e-06
3846	-1.2195008594062529e-06
3847	-1.2195132512715645e-06
3848	-1.2195254157632007e-06
3849	-1.2195376939416747e-06
3850	-1.2195503131806618e-06
3851	-1.2195638419143506e-06
3852	-1.219578393829579e-06
3853	-1.2195944236736977e-06
3854	-1.2196124998808955e-06
3855	-1.2196321677038213e-06
3856	-1.2196508123452077e-06
3857	-1.219664568452572e-06
3858	-1.2196713896628353e-06
3859	-1.2196732086522388e-06
3860	-1.2196741181469406e-06
3861	-1.2196782108730986e-06
3862	-1.2196881016279804e-06
3863	-1.2197048135931254e-06
3864	-1.219727437273832e-06
3865	-1.2197534715596703e-06
3866	-1.2197795058455085e-06
3867	-1.2198029253340792e-06
3868	-1.219823047904356e-06
3869	-1.2198402146168519e-06
3870	-1.219854084411054e-06
3871	-1.219863861479098e-06
3872	-1.2198698868814972e-06
3873	-1.2198739796076552e-06
3874	-1.2198787544548395e-06
3875	-1.219885916725616e-06
3876	-1.219896944348875e-06
3877	-1.2199122920719674e-06
3878	-1.21993161883438e-06
3879	-1.2199534467072226e-06
3880	-1.2199748198327143e-06
3881	-1.2199922139188857e-06
3882	-1.220003923663171e-06
3883	-1.2200104038129211e-06
3884	-1.2200140417917282e-06
3885	-1.220017793457373e-06
3886	-1.22002393254661e-06
3887	-1.2200334822409786e-06
3888	-1.2200461014799657e-06
3889	-1.220061108142545e-06
3890	-1.2200779337945278e-06
3891	-1.2200953278806992e-06
3892	-1.2201128356537083e-06
3893	-1.2201310255477438e-06
3894	-1.2201511481180205e-06
3895	-1.2201718391224858e-06
3896	-1.2201900290165213e-06
3897	-1.2202033303765347e-06
3898	-1.220212197949877e-06
3899	-1.2202177686049254e-06
3900	-1.220221633957408e-06
3901	-1.2202259540572413e-06
3902	-1.2202336847622064e-06
3903	-1.2202483503642725e-06
3904	-1.2202704056107905e-06
3905	-1.220297122017655e-06
3906	-1.2203247479192214e-06
3907	-1.220350213770871e-06
3908	-1.220371473209525e-06
3909	-1.2203872756799683e-06
3910	-1.2203980759295519e-06
3911	-1.2204050108266529e-06
3912	-1.220409899360675e-06
3913	-1.2204150152683724e-06
3914	-1.2204228596601752e-06
3915	-1.220434796778136e-06
3916	-1.2204495760670397e-06
3917	-1.220464582729619e-06
3918	-1.220478452523821e-06
3919	-1.2204922086311853e-06
3920	-1.220506646859576e-06
3921	-1.2205208577142912e-06
3922	-1.2205333632664406e-06
3923	-1.2205440498291864e-06
3924	-1.2205546227050945e-06
3925	-1.2205661050757044e-06
3926	-1.2205782695673406e-06
3927	-1.2205906614326523e-06
3928	-1.2206028259242885e-06
3929	-1.2206145356685738e-06
3930	-1.2206260180391837e-06
3931	-1.2206380688439822e-06
3932	-1.2206517112645088e-06
3933	-1.2206677411086275e-06
3934	-1.2206861583763384e-06
3935	-1.2207055988255888e-06
3936	-1.2207232202854357e-06
3937	-1.220736180584936e-06
3938	-1.2207435702293878e-06
3939	-1.2207470945213572e-06
3940	-1.2207486861370853e-06
3941	-1.2207507325001643e-06
3942	-1.2207553936605109e-06
3943	-1.2207650570417172e-06
3944	-1.2207807458253228e-06
3945	-1.2208022326376522e-06
3946	-1.2208279258629773e-06
3947	-1.2208552107040305e-06
3948	-1.2208816997372196e-06
3949	-1.220906028720492e-06
3950	-1.2209271744723083e-06
3951	-1.2209441138111288e-06
3952	-1.2209565056764404e-06
3953	-1.2209654869366204e-06
3954	-1.2209733313284232e-06
3955	-1.2209812894070637e-06
3956	-1.220990156980406e-06
3957	-1.2210007298563141e-06
3958	-1.2210135764689767e-06
3959	-1.2210282420710428e-06
3960	-1.221043703480973e-06
3961	-1.2210589375172276e-06
3962	-1.2210733757456183e-06
3963	-1.2210854265504167e-06
3964	-1.2210932709422195e-06
3965	-1.2210970226078643e-06
3966	-1.2210982731630793e-06
3967	-1.2210995237182942e-06
3968	-1.2211028206365881e-06
3969	-1.221110665028391e-06
3970	-1.221123739014729e-06
3971	-1.2211410194140626e-06
3972	-1.2211606872369885e-06
3973	-1.2211822877361556e-06
3974	-1.2212050251036999e-06
3975	-1.2212273077238933e-06
3976	-1.2212459523652797e-06
3977	-1.2212581168569159e-06
3978	-1.221263346451451e-06
3979	-1.2212652791276923e-06
3980	-1.2212685760459863e-06
3981	-1.22127687518514e-06
3982	-1.221290290231991e-06
3983	-1.2213064337629476e-06
3984	-1.2213223499202286e-06
3985	-1.2213365607749438e-06
3986	-1.221349521074444e-06
3987	-1.2213628224344575e-06
3988	-1.2213778290970367e-06
3989	-1.221394086314831e-06
3990	-1.2214096614115988e-06
3991	-1.2214237585794763e-06
3992	-1.2214378557473538e-06
3993	-1.2214534308441216e-06
3994	-1.2214704838697799e-06
3995	-1.2214877642691135e-06
3996	-1.2215045899210963e-06
3997	-1.221520278704702e-06
3998	-1.2215339211252285e-06
3999	-1.2215450624353252e-06
4000	-1.221554157382343e-06
4001	-1.2215622291478212e-06
4002	-1.2215703009132994e-06
4003	-1.2215791684866417e-06
4004	-1.221588831867848e-06
4005	-1.2215992910569184e-06
4006	-1.221611341861717e-06
4007	-1.221626007463783e-06
4008	-1.2216432878631167e-06
4009	-1.2216610230098013e-06
4010	-1.2216765981065691e-06
4011	-1.2216884215376922e-06
4012	-1.2216976301715476e-06
4013	-1.2217067251185654e-06
4014	-1.221717866428662e-06
4015	-1.2217317362228641e-06
4016	-1.2217464018249302e-06
4017	-1.2217592484375928e-06
4018	-1.2217694802529877e-06
4019	-1.2217780067658168e-06
4020	-1.2217869880259968e-06
4021	-1.221798356709769e-06
4022	-1.2218131359986728e-06
4023	-1.2218320080137346e-06
4024	-1.2218546316944412e-06
4025	-1.2218789606777136e-06
4026	-1.2219023801662843e-06
4027	-1.221922502736561e-06
4028	-1.2219377367728157e-06
4029	-1.2219479685882106e-06
4030	-1.221955585606338e-06
4031	-1.2219644531796803e-06
4032	-1.2219770724186674e-06
4033	-1.2219931022627861e-06
4034	-1.222010268975282e-06
4035	-1.2220265261930763e-06
4036	-1.2220408507346292e-06
4037	-1.222054038407805e-06
4038	-1.222067908202007e-06
4039	-1.2220840517329634e-06
4040	-1.2221016731928103e-06
4041	-1.2221182714711176e-06
4042	-1.2221324823258328e-06
4043	-1.222144646817469e-06
4044	-1.2221551060065394e-06
4045	-1.22216306408518e-06
4046	-1.2221676115586888e-06
4047	-1.2221701126691187e-06
4048	-1.2221738643347635e-06
4049	-1.2221823908475926e-06
4050	-1.2221968290759833e-06
4051	-1.2222152463436942e-06
4052	-1.2222335499245673e-06
4053	-1.2222483292134712e-06
4054	-1.2222586747157038e-06
4055	-1.2222664054206689e-06
4056	-1.2222739087519585e-06
4057	-1.2222825489516254e-06
4058	-1.2222924397065071e-06
4059	-1.2223036947034416e-06
4060	-1.2223164276292664e-06
4061	-1.2223304111103062e-06
4062	-1.2223445082781836e-06
4063	-1.2223580370118725e-06
4064	-1.2223722478665877e-06
4065	-1.2223896419527591e-06
4066	-1.2224119245729526e-06
4067	-1.2224385272929794e-06
4068	-1.222466494255059e-06
4069	-1.2224912779856822e-06
4070	-1.2225102636875818e-06
4071	-1.2225241334817838e-06
4072	-1.2225352747918805e-06
4073	-1.2225450518599246e-06
4074	-1.2225538057464291e-06
4075	-1.2225615364513942e-06
4076	-1.2225694945300347e-06
4077	-1.222579157911241e-06
4078	-1.2225915497765527e-06
4079	-1.222606101691781e-06
4080	-1.2226214494148735e-06
4081	-1.2226358876432641e-06
4082	-1.222649416376953e-06
4083	-1.2226622629896156e-06
4084	-1.2226749959154404e-06
4085	-1.2226877288412652e-06
4086	-1.2227010302012786e-06
4087	-1.2227158094901824e-06
4088	-1.222732294081652e-06
4089	-1.2227490060467971e-06
4090	-1.2227628758409992e-06
4091	-1.2227720844748546e-06
4092	-1.2227770866957144e-06
4093	-1.222780952048197e-06
4094	-1.222785840582219e-06
4095	-1.2227933439135086e-06
4096	-1.2228040304762544e-06
4097	-1.2228179002704564e-06
4098	-1.222833589054062e-06
4099	-1.2228488230903167e-06
4100	-1.2228615560161415e-06
4101	-1.2228717878315365e-06
4102	-1.2228819059600937e-06
4103	-1.2228947525727563e-06
4104	-1.2229123740326031e-06
4105	-1.2229349977133097e-06
4106	-1.2229612593728234e-06
4107	-1.2229888852743898e-06
4108	-1.2230140100655262e-06
4109	-1.2230327683937503e-06
4110	-1.2230434549564961e-06
4111	-1.2230477750563296e-06
4112	-1.2230498214194085e-06
4113	-1.223054141519242e-06
4114	-1.2230638049004483e-06
4115	-1.2230789252498653e-06
4116	-1.2230973425175762e-06
4117	-1.2231161008458002e-06
4118	-1.2231325854372699e-06
4119	-1.2231453183630947e-06
4120	-1.2231542996232747e-06
4121	-1.2231610071467003e-06
4122	-1.2231671462359373e-06
4123	-1.2231738537593628e-06
4124	-1.2231810160301393e-06
4125	-1.2231886330482666e-06
4126	-1.2231969321874203e-06
4127	-1.2232061408212758e-06
4128	-1.2232169410708593e-06
4129	-1.2232304698045482e-06
4130	-1.2232475228302064e-06
4131	-1.2232670769662946e-06
4132	-1.2232871995365713e-06
4133	-1.2233059578647953e-06
4134	-1.2233222150825895e-06
4135	-1.223336766997818e-06
4136	-1.223350977852533e-06
4137	-1.2233647339598974e-06
4138	-1.2233764437041827e-06
4139	-1.22338406072231e-06
4140	-1.2233882671353058e-06
4141	-1.2233917914272752e-06
4142	-1.2233977031428367e-06
4143	-1.2234071391503676e-06
4144	-1.2234199857630301e-06
4145	-1.2234362429808243e-06
4146	-1.2234562518642633e-06
4147	-1.2234808082212112e-06
4148	-1.2235087751832907e-06
4149	-1.2235370832058834e-06
4150	-1.223561298502318e-06
4151	-1.2235780104674632e-06
4152	-1.2235864232934546e-06
4153	-1.2235885833433713e-06
4154	-1.223587901222345e-06
4155	-1.2235880149091827e-06
4156	-1.2235918802616652e-06
4157	-1.2236006341481698e-06
4158	-1.2236141628818586e-06
4159	-1.2236313295943546e-06
4160	-1.2236511111041182e-06
4161	-1.223671233674395e-06
4162	-1.2236884003868909e-06
4163	-1.2237003375048516e-06
4164	-1.2237078408361413e-06
4165	-1.2237145483595668e-06
4166	-1.2237247801749618e-06
4167	-1.2237400142112165e-06
4168	-1.2237580904184142e-06
4169	-1.2237762803124497e-06
4170	-1.223792878590757e-06
4171	-1.2238073168191477e-06
4172	-1.2238186855029198e-06
4173	-1.2238265298947226e-06
4174	-1.2238318731760955e-06
4175	-1.223837443831144e-06
4176	-1.2238458566571353e-06
4177	-1.2238575664014206e-06
4178	-1.223870867761434e-06
4179	-1.2238828048793948e-06
4180	-1.2238915587658994e-06
4181	-1.2238971294209477e-06
4182	-1.2239016768944566e-06
4183	-1.2239083844178822e-06
4184	-1.2239196394148166e-06
4185	-1.2239368061273126e-06
4186	-1.2239605666763964e-06
4187	-1.22398932944634e-06
4188	-1.224019570145174e-06
4189	-1.2240474234204157e-06
4190	-1.2240702744747978e-06
4191	-1.2240872138136183e-06
4192	-1.2240990372447413e-06
4193	-1.224107791131246e-06
4194	-1.2241166587045882e-06
4195	-1.2241282547620358e-06
4196	-1.2241436024851282e-06
4197	-1.2241619060660014e-06
4198	-1.2241807780810632e-06
4199	-1.2241980584803969e-06
4200	-1.2242120419614366e-06
4201	-1.2242222737768316e-06
4202	-1.2242290949870949e-06
4203	-1.2242342108947923e-06
4204	-1.2242400089235161e-06
4205	-1.2242476259416435e-06
4206	-1.2242560387676349e-06
4207	-1.2242637694726e-06
4208	-1.2242712728038896e-06
4209	-1.2242810498719336e-06
4210	-1.2242951470398111e-06
4211	-1.224312768499658e-06
4212	-1.2243318678883952e-06
4213	-1.2243508535902947e-06
4214	-1.2243689297974925e-06
4215	-1.2243856417626375e-06
4216	-1.2244003073647036e-06
4217	-1.224412017108989e-06
4218	-1.224420543621818e-06
4219	-1.2244260005900287e-06
4220	-1.224428729074134e-06
4221	-1.2244303206898621e-06
4222	-1.2244341860423447e-06
4223	-1.2244443041709019e-06
4224	-1.224462607751775e-06
4225	-1.224487164108723e-06
4226	-1.224513653141912e-06
4227	-1.2245379821251845e-06
4228	-1.224559014190163e-06
4229	-1.224577431457874e-06
4230	-1.2245943707966944e-06
4231	-1.2246101732671377e-06
4232	-1.224625975737581e-06
4233	-1.2246429150764016e-06
4234	-1.2246607639099238e-06
4235	-1.2246777032487444e-06
4236	-1.2246922551639727e-06
4237	-1.2247041922819335e-06
4238	-1.2247137419763021e-06
4239	-1.2247205631865654e-06
4240	-1.224726020154776e-06
4241	-1.2247330687387148e-06
4242	-1.224743641614623e-06
4243	-1.224757852469338e-06
4244	-1.2247739960002946e-06
4245	-1.224789343723387e-06
4246	-1.2248010534676723e-06
4247	-1.2248079883647733e-06
4248	-1.2248125358382822e-06
4249	-1.2248186749275192e-06
4250	-1.2248283383087255e-06
4251	-1.2248415259819012e-06
4252	-1.2248569873918314e-06
4253	-1.2248736993569764e-06
4254	-1.2248908660694724e-06
4255	-1.2249070096004289e-06
4256	-1.2249207657077932e-06
4257	-1.22493190701789e-06
4258	-1.2249413430254208e-06
4259	-1.2249508927197894e-06
4260	-1.2249621477167238e-06
4261	-1.2249759038240882e-06
4262	-1.2249912515471806e-06
4263	-1.2250068266439484e-06
4264	-1.2250220606802031e-06
4265	-1.2250378631506464e-06
4266	-1.225056394105195e-06
4267	-1.2250790177859017e-06
4268	-1.22510505207174e-06
4269	-1.22513199585228e-06
4270	-1.225155642714526e-06
4271	-1.2251730368006974e-06
4272	-1.2251840644239564e-06
4273	-1.2251919088157592e-06
4274	-1.2251990710865357e-06
4275	-1.2252065744178253e-06
4276	-1.2252139640622772e-06
4277	-1.2252212400198914e-06
4278	-1.2252284022906679e-06
4279	-1.2252353371877689e-06
4280	-1.2252424994585454e-06
4281	-1.2252505712240236e-06
4282	-1.2252595524842036e-06
4283	-1.2252691021785722e-06
4284	-1.225280243488669e-06
4285	-1.225294113282871e-06
4286	-1.2253095746928011e-06
4287	-1.2253245813553804e-06
4288	-1.2253384511495824e-06
4289	-1.225352093570109e-06
4290	-1.2253663044248242e-06
4291	-1.2253815384610789e-06
4292	-1.2253972272446845e-06
4293	-1.2254123475941014e-06
4294	-1.2254263310751412e-06
4295	-1.2254389503141283e-06
4296	-1.225450546371576e-06
4297	-1.2254613466211595e-06
4298	-1.2254703278813395e-06
4299	-1.2254769217179273e-06
4300	-1.2254816965651116e-06
4301	-1.22548726722016e-06
4302	-1.2254963621671777e-06
4303	-1.2255108003955684e-06
4304	-1.2255291039764415e-06
4305	-1.2255492265467183e-06
4306	-1.2255699175511836e-06
4307	-1.2255911769898375e-06
4308	-1.2256124364284915e-06
4309	-1.2256323316250928e-06
4310	-1.2256483614692115e-06
4311	-1.225659161718795e-06
4312	-1.2256656418685452e-06
4313	-1.2256708714630804e-06
4314	-1.2256773516128305e-06
4315	-1.2256864465598483e-06
4316	-1.225698383677809e-06
4317	-1.2257136177140637e-06
4318	-1.2257320349817746e-06
4319	-1.2257534081072663e-06
4320	-1.2257773960300256e-06
4321	-1.225801725013298e-06
4322	-1.2258230981387896e-06
4323	-1.225839696417097e-06
4324	-1.2258516335350578e-06
4325	-1.2258601600478869e-06
4326	-1.2258661854502861e-06
4327	-1.2258706192369573e-06
4328	-1.2258747119631153e-06
4329	-1.2258791457497864e-06
4330	-1.2258848300916725e-06
4331	-1.2258926744834753e-06
4332	-1.2259034747330588e-06
4333	-1.225918140335125e-06
4334	-1.225936898663349e-06
4335	-1.2259586128493538e-06
4336	-1.225980554409034e-06
4337	-1.2260006769793108e-06
4338	-1.2260178436918068e-06
4339	-1.226032054546522e-06
4340	-1.2260449011591845e-06
4341	-1.2260580888323602e-06
4342	-1.2260729818081018e-06
4343	-1.226088443218032e-06
4344	-1.2261024266990717e-06
4345	-1.2261147048775456e-06
4346	-1.2261266419955064e-06
4347	-1.2261389201739803e-06
4348	-1.2261509709787788e-06
4349	-1.2261617712283623e-06
4350	-1.2261712072358932e-06
4351	-1.226180302182911e-06
4352	-1.226190533998306e-06
4353	-1.2262038353583193e-06
4354	-1.226220319949789e-06
4355	-1.2262391919648508e-06
4356	-1.226259541908803e-06
4357	-1.2262802329132683e-06
4358	-1.2263002417967073e-06
4359	-1.2263187727512559e-06
4360	-1.2263365078979405e-06
4361	-1.2263528788025724e-06
4362	-1.2263667485967744e-06
4363	-1.2263768667253316e-06
4364	-1.2263835742487572e-06
4365	-1.2263880080354284e-06
4366	-1.2263910775800468e-06
4367	-1.2263932376299636e-06
4368	-1.2263958524272311e-06
4369	-1.2264006272744155e-06
4370	-1.226408585353056e-06
4371	-1.226419612976315e-06
4372	-1.226432686962653e-06
4373	-1.2264471251910436e-06
4374	-1.226463268722e-06
4375	-1.2264807764950092e-06
4376	-1.2264985116416938e-06
4377	-1.2265149962331634e-06
4378	-1.2265305713299313e-06
4379	-1.2265468285477255e-06
4380	-1.2265651321285986e-06
4381	-1.2265847999515245e-06
4382	-1.226604581461288e-06
4383	-1.2266231124158367e-06
4384	-1.226640961249359e-06
4385	-1.2266591511433944e-06
4386	-1.226677682097943e-06
4387	-1.2266959856788162e-06
4388	-1.2267130387044745e-06
4389	-1.2267275906197028e-06
4390	-1.2267383908692864e-06
4391	-1.2267445299585233e-06
4392	-1.2267468036952778e-06
4393	-1.2267472584426287e-06
4394	-1.2267485089978436e-06
4395	-1.2267535112187034e-06
4396	-1.2267641977814492e-06
4397	-1.226780227625568e-06
4398	-1.226799781761656e-06
4399	-1.2268204727661214e-06
4400	-1.2268403679627227e-06
4401	-1.2268586715435958e-06
4402	-1.2268751561350655e-06
4403	-1.226890503858158e-06
4404	-1.2269048283997108e-06
4405	-1.2269179023860488e-06
4406	-1.2269289300093078e-06
4407	-1.2269371154616238e-06
4408	-1.2269430271771853e-06
4409	-1.226948484145396e-06
4410	-1.2269550779819838e-06
4411	-1.2269626950001111e-06
4412	-1.2269709941392648e-06
4413	-1.2269804301467957e-06
4414	-1.2269920262042433e-06
4415	-1.2270062370589585e-06
4416	-1.2270218121557264e-06
4417	-1.2270365914446302e-06
4418	-1.2270496654309682e-06
4419	-1.2270608067410649e-06
4420	-1.227070129061758e-06
4421	-1.2270788829482626e-06
4422	-1.227088546329469e-06
4423	-1.2271000287000788e-06
4424	-1.2271127616259037e-06
4425	-1.2271274272279697e-06
4426	-1.2271453897483298e-06
4427	-1.22716733130801e-06
4428	-1.2271913192307693e-06
4429	-1.2272149660930154e-06
4430	-1.2272365665921825e-06
4431	-1.2272552112335688e-06
4432	-1.2272704452698235e-06
4433	-1.2272821550141089e-06
4434	-1.2272917047084775e-06
4435	-1.2273013680896838e-06
4436	-1.227312736773456e-06
4437	-1.2273269476281712e-06
4438	-1.227343773280154e-06
4439	-1.2273619631741894e-06
4440	-1.2273798120077117e-06
4441	-1.227396410286019e-06
4442	-1.2274118716959492e-06
4443	-1.2274260825506644e-06
4444	-1.2274385881028138e-06
4445	-1.2274485925445333e-06
4446	-1.2274566643100115e-06
4447	-1.227464281328139e-06
4448	-1.2274730352146435e-06
4449	-1.2274837217773893e-06
4450	-1.227496113642701e-06
4451	-1.2275103244974161e-06
4452	-1.227526354341535e-06
4453	-1.2275427252461668e-06
4454	-1.2275579592824215e-06
4455	-1.227570805895084e-06
4456	-1.2275811513973167e-06
4457	-1.2275895642233081e-06
4458	-1.2275964991204091e-06
4459	-1.227603092956997e-06
4460	-1.227610027854098e-06
4461	-1.2276180996195762e-06
4462	-1.2276278766876203e-06
4463	-1.2276409506739583e-06
4464	-1.2276584584469674e-06
4465	-1.227681082127674e-06
4466	-1.2277079122213763e-06
4467	-1.2277366749913199e-06
4468	-1.2277647556402371e-06
4469	-1.2277887435629964e-06
4470	-1.2278057965886546e-06
4471	-1.227814664161997e-06
4472	-1.2278168242119136e-06
4473	-1.227816710525076e-06
4474	-1.227819097948668e-06
4475	-1.227826032845769e-06
4476	-1.2278369467821904e-06
4477	-1.227850134455366e-06
4478	-1.2278651411179453e-06
4479	-1.2278817393962527e-06
4480	-1.2278992471692618e-06
4481	-1.2279168686291086e-06
4482	-1.2279323300390388e-06
4483	-1.2279440397833241e-06
4484	-1.22795222523564e-06
4485	-1.227958819072228e-06
4486	-1.2279658676561667e-06
4487	-1.227974735229509e-06
4488	-1.2279861039132811e-06
4489	-1.2279992915864568e-06
4490	-1.228012251885957e-06
4491	-1.228022483701352e-06
4492	-1.2280291912247776e-06
4493	-1.228034761879826e-06
4494	-1.2280436294531683e-06
4495	-1.2280586361157475e-06
4496	-1.2280785313123488e-06
4497	-1.2280991086299764e-06
4498	-1.228116047968797e-06
4499	-1.22812787139992e-06
4500	-1.2281359431653982e-06
4501	-1.2281424233151483e-06
4502	-1.2281489034648985e-06
4503	-1.2281565204830258e-06
4504	-1.2281667522984208e-06
4505	-1.2281821000215132e-06
4506	-1.2282033594601671e-06
4507	-1.2282290526854922e-06
4508	-1.2282550869713305e-06
4509	-1.2282774832783616e-06
4510	-1.228294877364533e-06
4511	-1.2283086334718973e-06
4512	-1.2283207979635336e-06
4513	-1.2283326213946566e-06
4514	-1.228343876391591e-06
4515	-1.2283543355806614e-06
4516	-1.228364340022381e-06
4517	-1.2283742307772627e-06
4518	-1.2283840078453068e-06
4519	-1.2283944670343772e-06
4520	-1.2284075410207151e-06
4521	-1.2284241392990225e-06
4522	-1.228443125000922e-06
4523	-1.2284626791370101e-06
4524	-1.228480300596857e-06
4525	-1.228494170391059e-06
4526	-1.2285042885196162e-06
4527	-1.2285124739719322e-06
4528	-1.2285205457374104e-06
4529	-1.2285294133107527e-06
4530	-1.2285400998734985e-06
4531	-1.2285536286071874e-06
4532	-1.2285699995118193e-06
4533	-1.2285884167795302e-06
4534	-1.2286079709156184e-06
4535	-1.228627752425382e-06
4536	-1.2286466244404437e-06
4537	-1.2286635637792642e-06
4538	-1.228677092512953e-06
4539	-1.2286872106415103e-06
4540	-1.2286958508411772e-06
4541	-1.2287055142223835e-06
4542	-1.2287184745218838e-06
4543	-1.228735527547542e-06
4544	-1.228755536430981e-06
4545	-1.2287758863749332e-06
4546	-1.2287933941479423e-06
4547	-1.2288064681342803e-06
4548	-1.2288159041418112e-06
4549	-1.2288242032809649e-06
4550	-1.2288344350963598e-06
4551	-1.2288472817090224e-06
4552	-1.2288610378163867e-06
4553	-1.2288744528632378e-06
4554	-1.2288872994759004e-06
4555	-1.2288998050280497e-06
4556	-1.228911969519686e-06
4557	-1.2289236792639713e-06
4558	-1.228936071129283e-06
4559	-1.2289509641050245e-06
4560	-1.228968699251709e-06
4561	-1.2289870028325822e-06
4562	-1.2290034874240519e-06
4563	-1.2290175845919293e-06
4564	-1.2290304312045919e-06
4565	-1.2290424820093904e-06
4566	-1.229053623319487e-06
4567	-1.2290641961953952e-06
4568	-1.2290745416976279e-06
4569	-1.2290855693208869e-06
4570	-1.2290975064388476e-06
4571	-1.2291106941120233e-06
4572	-1.2291250186535763e-06
4573	-1.2291396842556424e-06
4574	-1.229152871928818e-06
4575	-1.2291634448047262e-06
4576	-1.2291721986912307e-06
4577	-1.2291814073250862e-06
4578	-1.2291919802009943e-06
4579	-1.2292032351979287e-06
4580	-1.229214603881701e-06
4581	-1.2292269957470126e-06
4582	-1.2292417750359164e-06
4583	-1.229259510182601e-06
4584	-1.22927951906604e-06
4585	-1.2293012332520448e-06
4586	-1.229323629559076e-06
4587	-1.2293454574319185e-06
4588	-1.2293645568206557e-06
4589	-1.229379108735884e-06
4590	-1.2293891131776036e-06
4591	-1.2293966165088932e-06
4592	-1.229403665092832e-06
4593	-1.229411850545148e-06
4594	-1.2294223097342183e-06
4595	-1.2294351563468808e-06
4596	-1.2294502766962978e-06
4597	-1.229466533914092e-06
4598	-1.2294818816371844e-06
4599	-1.2294945008761715e-06
4600	-1.2295050737520796e-06
4601	-1.2295153055674746e-06
4602	-1.2295261058170581e-06
4603	-1.229536792379804e-06
4604	-1.2295460010136594e-06
4605	-1.2295530495975981e-06
4606	-1.2295595297473483e-06
4607	-1.2295677151996642e-06
4608	-1.229579652317625e-06
4609	-1.2295948863538797e-06
4610	-1.2296115983190248e-06
4611	-1.229627400789468e-06
4612	-1.2296418390178587e-06
4613	-1.2296561635594117e-06
4614	-1.2296720797166927e-06
4615	-1.2296884506213246e-06
4616	-1.229703002536553e-06
4617	-1.229714030159812e-06
4618	-1.2297221019252902e-06
4619	-1.2297290368223912e-06
4620	-1.229736881214194e-06
4621	-1.229746658282238e-06
4622	-1.2297587090870366e-06
4623	-1.2297722378207254e-06
4624	-1.2297875855438178e-06
4625	-1.2298055480641779e-06
4626	-1.2298253295739414e-06
4627	-1.229844315275841e-06
4628	-1.2298590945647447e-06
4629	-1.2298688716327888e-06
4630	-1.2298755791562144e-06
4631	-1.2298824003664777e-06
4632	-1.2298914953134954e-06
4633	-1.2299035461182939e-06
4634	-1.2299180980335223e-06
4635	-1.2299342415644787e-06
4636	-1.2299501577217598e-06
4637	-1.2299647096369881e-06
4638	-1.2299784657443524e-06
4639	-1.2299931313464185e-06
4640	-1.2300101843720768e-06
4641	-1.2300286016397877e-06
4642	-1.230045995725959e-06
4643	-1.2300607750148629e-06
4644	-1.2300723710723105e-06
4645	-1.2300810112719773e-06
4646	-1.2300868093007011e-06
4647	-1.2300909020268591e-06
4648	-1.230094994753017e-06
4649	-1.23010033803439e-06
4650	-1.2301076139920042e-06
4651	-1.2301184142415877e-06
4652	-1.2301344440857065e-06
4653	-1.2301561582717113e-06
4654	-1.230180828315497e-06
4655	-1.2302037930567167e-06
4656	-1.230220846082375e-06
4657	-1.2302311915846076e-06
4658	-1.2302369896133314e-06
4659	-1.2302422192078666e-06
4660	-1.230250177286507e-06
4661	-1.2302631375860074e-06
4662	-1.2302805316721788e-06
4663	-1.2303001994951046e-06
4664	-1.2303203220653813e-06
4665	-1.2303397625146317e-06
4666	-1.2303570429139654e-06
4667	-1.2303718222028692e-06
4668	-1.2303859193707467e-06
4669	-1.2304008123464882e-06
4670	-1.230416842190607e-06
4671	-1.230433213095239e-06
4672	-1.2304493566261954e-06
4673	-1.2304641359150992e-06
4674	-1.2304769825277617e-06
4675	-1.2304888059588848e-06
4676	-1.2305010841373587e-06
4677	-1.2305150676183985e-06
4678	-1.2305309837756795e-06
4679	-1.2305474683671491e-06
4680	-1.230563043463917e-06
4681	-1.2305771406317945e-06
4682	-1.2305897598707816e-06
4683	-1.2306001053730142e-06
4684	-1.2306078360779793e-06
4685	-1.230613634106703e-06
4686	-1.23061977319594e-06
4687	-1.2306286407692824e-06
4688	-1.2306412600082695e-06
4689	-1.2306562666708487e-06
4690	-1.2306703638387262e-06
4691	-1.2306813914619852e-06
4692	-1.230688781106437e-06
4693	-1.2306937833272968e-06
4694	-1.2306986718613189e-06
4695	-1.2307065162531217e-06
4696	-1.2307193628657842e-06
4697	-1.2307366432651179e-06
4698	-1.2307557426538551e-06
4699	-1.2307738188610529e-06
4700	-1.2307896213314962e-06
4701	-1.230803945873049e-06
4702	-1.2308189525356283e-06
4703	-1.2308355508139357e-06
4704	-1.230853399647458e-06
4705	-1.2308718169151689e-06
4706	-1.230890575243393e-06
4707	-1.2309087651374284e-06
4708	-1.2309254771025735e-06
4709	-1.2309388921494246e-06
4710	-1.2309487829043064e-06
4711	-1.2309569683566224e-06
4712	-1.2309661769904778e-06
4713	-1.2309786825426272e-06
4714	-1.2309951671340968e-06
4715	-1.231014266522834e-06
4716	-1.2310337069720845e-06
4717	-1.231052237926633e-06
4718	-1.2310696320128045e-06
4719	-1.2310850934227346e-06
4720	-1.2310970305406954e-06
4721	-1.231104533871985e-06
4722	-1.231107830790279e-06
4723	-1.2311099908401957e-06
4724	-1.2311148793742177e-06
4725	-1.2311247701290995e-06
4726	-1.231138867296977e-06
4727	-1.231155579262122e-06
4728	-1.2311734280956443e-06
4729	-1.2311909358686535e-06
4730	-1.2312067383390968e-06
4731	-1.231220494446461e-06
4732	-1.2312325452512596e-06
4733	-1.2312433455008431e-06
4734	-1.2312530088820495e-06
4735	-1.2312613080212031e-06
4736	-1.2312684702919796e-06
4737	-1.2312749504417297e-06
4738	-1.2312810895309667e-06
4739	-1.2312883654885809e-06
4740	-1.2312988246776513e-06
4741	-1.2313133765928796e-06
4742	-1.2313306569922133e-06
4743	-1.231347937391547e-06
4744	-1.2313641946093412e-06
4745	-1.2313804518271354e-06
4746	-1.2313987554080086e-06
4747	-1.231420242220338e-06
4748	-1.231443889082584e-06
4749	-1.2314665127632907e-06
4750	-1.2314850437178393e-06
4751	-1.2314986861383659e-06
4752	-1.2315096000747872e-06
4753	-1.231521082445397e-06
4754	-1.2315347248659236e-06
4755	-1.2315501862758538e-06
4756	-1.2315658750594594e-06
4757	-1.2315808817220386e-06
4758	-1.231594183082052e-06
4759	-1.2316053243921488e-06
4760	-1.2316144193391665e-06
4761	-1.2316229458519956e-06
4762	-1.2316330639805528e-06
4763	-1.2316450010985136e-06
4764	-1.231656710842799e-06
4765	-1.2316653510424658e-06
4766	-1.2316706943238387e-06
4767	-1.2316760376052116e-06
4768	-1.2316843367443653e-06
4769	-1.2316957054281374e-06
4770	-1.231708097293449e-06
4771	-1.231721171279787e-06
4772	-1.231736291629204e-06
4773	-1.2317544815232395e-06
4774	-1.231775513588218e-06
4775	-1.2317971140873851e-06
4776	-1.2318170092839864e-06
4777	-1.23183428968332e-06
4778	-1.231849410032737e-06
4779	-1.2318630524532637e-06
4780	-1.2318752169448999e-06
4781	-1.2318866993155098e-06
4782	-1.2318989774939837e-06
4783	-1.2319137567828875e-06
4784	-1.231931150869059e-06
4785	-1.2319501365709584e-06
4786	-1.2319692359596957e-06
4787	-1.2319867437327048e-06
4788	-1.2320012956479331e-06
4789	-1.2320123232711921e-06
4790	-1.2320214182182099e-06
4791	-1.2320308542257408e-06
4792	-1.2320414271016489e-06
4793	-1.2320529094722588e-06
4794	-1.2320651876507327e-06
4795	-1.2320782616370707e-06
4796	-1.2320916766839218e-06
4797	-1.2321052054176107e-06
4798	-1.2321191888986505e-06
4799	-1.2321341955612297e-06
4800	-1.2321497706579976e-06
4801	-1.2321655731284409e-06
4802	-1.2321817166593974e-06
4803	-1.2321992244324065e-06
4804	-1.232217414326442e-06
4805	-1.2322340126047493e-06
4806	-1.2322470865910873e-06
4807	-1.232256636285456e-06
4808	-1.2322644806772587e-06
4809	-1.2322723250690615e-06
4810	-1.232280283147702e-06
4811	-1.2322890370342066e-06
4812	-1.2323004057179787e-06
4813	-1.2323167766226106e-06
4814	-1.2323380360612646e-06
4815	-1.232361114489322e-06
4816	-1.2323814644332742e-06
4817	-1.2323951068538008e-06
4818	-1.2324009048825246e-06
4819	-1.232401587003551e-06
4820	-1.2324012459430378e-06
4821	-1.2324037470534677e-06
4822	-1.2324106819505687e-06
4823	-1.2324218232606654e-06
4824	-1.2324364888627315e-06
4825	-1.232454224009416e-06
4826	-1.2324736644586665e-06
4827	-1.2324929912210791e-06
4828	-1.2325103853072505e-06
4829	-1.2325259604040184e-06
4830	-1.232540398632409e-06
4831	-1.2325543821134488e-06
4832	-1.2325683655944886e-06
4833	-1.2325823490755283e-06
4834	-1.2325966736170813e-06
4835	-1.2326113392191473e-06
4836	-1.2326254363870248e-06
4837	-1.2326390788075514e-06
4838	-1.2326522664807271e-06
4839	-1.2326651130933897e-06
4840	-1.2326771638981882e-06
4841	-1.2326879641477717e-06
4842	-1.2326977412158158e-06
4843	-1.2327076319706975e-06
4844	-1.2327183185334434e-06
4845	-1.2327293461567024e-06
4846	-1.2327393505984219e-06
4847	-1.2327477634244133e-06
4848	-1.2327554941293783e-06
4849	-1.2327644753895584e-06
4850	-1.2327758440733305e-06
4851	-1.2327896001806948e-06
4852	-1.232804265782761e-06
4853	-1.232817680829612e-06
4854	-1.232828708452871e-06
4855	-1.2328382581472397e-06
4856	-1.2328473530942574e-06
4857	-1.2328571301623015e-06
4858	-1.2328672482908587e-06
4859	-1.2328767979852273e-06
4860	-1.2328861203059205e-06
4861	-1.2328980574238813e-06
4862	-1.232914883075864e-06
4863	-1.2329362562013557e-06
4864	-1.2329599030636018e-06
4865	-1.232983549925848e-06
4866	-1.2330057188592036e-06
4867	-1.233025955116318e-06
4868	-1.233044372384029e-06
4869	-1.233061880157038e-06
4870	-1.2330793879300472e-06
4871	-1.2330971230767318e-06
4872	-1.2331140624155523e-06
4873	-1.2331290690781316e-06
4874	-1.233141574630281e-06
4875	-1.2331519201325136e-06
4876	-1.233161128766369e-06
4877	-1.2331690868450096e-06
4878	-1.233176703863137e-06
4879	-1.2331859124969924e-06
4880	-1.2331986454228172e-06
4881	-1.2332152437011246e-06
4882	-1.2332337746556732e-06
4883	-1.2332511687418446e-06
4884	-1.2332656069702352e-06
4885	-1.2332773167145206e-06
4886	-1.2332870937825646e-06
4887	-1.2332965297900955e-06
4888	-1.2333060794844641e-06
4889	-1.2333151744314819e-06
4890	-1.2333234735706355e-06
4891	-1.2333325685176533e-06
4892	-1.233344505635614e-06
4893	-1.2333607628534082e-06
4894	-1.2333806580500095e-06
4895	-1.2334014627413126e-06
4896	-1.2334190842011594e-06
4897	-1.2334307939454447e-06
4898	-1.2334364782873308e-06
4899	-1.233438865710923e-06
4900	-1.2334412531345151e-06
4901	-1.2334462553553749e-06
4902	-1.2334569419181207e-06
4903	-1.2334750181253185e-06
4904	-1.2335005976638058e-06
4905	-1.2335302699284512e-06
4906	-1.2335599421930965e-06
4907	-1.2335865449131234e-06
4908	-1.2336090549069922e-06
4909	-1.233626676366839e-06
4910	-1.233638954545313e-06
4911	-1.2336457757555763e-06
4912	-1.2336489589870325e-06
4913	-1.233652028531651e-06
4914	-1.2336574854998617e-06
4915	-1.2336662393863662e-06
4916	-1.2336770396359498e-06
4917	-1.233687953572371e-06
4918	-1.2336986401351169e-06
4919	-1.2337093266978627e-06
4920	-1.2337212638158235e-06
4921	-1.23373490623635e-06
4922	-1.2337487760305521e-06
4923	-1.2337616226432147e-06
4924	-1.233774582942715e-06
4925	-1.2337899306658073e-06
4926	-1.2338073247519787e-06
4927	-1.2338252872723388e-06
4928	-1.2338429087321856e-06
4929	-1.233860757565708e-06
4930	-1.2338780379650416e-06
4931	-1.2338932720012963e-06
4932	-1.2339055501797702e-06
4933	-1.2339149861873011e-06
4934	-1.2339221484580776e-06
4935	-1.2339268096184242e-06
4936	-1.2339290833551786e-06
4937	-1.233931357091933e-06
4938	-1.2339363593127928e-06
4939	-1.2339459090071614e-06
4940	-1.2339596651145257e-06
4941	-1.2339769455138594e-06
4942	-1.233997522831487e-06
4943	-1.2340201465121936e-06
4944	-1.234042429132387e-06
4945	-1.2340631201368524e-06
4946	-1.2340821058387519e-06
4947	-1.2340999546722742e-06
4948	-1.234116780324257e-06
4949	-1.2341315596131608e-06
4950	-1.2341434967311216e-06
4951	-1.234152705364977e-06
4952	-1.2341602086962666e-06
4953	-1.23416702990653e-06
4954	-1.2341751016720082e-06
4955	-1.2341854471742408e-06
4956	-1.2341985211605788e-06
4957	-1.2342138688836712e-06
4958	-1.2342297850409523e-06
4959	-1.2342438822088297e-06
4960	-1.2342546824584133e-06
4961	-1.2342636637185933e-06
4962	-1.2342741229076637e-06
4963	-1.2342879927018657e-06
4964	-1.2343044772933354e-06
4965	-1.2343208481979673e-06
4966	-1.2343343769316562e-06
4967	-1.234345063494402e-06
4968	-1.2343550679361215e-06
4969	-1.2343668913672445e-06
4970	-1.2343818980298238e-06
4971	-1.2343990647423198e-06
4972	-1.2344171409495175e-06
4973	-1.2344351034698775e-06
4974	-1.2344527249297244e-06
4975	-1.2344694368948694e-06
4976	-1.234484329870611e-06
4977	-1.234496608049085e-06
4978	-1.2345068398644798e-06
4979	-1.2345162758720107e-06
4980	-1.2345261666268925e-06
4981	-1.2345379900580156e-06
4982	-1.2345524282864062e-06
4983	-1.2345691402515513e-06
4984	-1.2345861932772095e-06
4985	-1.234601541000302e-06
4986	-1.2346147286734777e-06
4987	-1.2346267794782761e-06
4988	-1.2346391713435878e-06
4989	-1.2346530411377898e-06
4990	-1.2346683888608823e-06
4991	-1.2346833955234615e-06
4992	-1.2346952189545846e-06
4993	-1.2347035180937382e-06
4994	-1.234710111930326e-06
4995	-1.2347173878879403e-06
4996	-1.2347269375823089e-06
4997	-1.2347392157607828e-06
4998	-1.2347541087365244e-06
4999	-1.2347719575700467e-06
5000	-1.2347927622613497e-06
5001	-1.234815499628894e-06
5002	-1.2348382369964384e-06
5003	-1.2348592690614169e-06
5004	-1.2348782547633164e-06
5005	-1.2348950804152992e-06
5006	-1.234909063896339e-06
5007	-1.2349191820248961e-06
5008	-1.2349253211141331e-06
5009	-1.2349291864666156e-06
5010	-1.2349336202532868e-06
5011	-1.2349411235845764e-06
5012	-1.2349529470156995e-06
5013	-1.234968635799305e-06
5014	-1.234986257259152e-06
5015	-1.2350043334663496e-06
5016	-1.235020931744657e-06
5017	-1.2350341194178327e-06
5018	-1.2350428733043373e-06
5019	-1.235048330272548e-06
5020	-1.235052764059219e-06
5021	-1.2350585620879428e-06
5022	-1.2350677707217983e-06
5023	-1.2350824363238644e-06
5024	-1.2351027862678166e-06
5025	-1.2351265468169004e-06
5026	-1.235150762113335e-06
5027	-1.2351725899861776e-06
5028	-1.2351902114460245e-06
5029	-1.2352039675533888e-06
5030	-1.235215336237161e-06
5031	-1.2352252269920427e-06
5032	-1.2352337535048719e-06
5033	-1.2352403473414597e-06
5034	-1.2352452358754817e-06
5035	-1.2352503517831792e-06
5036	-1.235258196174982e-06
5037	-1.2352709291008068e-06
5038	-1.23528923268168e-06
5039	-1.2353117426755489e-06
5040	-1.2353348211036064e-06
5041	-1.2353543752396945e-06
5042	-1.2353685860944097e-06
5043	-1.2353789315966424e-06
5044	-1.2353873444226338e-06
5045	-1.2353951888144366e-06
5046	-1.235403146893077e-06
5047	-1.2354122418400948e-06
5048	-1.2354230420896783e-06
5049	-1.2354355476418277e-06
5050	-1.2354502132438938e-06
5051	-1.2354676073300652e-06
5052	-1.235486479345127e-06
5053	-1.2355054650470265e-06
5054	-1.2355239960015751e-06
5055	-1.2355413900877465e-06
5056	-1.2355565104371635e-06
5057	-1.2355683338682866e-06
5058	-1.2355764056337648e-06
5059	-1.2355807257335982e-06
5060	-1.2355829994703527e-06
5061	-1.2355864100754843e-06
5062	-1.2355940270936117e-06
5063	-1.2356058505247347e-06
5064	-1.2356193792584236e-06
5065	-1.2356332490526256e-06
5066	-1.2356481420283671e-06
5067	-1.2356647403066745e-06
5068	-1.2356822480796836e-06
5069	-1.23570089272107e-06
5070	-1.2357207879176713e-06
5071	-1.2357411378616234e-06
5072	-1.2357593277556589e-06
5073	-1.2357730838630232e-06
5074	-1.2357822924968787e-06
5075	-1.2357887726466288e-06
5076	-1.2357953664832166e-06
5077	-1.2358043477433966e-06
5078	-1.2358163985481951e-06
5079	-1.2358310641502612e-06
5080	-1.2358461844996782e-06
5081	-1.2358592584860162e-06
5082	-1.2358694903014111e-06
5083	-1.2358796084299684e-06
5084	-1.2358922276689555e-06
5085	-1.2359075753920479e-06
5086	-1.2359253105387324e-06
5087	-1.2359453194221715e-06
5088	-1.2359660104266368e-06
5089	-1.2359849961285363e-06
5090	-1.2360007985989796e-06
5091	-1.2360137588984799e-06
5092	-1.2360247865217389e-06
5093	-1.2360343362161075e-06
5094	-1.2360426353552612e-06
5095	-1.2360501386865508e-06
5096	-1.2360568462099764e-06
5097	-1.2360624168650247e-06
5098	-1.2360669643385336e-06
5099	-1.236072080246231e-06
5100	-1.2360795835775207e-06
5101	-1.2360909522612928e-06
5102	-1.236106413671223e-06
5103	-1.236125626746798e-06
5104	-1.2361466588117764e-06
5105	-1.2361674635030795e-06
5106	-1.2361861081444658e-06
5107	-1.2362024790490977e-06
5108	-1.2362169172774884e-06
5109	-1.2362294228296378e-06
5110	-1.2362397683318704e-06
5111	-1.2362482948446996e-06
5112	-1.2362573897917173e-06
5113	-1.236270577464893e-06
5114	-1.2362894494799548e-06
5115	-1.2363123005343368e-06
5116	-1.2363356063360698e-06
5117	-1.2363566384010483e-06
5118	-1.2363736914267065e-06
5119	-1.2363872201603954e-06
5120	-1.2363989299046807e-06
5121	-1.2364097301542643e-06
5122	-1.2364203030301724e-06
5123	-1.236431103279756e-06
5124	-1.2364426993372035e-06
5125	-1.236453954334138e-06
5126	-1.2364635040285066e-06
5127	-1.2364721442281734e-06
5128	-1.2364815802357043e-06
5129	-1.236492721545801e-06
5130	-1.2365054544716259e-06
5131	-1.2365195516395033e-06
5132	-1.2365348993625958e-06
5133	-1.2365510428935522e-06
5134	-1.2365676411718596e-06
5135	-1.2365843531370047e-06
5136	-1.236599700860097e-06
5137	-1.2366117516648956e-06
5138	-1.2366202781777247e-06
5139	-1.236626644640637e-06
5140	-1.2366331247903872e-06
5141	-1.236642219737405e-06
5142	-1.236656089531607e-06
5143	-1.2366756436676951e-06
5144	-1.2366988357825903e-06
5145	-1.2367231647658627e-06
5146	-1.2367466979412711e-06
5147	-1.2367681847536005e-06
5148	-1.2367858062134474e-06
5149	-1.2367979707050836e-06
5150	-1.2368061561573995e-06
5151	-1.2368138868623646e-06
5152	-1.2368241186777595e-06
5153	-1.2368371926640975e-06
5154	-1.2368519719530013e-06
5155	-1.23686800179712e-06
5156	-1.2368846000754274e-06
5157	-1.236901084666897e-06
5158	-1.2369164323899895e-06
5159	-1.2369315527394065e-06
5160	-1.236947241523012e-06
5161	-1.2369632713671308e-06
5162	-1.2369777095955214e-06
5163	-1.2369890782792936e-06
5164	-1.2369969226710964e-06
5165	-1.2370032891340088e-06
5166	-1.237011815646838e-06
5167	-1.2370250033200136e-06
5168	-1.2370412605378078e-06
5169	-1.2370566082609002e-06
5170	-1.2370683180051856e-06
5171	-1.2370761623969884e-06
5172	-1.2370819604257122e-06
5173	-1.237086962646572e-06
5174	-1.2370920785542694e-06
5175	-1.2370978765829932e-06
5176	-1.2371056072879583e-06
5177	-1.2371164075375418e-06
5178	-1.2371309594527702e-06
5179	-1.237149376720481e-06
5180	-1.2371692719170824e-06
5181	-1.237187802871631e-06
5182	-1.2372033779683989e-06
5183	-1.2372170203889254e-06
5184	-1.2372304354357766e-06
5185	-1.2372444189168164e-06
5186	-1.2372595392662333e-06
5187	-1.2372754554235144e-06
5188	-1.2372917126413085e-06
5189	-1.2373069466775632e-06
5190	-1.2373205890980898e-06
5191	-1.2373334357107524e-06
5192	-1.2373463960102526e-06
5193	-1.2373598110571038e-06
5194	-1.2373739082249813e-06
5195	-1.2373895970085869e-06
5196	-1.237407104781596e-06
5197	-1.2374247262414428e-06
5198	-1.2374404150250484e-06
5199	-1.2374531479508732e-06
5200	-1.237463834513619e-06
5201	-1.2374741800158517e-06
5202	-1.2374849802654353e-06
5203	-1.2374957805150189e-06
5204	-1.2375056712699006e-06
5205	-1.2375154483379447e-06
5206	-1.2375265896480414e-06
5207	-1.2375404594422434e-06
5208	-1.237556148225849e-06
5209	-1.2375718370094546e-06
5210	-1.2375869573588716e-06
5211	-1.2376025324556394e-06
5212	-1.23761947179446e-06
5213	-1.23763743431482e-06
5214	-1.2376551694615046e-06
5215	-1.2376716540529742e-06
5216	-1.2376860922813648e-06
5217	-1.2376968925309484e-06
5218	-1.2377025768728345e-06
5219	-1.2377038274280494e-06
5220	-1.2377040548017249e-06
5221	-1.2377090570225846e-06
5222	-1.2377221310089226e-06
5223	-1.2377429357002256e-06
5224	-1.237768515238713e-06
5225	-1.2377963685139548e-06
5226	-1.2378234259813325e-06
5227	-1.2378458222883637e-06
5228	-1.2378618521324825e-06
5229	-1.2378732208162546e-06
5230	-1.2378835663184873e-06
5231	-1.2378943665680708e-06
5232	-1.2379053941913298e-06
5233	-1.2379151712593739e-06
5234	-1.2379240388327162e-06
5235	-1.237933474840247e-06
5236	-1.2379442750898306e-06
5237	-1.2379562122077914e-06
5238	-1.2379696272546425e-06
5239	-1.2379853160382481e-06
5240	-1.2380028238112573e-06
5241	-1.2380197631500778e-06
5242	-1.2380351108731702e-06
5243	-1.2380488669805345e-06
5244	-1.2380605767248198e-06
5245	-1.2380693306113244e-06
5246	-1.2380763791952631e-06
5247	-1.2380835414660396e-06
5248	-1.2380913858578424e-06
5249	-1.2381002534311847e-06
5250	-1.2381108263070928e-06
5251	-1.2381239002934308e-06
5252	-1.2381385658954969e-06
5253	-1.2381531178107252e-06
5254	-1.2381660781102255e-06
5255	-1.238176878359809e-06
5256	-1.2381862006805022e-06
5257	-1.2381946135064936e-06
5258	-1.2382023442114587e-06
5259	-1.2382101886032615e-06
5260	-1.2382198519844678e-06
5261	-1.2382333807181567e-06
5262	-1.238251229551679e-06
5263	-1.2382722616166575e-06
5264	-1.2382943168631755e-06
5265	-1.2383160310491803e-06
5266	-1.2383378589220229e-06
5267	-1.238359004673839e-06
5268	-1.23837742194155e-06
5269	-1.2383915191094275e-06
5270	-1.2384018646116601e-06
5271	-1.238410504811327e-06
5272	-1.2384181218294543e-06
5273	-1.238424374605529e-06
5274	-1.238430058947415e-06
5275	-1.238437448591867e-06
5276	-1.2384493857098278e-06
5277	-1.2384666661091615e-06
5278	-1.2384867886794382e-06
5279	-1.2385062291286886e-06
5280	-1.2385221452859696e-06
5281	-1.2385339687170926e-06
5282	-1.2385438594719744e-06
5283	-1.2385548870952334e-06
5284	-1.2385679610815714e-06
5285	-1.2385813761284226e-06
5286	-1.2385935406200588e-06
5287	-1.2386047956169932e-06
5288	-1.238616277987603e-06
5289	-1.2386287835397525e-06
5290	-1.2386419712129282e-06
5291	-1.2386560683808057e-06
5292	-1.2386719845380867e-06
5293	-1.2386902881189599e-06
5294	-1.2387101833155612e-06
5295	-1.238729055330623e-06
5296	-1.2387440619932022e-06
5297	-1.2387528158797068e-06
5298	-1.2387556580506498e-06
5299	-1.238755544363812e-06
5300	-1.2387569086058647e-06
5301	-1.2387635024424526e-06
5302	-1.2387769174893037e-06
5303	-1.2387962442517164e-06
5304	-1.2388192089929362e-06
5305	-1.2388439927235595e-06
5306	-1.2388687764541828e-06
5307	-1.238891172761214e-06
5308	-1.2389087942210608e-06
5309	-1.2389211860863725e-06
5310	-1.2389305084070656e-06
5311	-1.2389402854751097e-06
5312	-1.2389531320877722e-06
5313	-1.2389689345582156e-06
5314	-1.2389861012707115e-06
5315	-1.239003040609532e-06
5316	-1.2390196388878394e-06
5317	-1.2390364645398222e-06
5318	-1.239053290191805e-06
5319	-1.2390677284201956e-06
5320	-1.2390770507408888e-06
5321	-1.2390817119012354e-06
5322	-1.2390850088195293e-06
5323	-1.2390910342219286e-06
5324	-1.2391009249768103e-06
5325	-1.2391130894684466e-06
5326	-1.2391252539600828e-06
5327	-1.239136622643855e-06
5328	-1.2391483323881403e-06
5329	-1.2391617474349914e-06
5330	-1.2391767540975707e-06
5331	-1.23919176076015e-06
5332	-1.2392046073728125e-06
5333	-1.239214611814532e-06
5334	-1.2392237067615497e-06
5335	-1.2392339385769446e-06
5336	-1.2392454209475545e-06
5337	-1.2392564485708135e-06
5338	-1.239265657204669e-06
5339	-1.2392735015964718e-06
5340	-1.239282369169814e-06
5341	-1.2392951020956389e-06
5342	-1.2393135193633498e-06
5343	-1.2393371662255959e-06
5344	-1.2393633141982718e-06
5345	-1.2393876431815443e-06
5346	-1.2394082204991719e-06
5347	-1.2394253872116678e-06
5348	-1.239440848621598e-06
5349	-1.2394556279105018e-06
5350	-1.2394696113915415e-06
5351	-1.23948166219634e-06
5352	-1.2394908708301955e-06
5353	-1.239497578353621e-06
5354	-1.239502921634994e-06
5355	-1.2395088333505555e-06
5356	-1.2395181556712487e-06
5357	-1.2395321391522884e-06
5358	-1.2395496469252976e-06
5359	-1.239568291566684e-06
5360	-1.2395861404002062e-06
5361	-1.239601715496974e-06
5362	-1.2396145621096366e-06
5363	-1.2396247939250316e-06
5364	-1.2396325246299966e-06
5365	-1.2396386637192336e-06
5366	-1.2396444617479574e-06
5367	-1.239651169271383e-06
5368	-1.2396600368447253e-06
5369	-1.2396715192153351e-06
5370	-1.2396853890095372e-06
5371	-1.239701418853656e-06
5372	-1.239719381374016e-06
5373	-1.2397391628837795e-06
5374	-1.2397595128277317e-06
5375	-1.2397783848427935e-06
5376	-1.2397935051922104e-06
5377	-1.239803054886579e-06
5378	-1.2398069202390616e-06
5379	-1.2398090802889783e-06
5380	-1.2398152193782153e-06
5381	-1.239827611243527e-06
5382	-1.239845119016536e-06
5383	-1.2398656963341637e-06
5384	-1.239887637893844e-06
5385	-1.239909693140362e-06
5386	-1.2399309525790159e-06
5387	-1.2399501656545908e-06
5388	-1.2399652860040078e-06
5389	-1.2399760862535913e-06
5390	-1.2399847264532582e-06
5391	-1.2399945035213022e-06
5392	-1.240007691194478e-06
5393	-1.240023607351759e-06
5394	-1.2400400919432286e-06
5395	-1.2400550986058079e-06
5396	-1.2400680589053081e-06
5397	-1.2400796549627557e-06
5398	-1.2400919331412297e-06
5399	-1.2401055755617563e-06
5400	-1.240120013790147e-06
5401	-1.2401336562106735e-06
5402	-1.2401453659549588e-06
5403	-1.2401545745888143e-06
5404	-1.2401617368595907e-06
5405	-1.2401684443830163e-06
5406	-1.24017674352217e-06
5407	-1.2401867479638895e-06
5408	-1.2401970934661222e-06
5409	-1.2402070979078417e-06
5410	-1.2402184665916138e-06
5411	-1.2402341553752194e-06
5412	-1.2402557558743865e-06
5413	-1.2402805396050098e-06
5414	-1.240302935912041e-06
5415	-1.240318852069322e-06
5416	-1.240329083884717e-06
5417	-1.2403371556501952e-06
5418	-1.2403459095366998e-06
5419	-1.2403558002915815e-06
5420	-1.2403661457938142e-06
5421	-1.2403756954881828e-06
5422	-1.240384222001012e-06
5423	-1.240393203261192e-06
5424	-1.2404051403791527e-06
5425	-1.240421397596947e-06
5426	-1.2404419749145745e-06
5427	-1.2404644849084434e-06
5428	-1.2404861990944482e-06
5429	-1.2405052984831855e-06
5430	-1.240521783074655e-06
5431	-1.2405358802425326e-06
5432	-1.240547931047331e-06
5433	-1.240557367054862e-06
5434	-1.2405640745782875e-06
5435	-1.2405690767991473e-06
5436	-1.2405744200805202e-06
5437	-1.2405823781591607e-06
5438	-1.240594087903446e-06
5439	-1.2406098903738894e-06
5440	-1.2406280802679248e-06
5441	-1.2406458154146094e-06
5442	-1.240660253643e-06
5443	-1.2406713949530968e-06
5444	-1.240681058334303e-06
5445	-1.2406915175233735e-06
5446	-1.2407049325702246e-06
5447	-1.2407218719090451e-06
5448	-1.240740743924107e-06
5449	-1.2407591611918178e-06
5450	-1.2407753047227743e-06
5451	-1.2407882650222746e-06
5452	-1.2407980420903186e-06
5453	-1.240805659108446e-06
5454	-1.2408128213792224e-06
5455	-1.2408214615788893e-06
5456	-1.2408322618284728e-06
5457	-1.2408445400069468e-06
5458	-1.2408557950038812e-06
5459	-1.2408647762640612e-06
5460	-1.2408731890900526e-06
5461	-1.2408853535816888e-06
5462	-1.2409039982230752e-06
5463	-1.2409283272063476e-06
5464	-1.2409552709868876e-06
5465	-1.2409831242621294e-06
5466	-1.2410101817295072e-06
5467	-1.2410337149049155e-06
5468	-1.2410513363647624e-06
5469	-1.2410630461090477e-06
5470	-1.2410712315613637e-06
5471	-1.2410786212058156e-06
5472	-1.2410869203449693e-06
5473	-1.2410969247866888e-06
5474	-1.2411085208441364e-06
5475	-1.2411210263962857e-06
5476	-1.2411328498274088e-06
5477	-1.2411428542691283e-06
5478	-1.2411510397214442e-06
5479	-1.241158884113247e-06
5480	-1.2411677516865893e-06
5481	-1.2411782108756597e-06
5482	-1.2411902616804582e-06
5483	-1.2412040177878225e-06
5484	-1.2412200476319413e-06
5485	-1.2412388059601653e-06
5486	-1.2412605201461702e-06
5487	-1.2412840533215785e-06
5488	-1.2413072454364737e-06
5489	-1.2413266858857241e-06
5490	-1.241340669366764e-06
5491	-1.2413505601216457e-06
5492	-1.2413599961291766e-06
5493	-1.2413709100655979e-06
5494	-1.24138227874937e-06
5495	-1.241391714756901e-06
5496	-1.241398194906651e-06
5497	-1.2414028560669976e-06
5498	-1.2414072898536688e-06
5499	-1.2414134289429057e-06
5500	-1.2414218417688971e-06
5501	-1.2414328693921561e-06
5502	-1.2414468528731959e-06
5503	-1.2414641332725296e-06
5504	-1.2414849379638326e-06
5505	-1.241508925886592e-06
5506	-1.2415339369908907e-06
5507	-1.2415567880452727e-06
5508	-1.2415748642524704e-06
5509	-1.2415896435413742e-06
5510	-1.2416041954566026e-06
5511	-1.2416204526743968e-06
5512	-1.241637505700055e-06
5513	-1.2416528534231475e-06
5514	-1.2416653589752968e-06
5515	-1.2416753634170163e-06
5516	-1.2416842309903586e-06
5517	-1.2416935533110518e-06
5518	-1.2417045809343108e-06
5519	-1.2417184507285128e-06
5520	-1.2417352763804956e-06
5521	-1.2417543757692329e-06
5522	-1.241773134097457e-06
5523	-1.2417884818205494e-06
5524	-1.2417978041412425e-06
5525	-1.2418013284332119e-06
5526	-1.241802124241076e-06
5527	-1.241804966412019e-06
5528	-1.2418132655511727e-06
5529	-1.2418272490322124e-06
5530	-1.2418453252394102e-06
5531	-1.2418657888702e-06
5532	-1.2418871619956917e-06
5533	-1.2419077393133193e-06
5534	-1.241926270267868e-06
5535	-1.2419416179909604e-06
5536	-1.2419526456142194e-06
5537	-1.2419594668244827e-06
5538	-1.2419646964190179e-06
5539	-1.2419717450029566e-06
5540	-1.2419823178788647e-06
5541	-1.2419961876730667e-06
5542	-1.242012444890861e-06
5543	-1.2420313169059227e-06
5544	-1.242052007910388e-06
5545	-1.2420731536622043e-06
5546	-1.2420927077982924e-06
5547	-1.2421081692082225e-06
5548	-1.2421185147104552e-06
5549	-1.2421259043549071e-06
5550	-1.2421338624335476e-06
5551	-1.2421442079357803e-06
5552	-1.2421563724274165e-06
5553	-1.2421694464137545e-06
5554	-1.242182747773768e-06
5555	-1.2421960491337813e-06
5556	-1.2422088957464439e-06
5557	-1.2422211739249178e-06
5558	-1.2422332247297163e-06
5559	-1.242245616595028e-06
5560	-1.2422590316418791e-06
5561	-1.2422730151229189e-06
5562	-1.2422862027960946e-06
5563	-1.2422976851667045e-06
5564	-1.2423074622347485e-06
5565	-1.2423170119291171e-06
5566	-1.2423281532392139e-06
5567	-1.2423416819729027e-06
5568	-1.242357484443346e-06
5569	-1.2423745374690043e-06
5570	-1.2423923863025266e-06
5571	-1.242410576196562e-06
5572	-1.2424281976564089e-06
5573	-1.2424435453795013e-06
5574	-1.242455937244813e-06
5575	-1.242466510120721e-06
5576	-1.2424765145624406e-06
5577	-1.242486177943647e-06
5578	-1.2424953865775024e-06
5579	-1.2425043678376824e-06
5580	-1.2425143722794019e-06
5581	-1.2425263093973626e-06
5582	-1.242540065504727e-06
5583	-1.242555981662008e-06
5584	-1.2425742852428812e-06
5585	-1.2425942941263202e-06
5586	-1.2426143030097592e-06
5587	-1.2426324929037946e-06
5588	-1.2426474995663739e-06
5589	-1.2426585271896329e-06
5590	-1.2426651210262207e-06
5591	-1.24266864531819e-06
5592	-1.24267114642862e-06
5593	-1.2426751254679402e-06
5594	-1.242682174051879e-06
5595	-1.2426928606146248e-06
5596	-1.2427069577825023e-06
5597	-1.2427244655555114e-06
5598	-1.2427445881257881e-06
5599	-1.2427659612512798e-06
5600	-1.2427867659425829e-06
5601	-1.2428054105839692e-06
5602	-1.242820985680737e-06
5603	-1.2428339459802373e-06
5604	-1.2428454283508472e-06
5605	-1.242856114913593e-06
5606	-1.2428668014763389e-06
5607	-1.2428771469785715e-06
5608	-1.2428877198544797e-06
5609	-1.242900225406629e-06
5610	-1.242915800503397e-06
5611	-1.2429336493369192e-06
5612	-1.2429513844836038e-06
5613	-1.2429673006408848e-06
5614	-1.2429812841219245e-06
5615	-1.2429932212398853e-06
5616	-1.2430029983079294e-06
5617	-1.2430101605787058e-06
5618	-1.2430159586074296e-06
5619	-1.243022325070342e-06
5620	-1.2430314200173598e-06
5621	-1.2430446076905355e-06
5622	-1.2430612059688428e-06
5623	-1.2430800779839046e-06
5624	-1.2431006553015322e-06
5625	-1.2431213463059976e-06
5626	-1.2431391951395199e-06
5627	-1.2431521554390201e-06
5628	-1.2431612503860379e-06
5629	-1.2431696632120293e-06
5630	-1.2431796676537488e-06
5631	-1.2431929690137622e-06
5632	-1.2432101357262582e-06
5633	-1.2432311677912367e-06
5634	-1.243254700966645e-06
5635	-1.2432782341420534e-06
5636	-1.243299607267545e-06
5637	-1.243318024535256e-06
5638	-1.2433340543793747e-06
5639	-1.2433480378604145e-06
5640	-1.243359292857349e-06
5641	-1.243367819370178e-06
5642	-1.2433744132067659e-06
5643	-1.243380097548652e-06
5644	-1.2433858955773758e-06
5645	-1.2433938536560163e-06
5646	-1.243404994966113e-06
5647	-1.2434187510734773e-06
5648	-1.2434333029887057e-06
5649	-1.2434479685907718e-06
5650	-1.2434639984348905e-06
5651	-1.2434820746420883e-06
5652	-1.2435007192834746e-06
5653	-1.2435174312486197e-06
5654	-1.243531187355984e-06
5655	-1.2435421012924053e-06
5656	-1.2435514236130985e-06
5657	-1.2435605185601162e-06
5658	-1.243569954567647e-06
5659	-1.2435803000698797e-06
5660	-1.2435934877430554e-06
5661	-1.2436121323844418e-06
5662	-1.2436362339940388e-06
5663	-1.243663064087741e-06
5664	-1.2436890983735793e-06
5665	-1.2437118357411237e-06
5666	-1.243729684574646e-06
5667	-1.2437424175004708e-06
5668	-1.243751285073813e-06
5669	-1.243758674718265e-06
5670	-1.2437669738574186e-06
5671	-1.2437776604201645e-06
5672	-1.2437906207196647e-06
5673	-1.2438042631401913e-06
5674	-1.2438168823791784e-06
5675	-1.2438279100024374e-06
5676	-1.2438378007573192e-06
5677	-1.24384723676485e-06
5678	-1.243857468580245e-06
5679	-1.2438699741323944e-06
5680	-1.243884071300272e-06
5681	-1.2438978274076362e-06
5682	-1.243908968717733e-06
5683	-1.2439170404832112e-06
5684	-1.2439231795724481e-06
5685	-1.2439288639143342e-06
5686	-1.2439360261851107e-06
5687	-1.243946144313668e-06
5688	-1.2439593319868436e-06
5689	-1.2439749070836115e-06
5690	-1.2439919601092697e-06
5691	-1.2440102636901429e-06
5692	-1.2440291357052047e-06
5693	-1.2440475529729156e-06
5694	-1.244064151251223e-06
5695	-1.2440777936717495e-06
5696	-1.2440884802344954e-06
5697	-1.244096779373649e-06
5698	-1.2441045100786141e-06
5699	-1.2441140597729827e-06
5700	-1.2441277021935093e-06
5701	-1.2441465742085711e-06
5702	-1.2441694252629532e-06
5703	-1.2441936405593879e-06
5704	-1.2442170600479585e-06
5705	-1.244238546860288e-06
5706	-1.2442576462490251e-06
5707	-1.244274471901008e-06
5708	-1.2442892511899117e-06
5709	-1.2443023251762497e-06
5710	-1.2443138075468596e-06
5711	-1.2443235846149037e-06
5712	-1.2443314290067065e-06
5713	-1.2443382502169698e-06
5714	-1.2443465493561234e-06
5715	-1.2443580317267333e-06
5716	-1.2443721288946108e-06
5717	-1.2443872492440278e-06
5718	-1.2444012327250675e-06
5719	-1.244412032974651e-06
5720	-1.2444196499927784e-06
5721	-1.2444274943845812e-06
5722	-1.244439431502542e-06
5723	-1.2444560297808493e-06
5724	-1.2444744470485603e-06
5725	-1.2444913863873808e-06
5726	-1.2445046877473942e-06
5727	-1.2445131005733856e-06
5728	-1.2445168522390304e-06
5729	-1.2445187849152717e-06
5730	-1.2445220818335656e-06
5731	-1.2445283346096403e-06
5732	-1.2445381116776844e-06
5733	-1.2445520951587241e-06
5734	-1.2445710808606236e-06
5735	-1.2445945003491943e-06
5736	-1.244618715645629e-06
5737	-1.2446389519027434e-06
5738	-1.2446523669495946e-06
5739	-1.2446596429072088e-06
5740	-1.2446637356333667e-06
5741	-1.2446686241673888e-06
5742	-1.2446772643670556e-06
5743	-1.2446912478480954e-06
5744	-1.2447101198631572e-06
5745	-1.244731038241298e-06
5746	-1.2447503650037106e-06
5747	-1.2447662811609916e-06
5748	-1.2447799235815182e-06
5749	-1.2447933386283694e-06
5750	-1.2448083452909486e-06
5751	-1.2448255120034446e-06
5752	-1.2448442703316687e-06
5753	-1.2448630286598927e-06
5754	-1.2448803090592264e-06
5755	-1.2448953157218057e-06
5756	-1.2449085033949814e-06
5757	-1.2449219184418325e-06
5758	-1.2449376072254381e-06
5759	-1.244954773937934e-06
5760	-1.2449692121663247e-06
5761	-1.2449769428712898e-06
5762	-1.244978079739667e-06
5763	-1.2449766018107766e-06
5764	-1.244977283931803e-06
5765	-1.2449830819605268e-06
5766	-1.2449954738258384e-06
5767	-1.2450143458409002e-06
5768	-1.2450371968952822e-06
5769	-1.2450608437575283e-06
5770	-1.2450828990040463e-06
5771	-1.245103021574323e-06
5772	-1.2451220072762226e-06
5773	-1.2451408792912844e-06
5774	-1.2451591828721575e-06
5775	-1.245175326403114e-06
5776	-1.2451864677132107e-06
5777	-1.24518999200518e-06
5778	-1.2451848760974826e-06
5779	-1.2451748716557631e-06
5780	-1.245167140950798e-06
5781	-1.2451679367586621e-06
5782	-1.2451791917555965e-06
5783	-1.2451995416995487e-06
5784	-1.2452258033590624e-06
5785	-1.2452546798158437e-06
5786	-1.245283556272625e-06
5787	-1.2453103863663273e-06
5788	-1.2453331237338716e-06
5789	-1.245349267264828e-06
5790	-1.2453576800908195e-06
5791	-1.2453600675144116e-06
5792	-1.2453608633222757e-06
5793	-1.245364387614245e-06
5794	-1.2453731415007496e-06
5795	-1.2453862154870876e-06
5796	-1.245402359018044e-06
5797	-1.2454204352252418e-06
5798	-1.245439534613979e-06
5799	-1.2454588613763917e-06
5800	-1.2454765965230763e-06
5801	-1.245491034751467e-06
5802	-1.2455029718694277e-06
5803	-1.245514681613713e-06
5804	-1.245527755600051e-06
5805	-1.2455423075152794e-06
5806	-1.2455569731173455e-06
5807	-1.245570274477359e-06
5808	-1.2455823252821574e-06
5809	-1.2455935802790918e-06
5810	-1.2456047215891886e-06
5811	-1.2456166587071493e-06
5812	-1.245630301127676e-06
5813	-1.2456459899112815e-06
5814	-1.2456627018764266e-06
5815	-1.2456782769731944e-06
5816	-1.2456908962121815e-06
5817	-1.2457003322197124e-06
5818	-1.2457072671168135e-06
5819	-1.2457135198928881e-06
5820	-1.2457218190320418e-06
5821	-1.2457346656447044e-06
5822	-1.2457520597308758e-06
5823	-1.2457713864932884e-06
5824	-1.2457902585083502e-06
5825	-1.2458074252208462e-06
5826	-1.245823000317614e-06
5827	-1.2458370974854915e-06
5828	-1.2458507399060181e-06
5829	-1.2458641549528693e-06
5830	-1.2458768878786941e-06
5831	-1.2458893934308435e-06
5832	-1.2459032632250455e-06
5833	-1.245920202563866e-06
5834	-1.2459405525078182e-06
5835	-1.2459624940674985e-06
5836	-1.2459838671929901e-06
5837	-1.2460038760764292e-06
5838	-1.2460221796573023e-06
5839	-1.2460380958145834e-06
5840	-1.2460508287404082e-06
5841	-1.2460609468689654e-06
5842	-1.2460700418159831e-06
5843	-1.2460800462577026e-06
5844	-1.2460920970625011e-06
5845	-1.2461053984225146e-06
5846	-1.246118245035177e-06
5847	-1.2461293863452738e-06
5848	-1.2461389360396424e-06
5849	-1.246147689926147e-06
5850	-1.2461563301258138e-06
5851	-1.2461654250728316e-06
5852	-1.2461755432013888e-06
5853	-1.2461866845114855e-06
5854	-1.2461983942557708e-06
5855	-1.2462096492527053e-06
5856	-1.2462191989470739e-06
5857	-1.2462276117730653e-06
5858	-1.2462361382858944e-06
5859	-1.2462470522223157e-06
5860	-1.2462618315112195e-06
5861	-1.2462809308999567e-06
5862	-1.2463033272069879e-06
5863	-1.24632617826137e-06
5864	-1.2463468692658353e-06
5865	-1.2463642633520067e-06
5866	-1.2463784742067219e-06
5867	-1.246389842890494e-06
5868	-1.246398824150674e-06
5869	-1.2464063274819637e-06
5870	-1.246413944500091e-06
5871	-1.2464217888918938e-06
5872	-1.2464296332836966e-06
5873	-1.2464385008570389e-06
5874	-1.2464514611565392e-06
5875	-1.2464709016057895e-06
5876	-1.2464961400837637e-06
5877	-1.2465241070458433e-06
5878	-1.2465507097658701e-06
5879	-1.2465718555176863e-06
5880	-1.2465852705645375e-06
5881	-1.246591978087963e-06
5882	-1.2465956160667702e-06
5883	-1.2466005046007922e-06
5884	-1.2466088037399459e-06
5885	-1.246620172423718e-06
5886	-1.2466334737837315e-06
5887	-1.2466484804463107e-06
5888	-1.2466656471588067e-06
5889	-1.2466831549318158e-06
5890	-1.246697820533882e-06
5891	-1.2467086207834654e-06
5892	-1.2467169199226191e-06
5893	-1.2467257874959614e-06
5894	-1.2467370424928959e-06
5895	-1.2467507986002602e-06
5896	-1.2467653505154885e-06
5897	-1.2467787655623397e-06
5898	-1.246790475306625e-06
5899	-1.2468011618693708e-06
5900	-1.2468121894926298e-06
5901	-1.2468252634789678e-06
5902	-1.2468403838283848e-06
5903	-1.2468560726119904e-06
5904	-1.2468708519008942e-06
5905	-1.2468854038161226e-06
5906	-1.2469018884075922e-06
5907	-1.2469212151700049e-06
5908	-1.2469422472349834e-06
5909	-1.246961573997396e-06
5910	-1.2469765806599753e-06
5911	-1.2469873809095589e-06
5912	-1.2469961347960634e-06
5913	-1.247004433935217e-06
5914	-1.2470128467612085e-06
5915	-1.2470219417082262e-06
5916	-1.2470337651393493e-06
5917	-1.2470496812966303e-06
5918	-1.2470679848775035e-06
5919	-1.2470851515899994e-06
5920	-1.2470990213842015e-06
5921	-1.2471092531995964e-06
5922	-1.2471163017835352e-06
5923	-1.2471215313780704e-06
5924	-1.2471271020331187e-06
5925	-1.2471349464249215e-06
5926	-1.2471456329876673e-06
5927	-1.2471595027818694e-06
5928	-1.2471758736865013e-06
5929	-1.2471932677726727e-06
5930	-1.247210661858844e-06
5931	-1.2472269190766383e-06
5932	-1.2472405614971649e-06
5933	-1.2472504522520467e-06
5934	-1.2472569324017968e-06
5935	-1.2472622756831697e-06
5936	-1.2472684147724067e-06
5937	-1.2472759181036963e-06
5938	-1.2472852404243895e-06
5939	-1.2472970638555125e-06
5940	-1.2473125252654427e-06
5941	-1.2473308288463159e-06
5942	-1.247350382982404e-06
5943	-1.2473692549974658e-06
5944	-1.247386308023124e-06
5945	-1.2474018831198919e-06
5946	-1.2474175719034974e-06
5947	-1.247435761797533e-06
5948	-1.2474571349230246e-06
5949	-1.2474800996642443e-06
5950	-1.2475020412239246e-06
5951	-1.2475205721784732e-06
5952	-1.247534555659513e-06
5953	-1.2475444464143948e-06
5954	-1.2475513813114958e-06
5955	-1.2475571793402196e-06
5956	-1.2475636594899697e-06
5957	-1.2475727544369875e-06
5958	-1.2475854873628123e-06
5959	-1.2476012898332556e-06
5960	-1.247618229172076e-06
5961	-1.2476343727030326e-06
5962	-1.247649265678774e-06
5963	-1.2476637039071647e-06
5964	-1.2476782558223931e-06
5965	-1.2476921256165951e-06
5966	-1.2477038353608805e-06
5967	-1.2477123618737096e-06
5968	-1.2477190693971352e-06
5969	-1.2477263453547494e-06
5970	-1.2477363497964689e-06
5971	-1.2477493100959691e-06
5972	-1.247764885192737e-06
5973	-1.2477821655920707e-06
5974	-1.2477997870519175e-06
5975	-1.247815475835523e-06
5976	-1.2478274129534839e-06
5977	-1.2478353710321244e-06
5978	-1.2478413964345236e-06
5979	-1.2478479902711115e-06
5980	-1.2478570852181292e-06
5981	-1.2478697044571163e-06
5982	-1.2478856206143973e-06
5983	-1.2479043789426214e-06
5984	-1.2479254110076e-06
5985	-1.2479473525672802e-06
5986	-1.2479677025112323e-06
5987	-1.247984982910566e-06
5988	-1.2479997621994698e-06
5989	-1.2480127224989701e-06
5990	-1.2480236364353914e-06
5991	-1.2480321629482205e-06
5992	-1.2480387567848084e-06
5993	-1.248045464308234e-06
5994	-1.2480549003157648e-06
5995	-1.2480684290494537e-06
5996	-1.2480857094487874e-06
5997	-1.2481060593927396e-06
5998	-1.2481280009524198e-06
5999	-1.2481482372095343e-06
6000	-1.2481632438721135e-06
6001	-1.2481723388191313e-06
6002	-1.2481777957873419e-06
6003	-1.248182229574013e-06
6004	-1.2481885960369254e-06
6005	-1.248199396286509e-06
6006	-1.248215767191141e-06
6007	-1.2482350939535536e-06
6008	-1.2482536249081022e-06
6009	-1.2482689726311946e-06
6010	-1.2482813644965063e-06
6011	-1.2482927331802784e-06
6012	-1.2483048976719147e-06
6013	-1.2483192222134676e-06
6014	-1.24833456993656e-06
6015	-1.2483493492254638e-06
6016	-1.2483628779591527e-06
6017	-1.2483760656323284e-06
6018	-1.248390503860719e-06
6019	-1.2484072158258641e-06
6020	-1.2484254057198996e-06
6021	-1.2484433682402596e-06
6022	-1.2484600802054047e-06
6023	-1.2484747458074708e-06
6024	-1.2484872513596201e-06
6025	-1.2484989611039055e-06
6026	-1.2485114666560548e-06
6027	-1.2485252227634192e-06
6028	-1.2485390925576212e-06
6029	-1.2485520528571215e-06
6030	-1.2485642173487577e-06
6031	-1.248576722900907e-06
6032	-1.2485916158766486e-06
6033	-1.248609805770684e-06
6034	-1.248629814654123e-06
6035	-1.2486488003560225e-06
6036	-1.248664943886979e-06
6037	-1.2486785863075056e-06
6038	-1.2486916602938436e-06
6039	-1.248706212209072e-06
6040	-1.2487228104873793e-06
6041	-1.248740090886713e-06
6042	-1.2487553249229677e-06
6043	-1.2487665799199021e-06
6044	-1.2487748790590558e-06
6045	-1.2487837466323981e-06
6046	-1.2487953426898457e-06
6047	-1.24880909879721e-06
6048	-1.2488231959650875e-06
6049	-1.248836497325101e-06
6050	-1.2488485481298994e-06
6051	-1.2488599168136716e-06
6052	-1.2488710581237683e-06
6053	-1.2488803804444615e-06
6054	-1.2488860647863476e-06
6055	-1.2488894753914792e-06
6056	-1.248894477612339e-06
6057	-1.2489039136198699e-06
6058	-1.2489178971009096e-06
6059	-1.2489350638134056e-06
6060	-1.248953708454792e-06
6061	-1.2489728078435292e-06
6062	-1.2489921346059418e-06
6063	-1.2490121434893808e-06
6064	-1.2490334029280348e-06
6065	-1.2490552308008773e-06
6066	-1.2490763765526935e-06
6067	-1.2490954759414308e-06
6068	-1.2491126426539267e-06
6069	-1.2491277630033437e-06
6070	-1.2491404959291685e-06
6071	-1.249149704563024e-06
6072	-1.2491551615312346e-06
6073	-1.2491580037021777e-06
6074	-1.249160732186283e-06
6075	-1.2491665302150068e-06
6076	-1.249177444151428e-06
6077	-1.249193019248196e-06
6078	-1.2492118912632577e-06
6079	-1.2492319001466967e-06
6080	-1.2492511132222717e-06
6081	-1.2492687346821185e-06
6082	-1.249284082405211e-06
6083	-1.249296701644198e-06
6084	-1.2493071608332684e-06
6085	-1.2493173926486634e-06
6086	-1.2493278518377338e-06
6087	-1.2493385384004796e-06
6088	-1.2493495660237386e-06
6089	-1.249361275768024e-06
6090	-1.2493735539464979e-06
6091	-1.2493873100538622e-06
6092	-1.2494026577769546e-06
6093	-1.2494191423684242e-06
6094	-1.2494352858993807e-06
6095	-1.249449837814609e-06
6096	-1.2494620023062453e-06
6097	-1.2494717793742893e-06
6098	-1.2494803058871184e-06
6099	-1.2494894008341362e-06
6100	-1.2495002010837197e-06
6101	-1.2495127066358691e-06
6102	-1.2495253258748562e-06
6103	-1.2495373766796547e-06
6104	-1.2495488590502646e-06
6105	-1.2495611372287385e-06
6106	-1.2495755754571292e-06
6107	-1.2495934242906515e-06
6108	-1.2496147974161431e-06
6109	-1.2496384442783892e-06
6110	-1.2496627732616616e-06
6111	-1.2496860790633946e-06
6112	-1.249706315320509e-06
6113	-1.2497229135988164e-06
6114	-1.2497367833930184e-06
6115	-1.2497497436925187e-06
6116	-1.2497619081841549e-06
6117	-1.249773276867927e-06
6118	-1.2497840771175106e-06
6119	-1.2497954458012828e-06
6120	-1.249807610292919e-06
6121	-1.249819433724042e-06
6122	-1.2498295518525993e-06
6123	-1.2498368278102134e-06
6124	-1.249841943717911e-06
6125	-1.2498467185650952e-06
6126	-1.24985297134117e-06
6127	-1.24986195260135e-06
6128	-1.2498730939114466e-06
6129	-1.2498851447162451e-06
6130	-1.2498985597630963e-06
6131	-1.2499143622335396e-06
6132	-1.2499336889959523e-06
6133	-1.2499549484346062e-06
6134	-1.2499756394390715e-06
6135	-1.2499929198384052e-06
6136	-1.2500053117037169e-06
6137	-1.250013042408682e-06
6138	-1.2500172488216776e-06
6139	-1.250019977305783e-06
6140	-1.2500239563451032e-06
6141	-1.2500323691710946e-06
6142	-1.2500471484599984e-06
6143	-1.2500680668381392e-06
6144	-1.250093873750302e-06
6145	-1.2501217270255438e-06
6146	-1.2501481023718952e-06
6147	-1.2501700439315755e-06
6148	-1.2501858464020188e-06
6149	-1.2501957371569006e-06
6150	-1.250201648872462e-06
6151	-1.2502063100328087e-06
6152	-1.250212676495721e-06
6153	-1.250222112503252e-06
6154	-1.2502338222475373e-06
6155	-1.2502463277996867e-06
6156	-1.2502591744123492e-06
6157	-1.250273157893389e-06
6158	-1.2502883919296437e-06
6159	-1.2503028301580343e-06
6160	-1.2503143125286442e-06
6161	-1.2503223842941225e-06
6162	-1.2503288644438726e-06
6163	-1.2503356856541359e-06
6164	-1.2503436437327764e-06
6165	-1.250353193427145e-06
6166	-1.250364675797755e-06
6167	-1.2503779771577683e-06
6168	-1.2503925290729967e-06
6169	-1.2504081041697646e-06
6170	-1.2504248161349096e-06
6171	-1.250442210221081e-06
6172	-1.250458581125713e-06
6173	-1.250471996172564e-06
6174	-1.250483023795823e-06
6175	-1.2504946198532707e-06
6176	-1.2505087170211482e-06
6177	-1.2505246331784292e-06
6178	-1.2505405493357102e-06
6179	-1.2505544191299123e-06
6180	-1.250565560440009e-06
6181	-1.2505756785685662e-06
6182	-1.2505875019996893e-06
6183	-1.2506038729043212e-06
6184	-1.250625587090326e-06
6185	-1.2506505981946248e-06
6186	-1.2506748134910595e-06
6187	-1.2506955044955248e-06
6188	-1.2507116480264813e-06
6189	-1.2507244946391438e-06
6190	-1.2507359770097537e-06
6191	-1.2507473456935259e-06
6192	-1.250758714377298e-06
6193	-1.2507691735663684e-06
6194	-1.250779973815952e-06
6195	-1.25079304780229e-06
6196	-1.2508096460805973e-06
6197	-1.250828177035146e-06
6198	-1.2508454574344796e-06
6199	-1.2508589861681685e-06
6200	-1.250868990609888e-06
6201	-1.2508781992437434e-06
6202	-1.2508883173723007e-06
6203	-1.2508988902482088e-06
6204	-1.250908212568902e-06
6205	-1.2509152611528407e-06
6206	-1.250920036000025e-06
6207	-1.2509246971603716e-06
6208	-1.2509317457443103e-06
6209	-1.2509435691754334e-06
6210	-1.2509599400800653e-06
6211	-1.2509781299741007e-06
6212	-1.2509958651207853e-06
6213	-1.2510120086517418e-06
6214	-1.2510264468801324e-06
6215	-1.2510389524322818e-06
6216	-1.251049866368703e-06
6217	-1.2510597571235849e-06
6218	-1.2510691931311158e-06
6219	-1.2510794249465107e-06
6220	-1.2510927263065241e-06
6221	-1.2511100067058578e-06
6222	-1.2511297882156214e-06
6223	-1.2511497970990604e-06
6224	-1.2511676459325827e-06
6225	-1.251182197847811e-06
6226	-1.251193680218421e-06
6227	-1.2512035709733027e-06
6228	-1.2512147122833994e-06
6229	-1.25122915051179e-06
6230	-1.2512480225268519e-06
6231	-1.2512703051470453e-06
6232	-1.2512925877672387e-06
6233	-1.251310891348112e-06
6234	-1.2513224874055595e-06
6235	-1.251328399121121e-06
6236	-1.2513328329077922e-06
6237	-1.2513403362390818e-06
6238	-1.251352500730718e-06
6239	-1.2513675073932973e-06
6240	-1.2513833098637406e-06
6241	-1.2513991123341839e-06
6242	-1.2514140053099254e-06
6243	-1.251427647730452e-06
6244	-1.25144072171679e-06
6245	-1.2514549325715052e-06
6246	-1.2514710761024617e-06
6247	-1.2514880154412822e-06
6248	-1.2515041589722387e-06
6249	-1.2515183698269539e-06
6250	-1.2515300795712392e-06
6251	-1.2515398566392832e-06
6252	-1.2515494063336519e-06
6253	-1.2515605476437486e-06
6254	-1.2515740763774374e-06
6255	-1.2515893104136921e-06
6256	-1.25160488551046e-06
6257	-1.251619210052013e-06
6258	-1.2516316019173246e-06
6259	-1.2516424021669081e-06
6260	-1.2516535434770049e-06
6261	-1.2516668448370183e-06
6262	-1.251682874681137e-06
6263	-1.2517018603830365e-06
6264	-1.251723347195366e-06
6265	-1.2517465393102611e-06
6266	-1.2517693903646432e-06
6267	-1.2517904224296217e-06
6268	-1.2518097491920344e-06
6269	-1.251827825399232e-06
6270	-1.2518431731223245e-06
6271	-1.2518529501903686e-06
6272	-1.2518559060481493e-06
6273	-1.2518540870587458e-06
6274	-1.2518520406956668e-06
6275	-1.2518545418060967e-06
6276	-1.2518636367531144e-06
6277	-1.2518773928604787e-06
6278	-1.2518914900283562e-06
6279	-1.251903427146317e-06
6280	-1.2519135452748742e-06
6281	-1.2519240044639446e-06
6282	-1.2519356005213922e-06
6283	-1.2519478786998661e-06
6284	-1.2519599295046646e-06
6285	-1.2519718666226254e-06
6286	-1.251984713235288e-06
6287	-1.2519990377768409e-06
6288	-1.2520149539341219e-06
6289	-1.252032461707131e-06
6290	-1.2520505379143287e-06
6291	-1.2520678183136624e-06
6292	-1.2520838481577812e-06
6293	-1.2520995369413868e-06
6294	-1.2521159078460187e-06
6295	-1.2521319376901374e-06
6296	-1.2521456937975017e-06
6297	-1.2521562666734098e-06
6298	-1.2521637700046995e-06
6299	-1.2521710459623137e-06
6300	-1.2521810504040332e-06
6301	-1.2521951475719106e-06
6302	-1.2522123142844066e-06
6303	-1.2522311862994684e-06
6304	-1.2522514225565828e-06
6305	-1.2522721135610482e-06
6306	-1.2522918950708117e-06
6307	-1.2523100849648472e-06
6308	-1.2523262284958037e-06
6309	-1.2523400982900057e-06
6310	-1.2523531722763437e-06
6311	-1.2523670420705457e-06
6312	-1.2523819350462873e-06
6313	-1.2523962595878402e-06
6314	-1.2524084240794764e-06
6315	-1.2524185422080336e-06
6316	-1.2524272960945382e-06
6317	-1.2524353678600164e-06
6318	-1.2524434396254946e-06
6319	-1.2524519661383238e-06
6320	-1.2524607200248283e-06
6321	-1.2524691328508197e-06
6322	-1.2524770909294602e-06
6323	-1.2524856174422894e-06
6324	-1.2524968724392238e-06
6325	-1.2525119927886408e-06
6326	-1.2525301826826762e-06
6327	-1.2525483725767117e-06
6328	-1.252563379239291e-06
6329	-1.2525750889835763e-06
6330	-1.2525864576673484e-06
6331	-1.2526010095825768e-06
6332	-1.2526195405371254e-06
6333	-1.2526392083600513e-06
6334	-1.2526553518910077e-06
6335	-1.2526645605248632e-06
6336	-1.2526674026958062e-06
6337	-1.2526674026958062e-06
6338	-1.2526689943115343e-06
6339	-1.252675247087609e-06
6340	-1.252687525266083e-06
6341	-1.2527053740996053e-06
6342	-1.252727543032961e-06
6343	-1.2527527815109352e-06
6344	-1.2527797252914752e-06
6345	-1.2528072375062038e-06
6346	-1.2528331581052043e-06
6347	-1.2528546449175337e-06
6348	-1.2528699926406262e-06
6349	-1.252879428648157e-06
6350	-1.2528854540505563e-06
6351	-1.252890911018767e-06
6352	-1.2528983006632188e-06
6353	-1.2529081914181006e-06
6354	-1.2529204695965745e-06
6355	-1.252934566764452e-06
6356	-1.2529508239822462e-06
6357	-1.2529699233709835e-06
6358	-1.2529908417491242e-06
6359	-1.253010168511537e-06
6360	-1.2530247204267653e-06
6361	-1.2530341564342962e-06
6362	-1.2530410913313972e-06
6363	-1.2530477988548228e-06
6364	-1.2530547337519238e-06
6365	-1.253062805517402e-06
6366	-1.2530741742011742e-06
6367	-1.253090204045293e-06
6368	-1.2531099855550565e-06
6369	-1.253130562872684e-06
6370	-1.2531488664535573e-06
6371	-1.2531622815004084e-06
6372	-1.2531711490737507e-06
6373	-1.2531781976576895e-06
6374	-1.253185700988979e-06
6375	-1.253193886441295e-06
6376	-1.2532027540146373e-06
6377	-1.2532128721431945e-06
6378	-1.253225377695344e-06
6379	-1.253240839105274e-06
6380	-1.253258801625634e-06
6381	-1.25327846944856e-06
6382	-1.2532996152003761e-06
6383	-1.253322579941596e-06
6384	-1.253347477359057e-06
6385	-1.2533728295238689e-06
6386	-1.253396021638764e-06
6387	-1.253414438906475e-06
6388	-1.2534273992059752e-06
6389	-1.253435698345129e-06
6390	-1.2534416100606904e-06
6391	-1.2534480902104406e-06
6392	-1.2534575262179715e-06
6393	-1.2534696907096077e-06
6394	-1.2534825373222702e-06
6395	-1.2534943607533933e-06
6396	-1.2535051610029768e-06
6397	-1.2535161886262358e-06
6398	-1.2535282394310343e-06
6399	-1.2535409723568591e-06
6400	-1.2535548421510612e-06
6401	-1.2535701898741536e-06
6402	-1.253587129212974e-06
6403	-1.2536049780464964e-06
6404	-1.2536225995063432e-06
6405	-1.2536396525320015e-06
6406	-1.2536554550024448e-06
6407	-1.2536689837361337e-06
6408	-1.2536804661067436e-06
6409	-1.2536910389826517e-06
6410	-1.253701952919073e-06
6411	-1.2537140037238714e-06
6412	-1.2537270777102094e-06
6413	-1.2537406064438983e-06
6414	-1.2537539078039117e-06
6415	-1.2537667544165743e-06
6416	-1.2537782367871841e-06
6417	-1.2537880138552282e-06
6418	-1.253797108802246e-06
6419	-1.2538082501123426e-06
6420	-1.2538223472802201e-06
6421	-1.253838718184852e-06
6422	-1.253855089089484e-06
6423	-1.2538687315100105e-06
6424	-1.2538789633254055e-06
6425	-1.253886921404046e-06
6426	-1.2538947657958488e-06
6427	-1.253904088116542e-06
6428	-1.253915911547665e-06
6429	-1.2539303497760557e-06
6430	-1.253946948054363e-06
6431	-1.2539638873931835e-06
6432	-1.2539793488031137e-06
6433	-1.2539929912236403e-06
6434	-1.2540062925836537e-06
6435	-1.2540211855593952e-06
6436	-1.254038011211378e-06
6437	-1.2540557463580626e-06
6438	-1.2540730267573963e-06
6439	-1.2540886018541642e-06
6440	-1.2541026990220416e-06
6441	-1.2541161140688928e-06
6442	-1.2541296428025817e-06
6443	-1.2541430578494328e-06
6444	-1.254156018148933e-06
6445	-1.2541681826405693e-06
6446	-1.254179323950666e-06
6447	-1.2541900105134118e-06
6448	-1.2542014928840217e-06
6449	-1.2542147942440351e-06
6450	-1.2542290050987503e-06
6451	-1.2542425338324392e-06
6452	-1.2542545846372377e-06
6453	-1.2542664080683608e-06
6454	-1.2542791409941856e-06
6455	-1.2542918739200104e-06
6456	-1.2543015373012167e-06
6457	-1.2543073353299405e-06
6458	-1.2543113143692608e-06
6459	-1.2543169987111469e-06
6460	-1.254327571587055e-06
6461	-1.2543448519863887e-06
6462	-1.254368839909148e-06
6463	-1.254397375305416e-06
6464	-1.2544269338832237e-06
6465	-1.2544539913506014e-06
6466	-1.2544760465971194e-06
6467	-1.2544919627544004e-06
6468	-1.2545033314381726e-06
6469	-1.2545118579510017e-06
6470	-1.2545187928481027e-06
6471	-1.2545249319373397e-06
6472	-1.2545315257739276e-06
6473	-1.2545405070341076e-06
6474	-1.2545543768283096e-06
6475	-1.2545731351565337e-06
6476	-1.254593826160999e-06
6477	-1.2546132666102494e-06
6478	-1.2546295238280436e-06
6479	-1.2546425978143816e-06
6480	-1.2546536254376406e-06
6481	-1.2546646530608996e-06
6482	-1.254675908057834e-06
6483	-1.2546859124995535e-06
6484	-1.25469307477033e-06
6485	-1.2546978496175143e-06
6486	-1.2547029655252118e-06
6487	-1.2547106962301768e-06
6488	-1.254722064913949e-06
6489	-1.254736389455502e-06
6490	-1.254752305612783e-06
6491	-1.2547692449516035e-06
6492	-1.2547872074719635e-06
6493	-1.2548064205475384e-06
6494	-1.2548257473099511e-06
6495	-1.2548437098303111e-06
6496	-1.2548583754323772e-06
6497	-1.254869516742474e-06
6498	-1.2548782706289785e-06
6499	-1.2548863423944567e-06
6500	-1.2548961194625008e-06
6501	-1.2549096481961897e-06
6502	-1.2549273833428742e-06
6503	-1.2549477332868264e-06
6504	-1.254968765351805e-06
6505	-1.2549878647405421e-06
6506	-1.2550041219583363e-06
6507	-1.2550178780657006e-06
6508	-1.2550304973046877e-06
6509	-1.2550433439173503e-06
6510	-1.2550561905300128e-06
6511	-1.2550689234558376e-06
6512	-1.2550813153211493e-06
6513	-1.2550938208732987e-06
6514	-1.2551073496069876e-06
6515	-1.2551225836432423e-06
6516	-1.2551391819215496e-06
6517	-1.255155325452506e-06
6518	-1.2551687404993572e-06
6519	-1.2551789723147522e-06
6520	-1.2551869303933927e-06
6521	-1.2551948884720332e-06
6522	-1.255204779226915e-06
6523	-1.255217398465902e-06
6524	-1.2552321777548059e-06
6525	-1.2552482075989246e-06
6526	-1.2552650332509074e-06
6527	-1.2552825410239166e-06
6528	-1.2552990256153862e-06
6529	-1.2553120996017242e-06
6530	-1.2553209671750665e-06
6531	-1.2553282431326807e-06
6532	-1.2553369970191852e-06
6533	-1.2553479109556065e-06
6534	-1.2553592796393787e-06
6535	-1.2553700798889622e-06
6536	-1.2553796295833308e-06
6537	-1.255387701348809e-06
6538	-1.2553953183669364e-06
6539	-1.2554049817481427e-06
6540	-1.2554195336633711e-06
6541	-1.2554398836073233e-06
6542	-1.2554646673379466e-06
6543	-1.2554913837448112e-06
6544	-1.2555176454043249e-06
6545	-1.2555403827718692e-06
6546	-1.2555573221106897e-06
6547	-1.2555678949865978e-06
6548	-1.2555736930153216e-06
6549	-1.2555778994283173e-06
6550	-1.2555836974570411e-06
6551	-1.2555930197777343e-06
6552	-1.2556048432088573e-06
6553	-1.2556167803268181e-06
6554	-1.2556276942632394e-06
6555	-1.2556386081996607e-06
6556	-1.25565111375181e-06
6557	-1.2556645287986612e-06
6558	-1.2556773754113237e-06
6559	-1.2556897672766354e-06
6560	-1.255702159141947e-06
6561	-1.2557155741887982e-06
6562	-1.2557296713566757e-06
6563	-1.2557430864035268e-06
6564	-1.2557551372083253e-06
6565	-1.2557660511447466e-06
6566	-1.2557767377074924e-06
6567	-1.2557889021991286e-06
6568	-1.2558040225485456e-06
6569	-1.2558223261294188e-06
6570	-1.2558425623865332e-06
6571	-1.2558638218251872e-06
6572	-1.2558851949506789e-06
6573	-1.255904749086767e-06
6574	-1.2559203241835348e-06
6575	-1.2559303286252543e-06
6576	-1.2559355582197895e-06
6577	-1.2559389688249212e-06
6578	-1.255944312106294e-06
6579	-1.2559543165480136e-06
6580	-1.2559692095237551e-06
6581	-1.2559873994177906e-06
6582	-1.2560072946143919e-06
6583	-1.2560267350636423e-06
6584	-1.256044015462976e-06
6585	-1.256058681065042e-06
6586	-1.2560723234855686e-06
6587	-1.2560882396428497e-06
6588	-1.2561085895868018e-06
6589	-1.2561320090753725e-06
6590	-1.256154632756079e-06
6591	-1.2561732773974654e-06
6592	-1.2561872608785052e-06
6593	-1.256197947441251e-06
6594	-1.2562086340039968e-06
6595	-1.2562213669298217e-06
6596	-1.2562369420265895e-06
6597	-1.2562535403048969e-06
6598	-1.2562691154016647e-06
6599	-1.2562821893880027e-06
6600	-1.2562924212033977e-06
6601	-1.2563001519083627e-06
6602	-1.2563056088765734e-06
6603	-1.2563100426632445e-06
6604	-1.2563153859446174e-06
6605	-1.2563243672047975e-06
6606	-1.256338805433188e-06
6607	-1.256358018508763e-06
6608	-1.2563788232000661e-06
6609	-1.256397695215128e-06
6610	-1.2564133839987335e-06
6611	-1.256426685358747e-06
6612	-1.2564383951030322e-06
6613	-1.256448285857914e-06
6614	-1.2564573808049317e-06
6615	-1.2564672715598135e-06
6616	-1.2564784128699102e-06
6617	-1.2564889857458184e-06
6618	-1.2564987628138624e-06
6619	-1.2565097904371214e-06
6620	-1.2565240012918366e-06
6621	-1.256541395378008e-06
6622	-1.2565608358272584e-06
6623	-1.256580162589671e-06
6624	-1.2565966471811407e-06
6625	-1.2566076748043997e-06
6626	-1.2566122222779086e-06
6627	-1.256610858035856e-06
6628	-1.2566048326334567e-06
6629	-1.256594941878575e-06
6630	-1.2565819815790746e-06
6631	-1.2565668612296577e-06
6632	-1.2565512861328898e-06
6633	-1.256537757399201e-06
6634	-1.256528776139021e-06
6635	-1.2565244560391875e-06
6636	-1.2565229781102971e-06
6637	-1.25652184124192e-06
6638	-1.25651934013149e-06
6639	-1.256513655789604e-06
6640	-1.2565030829136958e-06
6641	-1.256486712009064e-06
6642	-1.2564652251967345e-06
6643	-1.2564406688397867e-06
6644	-1.2564171356643783e-06
6645	-1.256397695215128e-06
6646	-1.2563837117340881e-06
6647	-1.2563748441607459e-06
6648	-1.2563709788082633e-06
6649	-1.256370296687237e-06
6650	-1.2563688187583466e-06
6651	-1.2563622249217588e-06
6652	-1.2563481277538813e-06
6653	-1.2563273230625782e-06
6654	-1.2563031077661435e-06
6655	-1.2562794609038974e-06
6656	-1.2562597930809716e-06
6657	-1.2562454685394187e-06
6658	-1.2562366009660764e-06
6659	-1.2562315987452166e-06
6660	-1.2562285292005981e-06
6661	-1.256225345969142e-06
6662	-1.2562203437482822e-06
6663	-1.2562128404169925e-06
6664	-1.256203631783137e-06
6665	-1.256194309462444e-06
6666	-1.256185669262777e-06
6667	-1.2561782796183252e-06
6668	-1.2561706626001978e-06
6669	-1.2561604307848029e-06
6670	-1.2561465609906008e-06
6671	-1.2561300763991312e-06
6672	-1.256113819181337e-06
6673	-1.2560998357002973e-06
6674	-1.2560877848954988e-06
6675	-1.256076643585402e-06
6676	-1.2560666391436826e-06
6677	-1.2560581126308534e-06
6678	-1.256050495612726e-06
6679	-1.2560421964735724e-06
6680	-1.2560315099108266e-06
6681	-1.2560176401166245e-06
6682	-1.256001155525155e-06
6683	-1.2559834203784703e-06
6684	-1.2559651167975971e-06
6685	-1.2559466995298862e-06
6686	-1.255929646504228e-06
6687	-1.2559166862047277e-06
6688	-1.255908841812925e-06
6689	-1.255903953278903e-06
6690	-1.2558995194922318e-06
6691	-1.2558936077766703e-06
6692	-1.255885990758543e-06
6693	-1.2558767821246875e-06
6694	-1.2558665503092925e-06
6695	-1.2558554089991958e-06
6696	-1.255842676073371e-06
6697	-1.255827555723954e-06
6698	-1.2558122080008616e-06
6699	-1.255800157196063e-06
6700	-1.2557931086121243e-06
6701	-1.2557889021991286e-06
6702	-1.255784695786133e-06
6703	-1.2557784430100583e-06
6704	-1.255769575436716e-06
6705	-1.2557583204397815e-06
6706	-1.2557461559481453e-06
6707	-1.2557347872643732e-06
6708	-1.2557245554489782e-06
6709	-1.2557151194414473e-06
6710	-1.2557063655549427e-06
6711	-1.2556986348499777e-06
6712	-1.2556912452055258e-06
6713	-1.255682605005859e-06
6714	-1.2556720321299508e-06
6715	-1.255659299204126e-06
6716	-1.2556447472888976e-06
6717	-1.2556291721921298e-06
6718	-1.2556130286611733e-06
6719	-1.2555969988170546e-06
6720	-1.255582105841313e-06
6721	-1.2555693729154882e-06
6722	-1.25555880003958e-06
6723	-1.2555483408505097e-06
6724	-1.255535948985198e-06
6725	-1.2555215107568074e-06
6726	-1.2555071862152545e-06
6727	-1.2554953627841314e-06
6728	-1.2554863815239514e-06
6729	-1.2554786508189864e-06
6730	-1.2554706927403458e-06
6731	-1.255461256732815e-06
6732	-1.2554504564832314e-06
6733	-1.2554395425468101e-06
6734	-1.2554293107314152e-06
6735	-1.2554202157843974e-06
6736	-1.2554119166452438e-06
6737	-1.2554035038192524e-06
6738	-1.2553944088722346e-06
6739	-1.2553850865515415e-06
6740	-1.2553755368571728e-06
6741	-1.2553657597891288e-06
6742	-1.2553556416605716e-06
6743	-1.2553462056530407e-06
6744	-1.2553376791402115e-06
6745	-1.2553285841931938e-06
6746	-1.2553164197015576e-06
6747	-1.2553006172311143e-06
6748	-1.2552828820844297e-06
6749	-1.2552662838061224e-06
6750	-1.2552532098197844e-06
6751	-1.255244001185929e-06
6752	-1.2552363841678016e-06
6753	-1.2552272892207839e-06
6754	-1.2552151247291476e-06
6755	-1.2552009138744324e-06
6756	-1.2551881809486076e-06
6757	-1.2551787449410767e-06
6758	-1.2551706731755985e-06
6759	-1.2551612371680676e-06
6760	-1.255148390555405e-06
6761	-1.25513167859026e-06
6762	-1.2551107602121192e-06
6763	-1.2550868859761977e-06
6764	-1.255062215932412e-06
6765	-1.2550403880595695e-06
6766	-1.255024699275964e-06
6767	-1.2550170822578366e-06
6768	-1.2550158317026217e-06
6769	-1.2550167411973234e-06
6770	-1.2550164001368103e-06
6771	-1.2550141264000558e-06
6772	-1.2550098063002224e-06
6773	-1.2550023029689328e-06
6774	-1.2549904795378097e-06
6775	-1.2549738812595024e-06
6776	-1.2549526218208484e-06
6777	-1.2549285202112515e-06
6778	-1.254904987035843e-06
6779	-1.2548856602734304e-06
6780	-1.2548717904792284e-06
6781	-1.2548623544716975e-06
6782	-1.2548568975034868e-06
6783	-1.2548555332614342e-06
6784	-1.254855988008785e-06
6785	-1.254854396393057e-06
6786	-1.2548487120511709e-06
6787	-1.2548401855383418e-06
6788	-1.2548308632176486e-06
6789	-1.2548215408969554e-06
6790	-1.2548124459499377e-06
6791	-1.2548035783765954e-06
6792	-1.2547940286822268e-06
6793	-1.2547827736852923e-06
6794	-1.2547701544463052e-06
6795	-1.2547574215204804e-06
6796	-1.254746166523546e-06
6797	-1.2547362757686642e-06
6798	-1.2547252481454052e-06
6799	-1.2547096730486373e-06
6800	-1.254687731488957e-06
6801	-1.2546614698294434e-06
6802	-1.2546357766041183e-06
6803	-1.2546149719128152e-06
6804	-1.2546006473712623e-06
6805	-1.2545912113637314e-06
6806	-1.254584049092955e-06
6807	-1.2545767731353408e-06
6808	-1.2545683603093494e-06
6809	-1.2545588106149808e-06
6810	-1.2545486924864235e-06
6811	-1.254539142792055e-06
6812	-1.2545298204713617e-06
6813	-1.2545187928481027e-06
6814	-1.254504354619712e-06
6815	-1.2544865057861898e-06
6816	-1.2544664969027508e-06
6817	-1.254446829079825e-06
6818	-1.2544302308015176e-06
6819	-1.25441863474407e-06
6820	-1.2544115861601313e-06
6821	-1.2544071523734601e-06
6822	-1.2544034007078153e-06
6823	-1.2543995353553328e-06
6824	-1.2543946468213107e-06
6825	-1.254387598237372e-06
6826	-1.254378616977192e-06
6827	-1.2543692946564988e-06
6828	-1.2543613365778583e-06
6829	-1.2543547427412705e-06
6830	-1.2543482625915203e-06
6831	-1.2543411003207439e-06
6832	-1.254332914868428e-06
6833	-1.2543229104267084e-06
6834	-1.2543105185613967e-06
6835	-1.2542955118988175e-06
6836	-1.2542786862468347e-06
6837	-1.254261405847501e-06
6838	-1.2542461718112463e-06
6839	-1.2542341210064478e-06
6840	-1.2542247986857546e-06
6841	-1.2542169542939519e-06
6842	-1.2542086551547982e-06
6843	-1.254198537026241e-06
6844	-1.2541859177872539e-06
6845	-1.2541704563773237e-06
6846	-1.2541516980490997e-06
6847	-1.2541300975499325e-06
6848	-1.2541075875560637e-06
6849	-1.2540867828647606e-06
6850	-1.2540691614049138e-06
6851	-1.2540552916107117e-06
6852	-1.2540450597953168e-06
6853	-1.2540378975245403e-06
6854	-1.2540319858089788e-06
6855	-1.2540242551040137e-06
6856	-1.2540126590465661e-06
6857	-1.2539969702629605e-06
6858	-1.2539790077426005e-06
6859	-1.25396206840378e-06
6860	-1.2539486533569288e-06
6861	-1.2539386489152093e-06
6862	-1.2539309182102443e-06
6863	-1.2539250064946827e-06
6864	-1.2539198905869853e-06
6865	-1.2539137514977483e-06
6866	-1.2539049976112437e-06
6867	-1.2538940836748225e-06
6868	-1.2538821465568617e-06
6869	-1.2538694136310369e-06
6870	-1.2538553164631594e-06
6871	-1.2538400824269047e-06
6872	-1.2538249620774877e-06
6873	-1.2538108649096102e-06
6874	-1.2537982456706231e-06
6875	-1.2537861948658247e-06
6876	-1.2537748261820525e-06
6877	-1.253764366992982e-06
6878	-1.253754589924938e-06
6879	-1.2537441307358677e-06
6880	-1.253731738870556e-06
6881	-1.2537167322079767e-06
6882	-1.2536997928691562e-06
6883	-1.2536826261566603e-06
6884	-1.2536678468677565e-06
6885	-1.2536575013655238e-06
6886	-1.253650907528936e-06
6887	-1.2536461326817516e-06
6888	-1.2536416988950805e-06
6889	-1.2536360145531944e-06
6890	-1.2536270332930144e-06
6891	-1.253613731933001e-06
6892	-1.2535974747152068e-06
6893	-1.2535813311842503e-06
6894	-1.2535668929558597e-06
6895	-1.2535534779090085e-06
6896	-1.253539380741131e-06
6897	-1.25352346458385e-06
6898	-1.2535065252450295e-06
6899	-1.253491177521937e-06
6900	-1.253479808838165e-06
6901	-1.253472419193713e-06
6902	-1.2534661664176383e-06
6903	-1.2534578672784846e-06
6904	-1.2534464985947125e-06
6905	-1.2534333109215368e-06
6906	-1.2534196685010102e-06
6907	-1.2534060260804836e-06
6908	-1.2533929520941456e-06
6909	-1.2533822655313998e-06
6910	-1.253375671694812e-06
6911	-1.2533728295238689e-06
6912	-1.253371578968654e-06
6913	-1.2533693052318995e-06
6914	-1.253364189324202e-06
6915	-1.253356458619237e-06
6916	-1.2533472499853815e-06
6917	-1.2533369044831488e-06
6918	-1.2533246263046749e-06
6919	-1.2533088238342316e-06
6920	-1.2532889286376303e-06
6921	-1.2532666460174369e-06
6922	-1.2532445907709189e-06
6923	-1.2532243545138044e-06
6924	-1.2532073014881462e-06
6925	-1.2531945685623214e-06
6926	-1.2531864967968431e-06
6927	-1.2531810398286325e-06
6928	-1.25317467336572e-06
6929	-1.2531650099845137e-06
6930	-1.253151822311338e-06
6931	-1.2531370430224342e-06
6932	-1.253123627975583e-06
6933	-1.2531129414128372e-06
6934	-1.2531043012131704e-06
6935	-1.2530949788924772e-06
6936	-1.253082018592977e-06
6937	-1.2530646245068056e-06
6938	-1.2530442745628534e-06
6939	-1.2530239246189012e-06
6940	-1.253006871593243e-06
6941	-1.2529941386674182e-06
6942	-1.2529849300335627e-06
6943	-1.2529779951364617e-06
6944	-1.2529721971077379e-06
6945	-1.2529657169579878e-06
6946	-1.2529568493846455e-06
6947	-1.252944798579847e-06
6948	-1.2529307014119695e-06
6949	-1.2529163768704166e-06
6950	-1.2529028481367277e-06
6951	-1.2528902288977406e-06
6952	-1.2528782917797798e-06
6953	-1.2528670367828454e-06
6954	-1.2528572597148013e-06
6955	-1.2528494153229985e-06
6956	-1.2528431625469238e-06
6957	-1.2528377055787132e-06
6958	-1.2528319075499894e-06
6959	-1.252824290531862e-06
6960	-1.2528133765954408e-06
6961	-1.2527980288723484e-06
6962	-1.252778133675747e-06
6963	-1.2527553963082028e-06
6964	-1.2527334547485225e-06
6965	-1.252715264854487e-06
6966	-1.2527012813734473e-06
6967	-1.2526900263765128e-06
6968	-1.2526794535006047e-06
6969	-1.2526687669378589e-06
6970	-1.2526583077487885e-06
6971	-1.2526494401754462e-06
6972	-1.252642960025696e-06
6973	-1.252638526239025e-06
6974	-1.2526346608865424e-06
6975	-1.2526288628578186e-06
6976	-1.2526197679108009e-06
6977	-1.2526071486718138e-06
6978	-1.2525929378170986e-06
6979	-1.2525790680228965e-06
6980	-1.252567471965449e-06
6981	-1.2525587180789444e-06
6982	-1.2525516694950056e-06
6983	-1.2525440524768783e-06
6984	-1.252533138540457e-06
6985	-1.2525177908173646e-06
6986	-1.2524996009233291e-06
6987	-1.2524816384029691e-06
6988	-1.252465722245688e-06
6989	-1.2524503745225957e-06
6990	-1.2524334351837751e-06
6991	-1.2524141084213625e-06
6992	-1.2523948953457875e-06
6993	-1.2523790928753442e-06
6994	-1.2523692021204624e-06
6995	-1.252365677828493e-06
6996	-1.2523665873231948e-06
6997	-1.252367724191572e-06
6998	-1.252364086212765e-06
6999	-1.252353058589506e-06
7000	-1.2523363466243609e-06
7001	-1.2523175882961368e-06
7002	-1.2523000805231277e-06
7003	-1.2522855286078993e-06
7004	-1.2522743872978026e-06
7005	-1.2522663155323244e-06
7006	-1.2522588122010347e-06
7007	-1.2522490351329907e-06
7008	-1.2522355063993018e-06
7009	-1.2522198176156962e-06
7010	-1.2522051520136301e-06
7011	-1.2521938970166957e-06
7012	-1.2521851431301911e-06
7013	-1.2521762755568489e-06
7014	-1.2521646794994012e-06
7015	-1.2521494454631465e-06
7016	-1.2521320513769751e-06
7017	-1.2521144299171283e-06
7018	-1.2520977179519832e-06
7019	-1.2520829386630794e-06
7020	-1.2520711152319564e-06
7021	-1.2520636119006667e-06
7022	-1.2520600876086974e-06
7023	-1.2520580412456184e-06
7024	-1.2520547443273244e-06
7025	-1.2520484915512498e-06
7026	-1.2520391692305566e-06
7027	-1.2520281416072976e-06
7028	-1.2520166592366877e-06
7029	-1.2520054042397533e-06
7030	-1.2519950587375206e-06
7031	-1.2519851679826388e-06
7032	-1.2519737992988667e-06
7033	-1.2519591336968006e-06
7034	-1.2519417396106292e-06
7035	-1.2519249139586464e-06
7036	-1.2519120673459838e-06
7037	-1.2519037682068301e-06
7038	-1.2518974017439177e-06
7039	-1.2518879657363868e-06
7040	-1.251872390639619e-06
7041	-1.2518510175141273e-06
7042	-1.2518275980255567e-06
7043	-1.2518059975263895e-06
7044	-1.2517881486928673e-06
7045	-1.251773142030288e-06
7046	-1.2517587038018974e-06
7047	-1.2517432423919672e-06
7048	-1.2517267578004976e-06
7049	-1.2517105005827034e-06
7050	-1.2516954939201241e-06
7051	-1.251682874681137e-06
7052	-1.251674348168308e-06
7053	-1.2516701417553122e-06
7054	-1.2516675269580446e-06
7055	-1.2516618426161585e-06
7056	-1.2516501328718732e-06
7057	-1.2516333072198904e-06
7058	-1.251615117325855e-06
7059	-1.251599542229087e-06
7060	-1.2515887419795035e-06
7061	-1.2515822618297534e-06
7062	-1.2515785101641086e-06
7063	-1.2515756679931656e-06
7064	-1.251572257388034e-06
7065	-1.251566914106661e-06
7066	-1.2515583875938319e-06
7067	-1.2515455409811693e-06
7068	-1.2515286016423488e-06
7069	-1.2515083653852344e-06
7070	-1.251486082765041e-06
7071	-1.2514633453974966e-06
7072	-1.2514424270193558e-06
7073	-1.2514266245489125e-06
7074	-1.2514183254097588e-06
7075	-1.2514171885413816e-06
7076	-1.2514195759649738e-06
7077	-1.251420258086e-06
7078	-1.2514148011177895e-06
7079	-1.2514018408182892e-06
7080	-1.251383537237416e-06
7081	-1.2513630736066261e-06
7082	-1.25134192785481e-06
7083	-1.251319872608292e-06
7084	-1.251297817361774e-06
7085	-1.2512780358520104e-06
7086	-1.2512632565631066e-06
7087	-1.2512542753029265e-06
7088	-1.25124961414258e-06
7089	-1.2512462035374483e-06
7090	-1.2512413150034263e-06
7091	-1.2512330158642726e-06
7092	-1.2512207376857987e-06
7093	-1.2512048215285176e-06
7094	-1.2511874274423462e-06
7095	-1.2511702607298503e-06
7096	-1.251153662451543e-06
7097	-1.2511374052337487e-06
7098	-1.251123421752709e-06
7099	-1.2511146678662044e-06
7100	-1.2511120530689368e-06
7101	-1.2511122804426122e-06
7102	-1.2511105751400464e-06
7103	-1.2511048907981603e-06
7104	-1.2510953411037917e-06
7105	-1.2510816986832651e-06
7106	-1.2510636224760674e-06
7107	-1.2510427040979266e-06
7108	-1.2510217857197858e-06
7109	-1.2510039368862635e-06
7110	-1.2509909765867633e-06
7111	-1.250983359568636e-06
7112	-1.2509794942161534e-06
7113	-1.2509755151768331e-06
7114	-1.2509671023508417e-06
7115	-1.250953118869802e-06
7116	-1.2509362932178192e-06
7117	-1.2509204907473759e-06
7118	-1.2509071893873625e-06
7119	-1.250895934390428e-06
7120	-1.2508855888881953e-06
7121	-1.2508750160122872e-06
7122	-1.2508635336416773e-06
7123	-1.250850232281664e-06
7124	-1.250835111932247e-06
7125	-1.2508194231486414e-06
7126	-1.2508055533544393e-06
7127	-1.250795094165369e-06
7128	-1.2507886140156188e-06
7129	-1.250785658157838e-06
7130	-1.25078406654211e-06
7131	-1.2507804285633028e-06
7132	-1.2507711062426097e-06
7133	-1.250753825843276e-06
7134	-1.2507293831731658e-06
7135	-1.250701984645275e-06
7136	-1.2506767461673007e-06
7137	-1.2506565099101863e-06
7138	-1.2506418443081202e-06
7139	-1.2506320672400761e-06
7140	-1.2506259281508392e-06
7141	-1.250621494364168e-06
7142	-1.2506179700721987e-06
7143	-1.2506152415880933e-06
7144	-1.2506135362855275e-06
7145	-1.250611717296124e-06
7146	-1.2506085340646678e-06
7147	-1.250603531843808e-06
7148	-1.2505961421993561e-06
7149	-1.2505857966971234e-06
7150	-1.2505723816502723e-06
7151	-1.2505562381193158e-06
7152	-1.250538616659469e-06
7153	-1.2505215636338107e-06
7154	-1.2505070117185824e-06
7155	-1.250495756721648e-06
7156	-1.250487116521981e-06
7157	-1.2504791584433406e-06
7158	-1.2504697224358097e-06
7159	-1.250456534762634e-06
7160	-1.2504387996159494e-06
7161	-1.2504184496719972e-06
7162	-1.2503977586675319e-06
7163	-1.2503784319051192e-06
7164	-1.25036092413211e-06
7165	-1.2503451216616668e-06
7166	-1.2503313655543025e-06
7167	-1.2503195421231794e-06
7168	-1.250309082934109e-06
7169	-1.2502991921792272e-06
7170	-1.250289528798021e-06
7171	-1.250280547537841e-06
7172	-1.2502721347118495e-06
7173	-1.2502642903200467e-06
7174	-1.2502554227467044e-06
7175	-1.2502448498707963e-06
7176	-1.2502329127528355e-06
7177	-1.2502205208875239e-06
7178	-1.2502076742748613e-06
7179	-1.2501948276621988e-06
7180	-1.250183686352102e-06
7181	-1.2501760693339747e-06
7182	-1.2501720902946545e-06
7183	-1.2501700439315755e-06
7184	-1.2501670880737947e-06
7185	-1.2501610626713955e-06
7186	-1.2501515129770269e-06
7187	-1.2501398032327415e-06
7188	-1.2501272976805922e-06
7189	-1.250115133188956e-06
7190	-1.2501030823841575e-06
7191	-1.2500903494583326e-06
7192	-1.2500763659772929e-06
7193	-1.2500617003752268e-06
7194	-1.2500472621468361e-06
7195	-1.2500341881604982e-06
7196	-1.2500227057898883e-06
7197	-1.2500124739744933e-06
7198	-1.2500023558459361e-06
7199	-1.2499914419095148e-06
7200	-1.2499790500442032e-06
7201	-1.2499634749474353e-06
7202	-1.2499442618718604e-06
7203	-1.249923570867395e-06
7204	-1.2499054946601973e-06
7205	-1.2498916248659953e-06
7206	-1.2498812793637626e-06
7207	-1.2498721844167449e-06
7208	-1.2498624073487008e-06
7209	-1.24985047023074e-06
7210	-1.249836600436538e-06
7211	-1.2498218211476342e-06
7212	-1.2498074966060813e-06
7213	-1.2497943089329056e-06
7214	-1.2497818033807562e-06
7215	-1.2497689567680936e-06
7216	-1.2497539501055144e-06
7217	-1.2497359875851544e-06
7218	-1.2497168881964171e-06
7219	-1.2497007446654607e-06
7220	-1.2496905128500657e-06
7221	-1.2496858516897191e-06
7222	-1.249683009518776e-06
7223	-1.2496782346715918e-06
7224	-1.2496692534114118e-06
7225	-1.2496569752329378e-06
7226	-1.2496439012465999e-06
7227	-1.2496312820076128e-06
7228	-1.2496186627686257e-06
7229	-1.2496052477217745e-06
7230	-1.2495913779275725e-06
7231	-1.249577280759695e-06
7232	-1.249562956218142e-06
7233	-1.2495484043029137e-06
7234	-1.2495341934481985e-06
7235	-1.2495211194618605e-06
7236	-1.2495094097175752e-06
7237	-1.2494986094679916e-06
7238	-1.2494879229052458e-06
7239	-1.2494766679083114e-06
7240	-1.2494650718508638e-06
7241	-1.2494534757934161e-06
7242	-1.249441652362293e-06
7243	-1.249429033123306e-06
7244	-1.2494161865106435e-06
7245	-1.2494043630795204e-06
7246	-1.2493934491430991e-06
7247	-1.2493817393988138e-06
7248	-1.2493676422309363e-06
7249	-1.2493516123868176e-06
7250	-1.249335127795348e-06
7251	-1.2493193253249046e-06
7252	-1.2493060239648912e-06
7253	-1.2492961332100094e-06
7254	-1.2492880614445312e-06
7255	-1.2492790801843512e-06
7256	-1.249267711500579e-06
7257	-1.2492547512010788e-06
7258	-1.249242018275254e-06
7259	-1.249230990651995e-06
7260	-1.2492209862102754e-06
7261	-1.2492106407080428e-06
7262	-1.2491993857111083e-06
7263	-1.2491874485931476e-06
7264	-1.2491751704146736e-06
7265	-1.2491632332967129e-06
7266	-1.249152546733967e-06
7267	-1.2491433381001116e-06
7268	-1.2491343568399316e-06
7269	-1.249124011337699e-06
7270	-1.2491127563407645e-06
7271	-1.2491018424043432e-06
7272	-1.2490914969021105e-06
7273	-1.2490810377130401e-06
7274	-1.2490697827161057e-06
7275	-1.2490583003454958e-06
7276	-1.2490472727222368e-06
7277	-1.2490369272200041e-06
7278	-1.2490258995967451e-06
7279	-1.2490129392972449e-06
7280	-1.2489979326346656e-06
7281	-1.2489828122852487e-06
7282	-1.2489682603700203e-06
7283	-1.248954049515305e-06
7284	-1.248940634468454e-06
7285	-1.2489277878557914e-06
7286	-1.2489146001826157e-06
7287	-1.248900957762089e-06
7288	-1.2488878837757511e-06
7289	-1.2488774245866807e-06
7290	-1.248870376002742e-06
7291	-1.2488653737818822e-06
7292	-1.2488598031268339e-06
7293	-1.2488502534324653e-06
7294	-1.2488349057093728e-06
7295	-1.2488142147049075e-06
7296	-1.2487892036006087e-06
7297	-1.2487614640122047e-06
7298	-1.2487337244238006e-06
7299	-1.2487096228142036e-06
7300	-1.24869234241487e-06
7301	-1.2486831337810145e-06
7302	-1.2486806326705846e-06
7303	-1.2486819969126373e-06
7304	-1.2486830200941768e-06
7305	-1.2486802916100714e-06
7306	-1.2486730156524573e-06
7307	-1.2486628975239e-06
7308	-1.2486517562138033e-06
7309	-1.2486409559642198e-06
7310	-1.2486308378356625e-06
7311	-1.2486204923334299e-06
7312	-1.2486076457207673e-06
7313	-1.2485917295634863e-06
7314	-1.248574676537828e-06
7315	-1.248559215127898e-06
7316	-1.2485463685152354e-06
7317	-1.248535909326165e-06
7318	-1.248527723873849e-06
7319	-1.2485211300372612e-06
7320	-1.248514649887511e-06
7321	-1.2485051001931424e-06
7322	-1.2484902072174009e-06
7323	-1.248469743586611e-06
7324	-1.2484459830375272e-06
7325	-1.2484222224884434e-06
7326	-1.248400735676114e-06
7327	-1.2483816362873768e-06
7328	-1.2483646969485562e-06
7329	-1.2483499176596524e-06
7330	-1.2483370710469899e-06
7331	-1.2483261571105686e-06
7332	-1.2483164937293623e-06
7333	-1.2483072850955068e-06
7334	-1.2482976217143005e-06
7335	-1.2482873898989055e-06
7336	-1.2482769307098351e-06
7337	-1.2482661304602516e-06
7338	-1.2482546480896417e-06
7339	-1.248242710971681e-06
7340	-1.2482315696615842e-06
7341	-1.2482219062803779e-06
7342	-1.248213266080711e-06
7343	-1.2482056490625837e-06
7344	-1.2481984867918072e-06
7345	-1.2481913245210308e-06
7346	-1.248183480129228e-06
7347	-1.248174498869048e-06
7348	-1.2481638123063021e-06
7349	-1.2481507383199641e-06
7350	-1.2481359590310603e-06
7351	-1.2481210660553188e-06
7352	-1.2481073099479545e-06
7353	-1.2480953728299937e-06
7354	-1.2480859368224628e-06
7355	-1.2480791156121995e-06
7356	-1.2480735449571512e-06
7357	-1.2480655868785107e-06
7358	-1.2480521718316595e-06
7359	-1.2480322766350582e-06
7360	-1.2480080613386235e-06
7361	-1.2479838460421888e-06
7362	-1.247962131856184e-06
7363	-1.2479424640332581e-06
7364	-1.2479239330787095e-06
7365	-1.2479079032345908e-06
7366	-1.2478955113692791e-06
7367	-1.2478864164222614e-06
7368	-1.2478794815251604e-06
7369	-1.2478736834964366e-06
7370	-1.2478684539019014e-06
7371	-1.2478626558731776e-06
7372	-1.2478557209760766e-06
7373	-1.247846512342221e-06
7374	-1.2478343478505849e-06
7375	-1.247819227501168e-06
7376	-1.2478022881623474e-06
7377	-1.2477853488235269e-06
7378	-1.247771024281974e-06
7379	-1.2477605650929036e-06
7380	-1.2477532891352894e-06
7381	-1.2477484006012673e-06
7382	-1.2477455584303243e-06
7383	-1.2477438531277585e-06
7384	-1.2477412383304909e-06
7385	-1.2477361224227934e-06
7386	-1.2477278232836397e-06
7387	-1.2477165682867053e-06
7388	-1.2477022437451524e-06
7389	-1.2476853044063319e-06
7390	-1.2476672281991341e-06
7391	-1.2476490383050987e-06
7392	-1.2476315305320895e-06
7393	-1.2476157280616462e-06
7394	-1.2476020856411196e-06
7395	-1.247589693775808e-06
7396	-1.24757661978947e-06
7397	-1.2475611583795398e-06
7398	-1.2475441053538816e-06
7399	-1.2475275070755742e-06
7400	-1.2475131825340213e-06
7401	-1.2475013591028983e-06
7402	-1.2474908999138279e-06
7403	-1.2474805544115952e-06
7404	-1.2474697541620117e-06
7405	-1.2474587265387527e-06
7406	-1.2474470167944673e-06
7407	-1.2474348523028311e-06
7408	-1.2474231425585458e-06
7409	-1.247413706551015e-06
7410	-1.2474068853407516e-06
7411	-1.247400177817326e-06
7412	-1.2473908554966329e-06
7413	-1.2473775541366194e-06
7414	-1.2473602737372858e-06
7415	-1.2473410606617108e-06
7416	-1.2473224160203245e-06
7417	-1.2473063861762057e-06
7418	-1.24729319850303e-06
7419	-1.2472830803744728e-06
7420	-1.2472758044168586e-06
7421	-1.2472694379539462e-06
7422	-1.2472612525016302e-06
7423	-1.2472499975046958e-06
7424	-1.2472363550841692e-06
7425	-1.2472231674109935e-06
7426	-1.2472125945350854e-06
7427	-1.2472045227696071e-06
7428	-1.247196792064642e-06
7429	-1.2471866739360848e-06
7430	-1.2471733725760714e-06
7431	-1.2471585932871676e-06
7432	-1.2471442687456147e-06
7433	-1.2471305126382504e-06
7434	-1.2471166428440483e-06
7435	-1.2471019772419822e-06
7436	-1.247085720024188e-06
7437	-1.247067757503828e-06
7438	-1.2470491128624417e-06
7439	-1.2470316050894326e-06
7440	-1.2470172805478796e-06
7441	-1.2470057981772698e-06
7442	-1.2469953389881994e-06
7443	-1.2469837429307518e-06
7444	-1.2469699868233874e-06
7445	-1.246954639100295e-06
7446	-1.2469388366298517e-06
7447	-1.246924057340948e-06
7448	-1.24691098335461e-06
7449	-1.2468992736103246e-06
7450	-1.2468879049265524e-06
7451	-1.2468769909901312e-06
7452	-1.246866872861574e-06
7453	-1.2468570957935299e-06
7454	-1.2468466366044595e-06
7455	-1.2468344721128233e-06
7456	-1.2468209433791344e-06
7457	-1.2468075283322833e-06
7458	-1.2467968417695374e-06
7459	-1.2467901342461118e-06
7460	-1.2467869510146556e-06
7461	-1.2467852457120898e-06
7462	-1.2467836540963617e-06
7463	-1.2467808119254187e-06
7464	-1.2467746728361817e-06
7465	-1.2467633041524095e-06
7466	-1.2467478427424794e-06
7467	-1.2467314718378475e-06
7468	-1.2467166925489437e-06
7469	-1.2467033911889303e-06
7470	-1.2466902035157545e-06
7471	-1.2466759926610393e-06
7472	-1.24666098599846e-06
7473	-1.2466459793358808e-06
7474	-1.246631654794328e-06
7475	-1.2466180123738013e-06
7476	-1.2466041425795993e-06
7477	-1.24658913591702e-06
7478	-1.2465737881939276e-06
7479	-1.2465594636523747e-06
7480	-1.2465476402212516e-06
7481	-1.2465374084058567e-06
7482	-1.2465269492167863e-06
7483	-1.2465153531593387e-06
7484	-1.246503416041378e-06
7485	-1.2464912515497417e-06
7486	-1.2464784049370792e-06
7487	-1.246464194082364e-06
7488	-1.2464494147934602e-06
7489	-1.2464356586860958e-06
7490	-1.2464242900023237e-06
7491	-1.2464155361158191e-06
7492	-1.2464079190976918e-06
7493	-1.246398824150674e-06
7494	-1.2463856364774983e-06
7495	-1.2463668781492743e-06
7496	-1.2463445955290808e-06
7497	-1.2463234497772646e-06
7498	-1.2463078746804968e-06
7499	-1.246298779733479e-06
7500	-1.246293891199457e-06
7501	-1.2462903669074876e-06
7502	-1.246286160494492e-06
7503	-1.246280817213119e-06
7504	-1.2462745644370443e-06
7505	-1.2462662652978906e-06
7506	-1.2462545555536053e-06
7507	-1.246239548891026e-06
7508	-1.2462230642995564e-06
7509	-1.2462070344554377e-06
7510	-1.246191800419183e-06
7511	-1.2461769074434415e-06
7512	-1.2461613323466736e-06
7513	-1.2461450751288794e-06
7514	-1.246128931597923e-06
7515	-1.2461134701879928e-06
7516	-1.2460988045859267e-06
7517	-1.2460852758522378e-06
7518	-1.2460744756026543e-06
7519	-1.2460673133318778e-06
7520	-1.2460631069188821e-06
7521	-1.2460593552532373e-06
7522	-1.2460544667192153e-06
7523	-1.2460481002563029e-06
7524	-1.246039460056636e-06
7525	-1.2460279776860261e-06
7526	-1.2460144489523373e-06
7527	-1.2460008065318107e-06
7528	-1.24598886941385e-06
7529	-1.2459777281037532e-06
7530	-1.2459667004804942e-06
7531	-1.2459552181098843e-06
7532	-1.2459429399314104e-06
7533	-1.2459289564503706e-06
7534	-1.2459122444852255e-06
7535	-1.2458925766622997e-06
7536	-1.245871203536808e-06
7537	-1.2458507399060181e-06
7538	-1.2458338005671976e-06
7539	-1.245821408701886e-06
7540	-1.245811972694355e-06
7541	-1.2458035598683637e-06
7542	-1.2457953744160477e-06
7543	-1.2457874163374072e-06
7544	-1.2457800266929553e-06
7545	-1.2457733191695297e-06
7546	-1.245767066393455e-06
7547	-1.2457602451831917e-06
7548	-1.2457517186703626e-06
7549	-1.2457406910471036e-06
7550	-1.2457273896870902e-06
7551	-1.245712383024511e-06
7552	-1.2456971489882562e-06
7553	-1.2456831655072165e-06
7554	-1.2456716831366066e-06
7555	-1.2456622471290757e-06
7556	-1.2456530384952202e-06
7557	-1.2456414424377726e-06
7558	-1.2456256399673293e-06
7559	-1.245605744770728e-06
7560	-1.2455834621505346e-06
7561	-1.2455609521566657e-06
7562	-1.245539579031174e-06
7563	-1.2455209343897877e-06
7564	-1.2455070645955857e-06
7565	-1.2454986517695943e-06
7566	-1.245494672730274e-06
7567	-1.245492626367195e-06
7568	-1.2454896705094143e-06
7569	-1.2454835314201773e-06
7570	-1.24547341329162e-06
7571	-1.2454610214263084e-06
7572	-1.245448515874159e-06
7573	-1.2454362376956851e-06
7574	-1.2454222542146454e-06
7575	-1.2454049738153117e-06
7576	-1.2453847375581972e-06
7577	-1.2453632507458678e-06
7578	-1.245342332367727e-06
7579	-1.245324369847367e-06
7580	-1.245311295861029e-06
7581	-1.2453042472770903e-06
7582	-1.2453016324798227e-06
7583	-1.2453001545509323e-06
7584	-1.2452964028852875e-06
7585	-1.2452890132408356e-06
7586	-1.245278667738603e-06
7587	-1.24526684430748e-06
7588	-1.2452546798158437e-06
7589	-1.2452425153242075e-06
7590	-1.2452298960852204e-06
7591	-1.245215344169992e-06
7592	-1.245197381649632e-06
7593	-1.2451768043320044e-06
7594	-1.24515656807489e-06
7595	-1.245141447725473e-06
7596	-1.2451341717678588e-06
7597	-1.2451334896468325e-06
7598	-1.2451347402020474e-06
7599	-1.2451328075258061e-06
7600	-1.2451245083866525e-06
7601	-1.2451085922293714e-06
7602	-1.245086309609178e-06
7603	-1.2450618669390678e-06
7604	-1.2450411759346025e-06
7605	-1.2450269650798873e-06
7606	-1.2450182111933827e-06
7607	-1.2450112762962817e-06
7608	-1.2450032045308035e-06
7609	-1.2449925179680577e-06
7610	-1.2449796713553951e-06
7611	-1.2449659152480308e-06
7612	-1.2449514770196402e-06
7613	-1.2449362429833855e-06
7614	-1.244920099452429e-06
7615	-1.244904183295148e-06
7616	-1.2448891766325687e-06
7617	-1.2448753068383667e-06
7618	-1.2448622328520287e-06
7619	-1.2448497272998793e-06
7620	-1.2448379038687563e-06
7621	-1.2448281268007122e-06
7622	-1.2448215329641243e-06
7623	-1.244817212864291e-06
7624	-1.2448116422092426e-06
7625	-1.2448023198885494e-06
7626	-1.2447886774680228e-06
7627	-1.2447719655028777e-06
7628	-1.24475388929568e-06
7629	-1.2447366088963463e-06
7630	-1.2447214885469293e-06
7631	-1.2447075050658896e-06
7632	-1.2446932942111744e-06
7633	-1.2446785149222706e-06
7634	-1.244664872501744e-06
7635	-1.2446544133126736e-06
7636	-1.2446473647287348e-06
7637	-1.244641566700011e-06
7638	-1.2446339496818837e-06
7639	-1.244623604179651e-06
7640	-1.2446110986275016e-06
7641	-1.2445973425201373e-06
7642	-1.2445829042917467e-06
7643	-1.244568920810707e-06
7644	-1.2445568700059084e-06
7645	-1.2445470929378644e-06
7646	-1.244538225364522e-06
7647	-1.2445273114281008e-06
7648	-1.2445129868865479e-06
7649	-1.244496615981916e-06
7650	-1.2444811545719858e-06
7651	-1.2444686490198364e-06
7652	-1.2444584172044415e-06
7653	-1.2444475032680202e-06
7654	-1.2444326102922787e-06
7655	-1.244413738277217e-06
7656	-1.2443938430806156e-06
7657	-1.2443766763681197e-06
7658	-1.2443637160686194e-06
7659	-1.2443547348084394e-06
7660	-1.244349164153391e-06
7661	-1.2443451851140708e-06
7662	-1.244340637640562e-06
7663	-1.24433324799611e-06
7664	-1.2443215382518247e-06
7665	-1.2443053947208682e-06
7666	-1.2442866363926441e-06
7667	-1.2442682191249332e-06
7668	-1.2442523029676522e-06
7669	-1.2442400247891783e-06
7670	-1.2442309298421605e-06
7671	-1.2442238812582218e-06
7672	-1.244217287421634e-06
7673	-1.2442109209587215e-06
7674	-1.2442043271221337e-06
7675	-1.2441969374776818e-06
7676	-1.2441875014701509e-06
7677	-1.2441749959180015e-06
7678	-1.2441583976396942e-06
7679	-1.2441383887562552e-06
7680	-1.244117243004439e-06
7681	-1.244097234121e-06
7682	-1.244079612661153e-06
7683	-1.2440652881196002e-06
7684	-1.2440550563042052e-06
7685	-1.2440488035281305e-06
7686	-1.2440448244888103e-06
7687	-1.2440414138836786e-06
7688	-1.2440360706023057e-06
7689	-1.244026520907937e-06
7690	-1.2440124237400596e-06
7691	-1.24399593914859e-06
7692	-1.2439796819307958e-06
7693	-1.2439637657735148e-06
7694	-1.2439470538083697e-06
7695	-1.2439286365406588e-06
7696	-1.2439091960914084e-06
7697	-1.2438921430657501e-06
7698	-1.2438806606951403e-06
7699	-1.2438747489795787e-06
7700	-1.243870997313934e-06
7701	-1.2438666772141005e-06
7702	-1.2438609928722144e-06
7703	-1.2438540579751134e-06
7704	-1.2438457588359597e-06
7705	-1.243835413333727e-06
7706	-1.2438226804079022e-06
7707	-1.2438075600584853e-06
7708	-1.2437902796591516e-06
7709	-1.243771293957252e-06
7710	-1.243751739821164e-06
7711	-1.2437332088666153e-06
7712	-1.2437163832146325e-06
7713	-1.243701490238891e-06
7714	-1.2436893257472548e-06
7715	-1.2436807992344256e-06
7716	-1.2436746601451887e-06
7717	-1.2436682936822763e-06
7718	-1.2436591987352585e-06
7719	-1.2436473753041355e-06
7720	-1.2436338465704466e-06
7721	-1.2436196357157314e-06
7722	-1.2436048564268276e-06
7723	-1.2435895087037352e-06
7724	-1.2435737062332919e-06
7725	-1.2435591543180635e-06
7726	-1.243547103513265e-06
7727	-1.2435374401320587e-06
7728	-1.2435280041245278e-06
7729	-1.2435169765012688e-06
7730	-1.2435040162017685e-06
7731	-1.2434901464075665e-06
7732	-1.2434766176738776e-06
7733	-1.2434641121217282e-06
7734	-1.2434520613169298e-06
7735	-1.2434400105121313e-06
7736	-1.2434279597073328e-06
7737	-1.2434170457709115e-06
7738	-1.2434076097633806e-06
7739	-1.24339965168474e-06
7740	-1.243392716787639e-06
7741	-1.2433863503247267e-06
7742	-1.2433795291144634e-06
7743	-1.243370320480608e-06
7744	-1.243358042302134e-06
7745	-1.2433434903869056e-06
7746	-1.2433279152901378e-06
7747	-1.2433123401933699e-06
7748	-1.2432971061571152e-06
7749	-1.243281644747185e-06
7750	-1.2432645917215268e-06
7751	-1.24324697026168e-06
7752	-1.2432312814780744e-06
7753	-1.2432188896127627e-06
7754	-1.24320854411053e-06
7755	-1.243197971234622e-06
7756	-1.243186488864012e-06
7757	-1.2431750064934022e-06
7758	-1.2431647746780072e-06
7759	-1.2431547702362877e-06
7760	-1.2431414688762743e-06
7761	-1.2431235063559143e-06
7762	-1.2431031564119621e-06
7763	-1.2430847391442512e-06
7764	-1.2430708693500492e-06
7765	-1.2430608649083297e-06
7766	-1.2430519973349874e-06
7767	-1.2430421065801056e-06
7768	-1.2430307378963334e-06
7769	-1.2430180049705086e-06
7770	-1.2430039078026311e-06
7771	-1.2429893558874028e-06
7772	-1.2429754860932007e-06
7773	-1.2429629805410514e-06
7774	-1.2429503613020643e-06
7775	-1.2429352409526473e-06
7776	-1.2429175058059627e-06
7777	-1.2428996569724404e-06
7778	-1.2428847639966989e-06
7779	-1.2428747595549794e-06
7780	-1.2428695299604442e-06
7781	-1.2428661193553125e-06
7782	-1.242861458194966e-06
7783	-1.2428533864294877e-06
7784	-1.242842245119391e-06
7785	-1.2428295121935662e-06
7786	-1.2428174613887677e-06
7787	-1.24280836644175e-06
7788	-1.2428019999788376e-06
7789	-1.2427956335159251e-06
7790	-1.2427846058926661e-06
7791	-1.2427668707459816e-06
7792	-1.2427443607521127e-06
7793	-1.2427211686372175e-06
7794	-1.2427007050064276e-06
7795	-1.2426845614754711e-06
7796	-1.2426725106706726e-06
7797	-1.2426627336026286e-06
7798	-1.242652729160909e-06
7799	-1.2426410194166237e-06
7800	-1.242628286490799e-06
7801	-1.242616008312325e-06
7802	-1.2426052080627414e-06
7803	-1.2425949762473465e-06
7804	-1.2425840623109252e-06
7805	-1.2425708746377495e-06
7806	-1.2425552995409817e-06
7807	-1.242539269696863e-06
7808	-1.242525740963174e-06
7809	-1.2425156228346168e-06
7810	-1.2425074373823009e-06
7811	-1.2424993656168226e-06
7812	-1.242489815922454e-06
7813	-1.2424783335518441e-06
7814	-1.2424656006260193e-06
7815	-1.2424516171449795e-06
7816	-1.24243513255351e-06
7817	-1.242415919477935e-06
7818	-1.242395455847145e-06
7819	-1.2423768112057587e-06
7820	-1.2423630550983944e-06
7821	-1.2423549833329162e-06
7822	-1.2423512316672713e-06
7823	-1.2423486168700038e-06
7824	-1.2423441830833326e-06
7825	-1.2423359976310167e-06
7826	-1.2423238331393804e-06
7827	-1.2423091675373144e-06
7828	-1.242293819814222e-06
7829	-1.2422796089595067e-06
7830	-1.2422669897205196e-06
7831	-1.2422552799762343e-06
7832	-1.2422439112924621e-06
7833	-1.24223254260869e-06
7834	-1.2422216286722687e-06
7835	-1.242211737917387e-06
7836	-1.2422034387782332e-06
7837	-1.242195821760106e-06
7838	-1.2421864994394127e-06
7839	-1.242174107574101e-06
7840	-1.242158646164171e-06
7841	-1.242141024704324e-06
7842	-1.2421222663761e-06
7843	-1.2421041901689023e-06
7844	-1.2420888424458099e-06
7845	-1.242076905327849e-06
7846	-1.2420680377545068e-06
7847	-1.242060989170568e-06
7848	-1.2420534858392784e-06
7849	-1.2420440498317475e-06
7850	-1.2420325674611377e-06
7851	-1.2420197208484751e-06
7852	-1.2420056236805976e-06
7853	-1.2419898212101543e-06
7854	-1.241972427123983e-06
7855	-1.2419537824825966e-06
7856	-1.2419345694070216e-06
7857	-1.2419153563314467e-06
7858	-1.241897621184762e-06
7859	-1.2418832966432092e-06
7860	-1.2418738606356783e-06
7861	-1.2418695405358449e-06
7862	-1.2418693131621694e-06
7863	-1.2418713595252484e-06
7864	-1.2418734058883274e-06
7865	-1.2418735195751651e-06
7866	-1.2418699952831957e-06
7867	-1.2418614687703666e-06
7868	-1.241847030541976e-06
7869	-1.2418272490322124e-06
7870	-1.2418038295436418e-06
7871	-1.241778818439343e-06
7872	-1.2417538073350443e-06
7873	-1.2417301604727982e-06
7874	-1.241709810528846e-06
7875	-1.24169514492678e-06
7876	-1.2416871868481394e-06
7877	-1.2416842309903586e-06
7878	-1.2416833214956569e-06
7879	-1.2416817298799288e-06
7880	-1.2416776371537708e-06
7881	-1.2416695653882925e-06
7882	-1.2416574008966563e-06
7883	-1.2416422805472394e-06
7884	-1.2416259096426074e-06
7885	-1.2416087429301115e-06
7886	-1.2415915762176155e-06
7887	-1.2415756600603345e-06
7888	-1.2415620176398079e-06
7889	-1.2415503078955226e-06
7890	-1.2415390528985881e-06
7891	-1.2415262062859256e-06
7892	-1.24151051750232e-06
7893	-1.2414924412951223e-06
7894	-1.2414736829668982e-06
7895	-1.241455834133376e-06
7896	-1.2414398042892572e-06
7897	-1.2414267303029192e-06
7898	-1.2414162711138488e-06
7899	-1.2414072898536688e-06
7900	-1.2413985359671642e-06
7901	-1.2413903505148483e-06
7902	-1.2413842114256113e-06
7903	-1.24138227874937e-06
7904	-1.2413840977387736e-06
7905	-1.2413853482939885e-06
7906	-1.2413812555678305e-06
7907	-1.241370000570896e-06
7908	-1.2413535159794264e-06
7909	-1.2413343029038515e-06
7910	-1.2413131571520353e-06
7911	-1.2412913292791927e-06
7912	-1.2412707519615651e-06
7913	-1.24125403999642e-06
7914	-1.2412418755047838e-06
7915	-1.241232780557766e-06
7916	-1.2412243677317747e-06
7917	-1.2412142496032175e-06
7918	-1.2412024261720944e-06
7919	-1.2411902616804582e-06
7920	-1.2411782108756597e-06
7921	-1.2411643410814577e-06
7922	-1.2411471743689617e-06
7923	-1.2411287571012508e-06
7924	-1.2411134093781584e-06
7925	-1.2411032912496012e-06
7926	-1.241097265847202e-06
7927	-1.2410924910000176e-06
7928	-1.2410854424160789e-06
7929	-1.2410748695401708e-06
7930	-1.241062136614346e-06
7931	-1.2410488352543325e-06
7932	-1.2410354202074814e-06
7933	-1.2410212093527662e-06
7934	-1.2410052931954851e-06
7935	-1.240986989614612e-06
7936	-1.2409666396706598e-06
7937	-1.24094617603987e-06
7938	-1.2409292367010494e-06
7939	-1.2409184364514658e-06
7940	-1.2409124110490666e-06
7941	-1.2409082046360709e-06
7942	-1.2409039982230752e-06
7943	-1.2408988823153777e-06
7944	-1.2408919474182767e-06
7945	-1.2408827387844212e-06
7946	-1.2408711427269736e-06
7947	-1.240857500306447e-06
7948	-1.2408416978360037e-06
7949	-1.2408239626893192e-06
7950	-1.2408045222400688e-06
7951	-1.2407847407303052e-06
7952	-1.2407666645231075e-06
7953	-1.2407516578605282e-06
7954	-1.2407397207425674e-06
7955	-1.240730057361361e-06
7956	-1.240720735040668e-06
7957	-1.2407098211042467e-06
7958	-1.240695837623207e-06
7959	-1.240678670910711e-06
7960	-1.2406605947035132e-06
7961	-1.2406434279910172e-06
7962	-1.240627966581087e-06
7963	-1.2406147789079114e-06
7964	-1.2406036375978147e-06
7965	-1.2405936331560952e-06
7966	-1.2405838560880511e-06
7967	-1.2405751022015465e-06
7968	-1.2405677125570946e-06
7969	-1.2405612324073445e-06
7970	-1.2405550933181075e-06
7971	-1.2405486131683574e-06
7972	-1.2405407687765546e-06
7973	-1.2405290590322693e-06
7974	-1.2405109828250716e-06
7975	-1.2404866538417991e-06
7976	-1.2404591416270705e-06
7977	-1.240432766280719e-06
7978	-1.2404108247210388e-06
7979	-1.240395249624271e-06
7980	-1.24038581361674e-06
7981	-1.240381379830069e-06
7982	-1.2403804703353671e-06
7983	-1.240380925082718e-06
7984	-1.240380129274854e-06
7985	-1.2403743312461302e-06
7986	-1.2403618256939808e-06
7987	-1.2403436357999453e-06
7988	-1.2403232858559932e-06
7989	-1.2403043001540937e-06
7990	-1.2402880429362995e-06
7991	-1.2402736047079088e-06
7992	-1.240259621226869e-06
7993	-1.2402467746142065e-06
7994	-1.240237565980351e-06
7995	-1.2402333595673554e-06
7996	-1.2402325637594913e-06
7997	-1.2402304037095746e-06
7998	-1.2402222182572586e-06
7999	-1.240206529473653e-06
8000	-1.240184928974486e-06
8001	-1.2401610547385644e-06
8002	-1.240138772118371e-06
8003	-1.2401213780321996e-06
8004	-1.240109781974752e-06
8005	-1.240101596522436e-06
8006	-1.240093865817471e-06
8007	-1.2400843161231023e-06
8008	-1.2400737432471942e-06
8009	-1.2400633977449615e-06
8010	-1.240054189111106e-06
8011	-1.240045207850926e-06
8012	-1.2400355444697198e-06
8013	-1.2400241757859476e-06
8014	-1.2400112154864473e-06
8015	-1.2399978004395962e-06
8016	-1.2399850675137714e-06
8017	-1.2399732440826483e-06
8018	-1.2399611932778498e-06
8019	-1.2399477782309987e-06
8020	-1.2399332263157703e-06
8021	-1.239919470208406e-06
8022	-1.239908442585147e-06
8023	-1.2398998023854801e-06
8024	-1.2398910484989756e-06
8025	-1.2398796798152034e-06
8026	-1.2398638773447601e-06
8027	-1.2398440958349966e-06
8028	-1.2398232911436935e-06
8029	-1.2398046465023072e-06
8030	-1.2397892987792147e-06
8031	-1.2397762247928767e-06
8032	-1.2397640603012405e-06
8033	-1.239752805304306e-06
8034	-1.2397431419230998e-06
8035	-1.2397342743497575e-06
8036	-1.2397237014738494e-06
8037	-1.2397092632454587e-06
8038	-1.2396913007250987e-06
8039	-1.2396725423968746e-06
8040	-1.239656057805405e-06
8041	-1.2396445754347951e-06
8042	-1.2396378679113695e-06
8043	-1.2396338888720493e-06
8044	-1.2396301372064045e-06
8045	-1.2396244528645184e-06
8046	-1.2396146757964743e-06
8047	-1.2396002375680837e-06
8048	-1.2395828434819123e-06
8049	-1.2395653357089031e-06
8050	-1.2395501016726485e-06
8051	-1.2395379371810122e-06
8052	-1.2395273643051041e-06
8053	-1.2395157682476565e-06
8054	-1.2395011026455904e-06
8055	-1.2394831401252304e-06
8056	-1.2394640407364932e-06
8057	-1.2394480108923744e-06
8058	-1.2394369832691154e-06
8059	-1.2394297073115013e-06
8060	-1.2394231134749134e-06
8061	-1.2394157238304615e-06
8062	-1.2394078794386587e-06
8063	-1.239400035046856e-06
8064	-1.2393916222208645e-06
8065	-1.2393819588396582e-06
8066	-1.23937138596375e-06
8067	-1.2393606994010042e-06
8068	-1.2393500128382584e-06
8069	-1.2393393262755126e-06
8070	-1.2393278439049027e-06
8071	-1.2393136330501875e-06
8072	-1.2392961252771784e-06
8073	-1.2392767985147657e-06
8074	-1.2392588359944057e-06
8075	-1.239244852513366e-06
8076	-1.2392350754453219e-06
8077	-1.2392273447403568e-06
8078	-1.2392197277222294e-06
8079	-1.2392112012094003e-06
8080	-1.2392014241413563e-06
8081	-1.2391891459628823e-06
8082	-1.2391740256134653e-06
8083	-1.2391570862746448e-06
8084	-1.2391411701173638e-06
8085	-1.2391286645652144e-06
8086	-1.2391201380523853e-06
8087	-1.2391138852763106e-06
8088	-1.2391072914397228e-06
8089	-1.2390985375532182e-06
8090	-1.2390873962431215e-06
8091	-1.2390747770041344e-06
8092	-1.2390609072099323e-06
8093	-1.2390444226184627e-06
8094	-1.2390237316139974e-06
8095	-1.2389992889438872e-06
8096	-1.238974050465913e-06
8097	-1.2389516541588819e-06
8098	-1.238934487446386e-06
8099	-1.2389232324494515e-06
8100	-1.2389169796733768e-06
8101	-1.238914023815596e-06
8102	-1.2389122048261925e-06
8103	-1.2389087942210608e-06
8104	-1.2389019730107975e-06
8105	-1.2388918548822403e-06
8106	-1.238879349330091e-06
8107	-1.2388654795358889e-06
8108	-1.2388504728733096e-06
8109	-1.2388341019686777e-06
8110	-1.238816821569344e-06
8111	-1.2387999959173612e-06
8112	-1.2387851029416197e-06
8113	-1.238773165823659e-06
8114	-1.238763729816128e-06
8115	-1.2387557717374875e-06
8116	-1.238748268406198e-06
8117	-1.2387407650749083e-06
8118	-1.2387336028041318e-06
8119	-1.2387264405333553e-06
8120	-1.238717572960013e-06
8121	-1.238704498973675e-06
8122	-1.2386850585244247e-06
8123	-1.2386598200464505e-06
8124	-1.2386325352053973e-06
8125	-1.238608547282638e-06
8126	-1.2385919490043307e-06
8127	-1.2385839909256902e-06
8128	-1.2385829677441507e-06
8129	-1.2385847867335542e-06
8130	-1.2385842182993656e-06
8131	-1.2385777381496155e-06
8132	-1.238564436789602e-06
8133	-1.2385467016429175e-06
8134	-1.2385278296278557e-06
8135	-1.2385108902890352e-06
8136	-1.2384971341816708e-06
8137	-1.2384871297399513e-06
8138	-1.2384797400954994e-06
8139	-1.2384718957036966e-06
8140	-1.2384614365146263e-06
8141	-1.2384485899019637e-06
8142	-1.2384350611682748e-06
8143	-1.23842232824245e-06
8144	-1.2384093679429498e-06
8145	-1.2383944749672082e-06
8146	-1.2383776493152254e-06
8147	-1.2383608236632426e-06
8148	-1.2383462717480143e-06
8149	-1.2383334251353517e-06
8150	-1.238320692209527e-06
8151	-1.238306367667974e-06
8152	-1.2382903378238552e-06
8153	-1.2382739669192233e-06
8154	-1.238258619196131e-06
8155	-1.2382437262203894e-06
8156	-1.2382278100631083e-06
8157	-1.2382113254716387e-06
8158	-1.238196091435384e-06
8159	-1.23818381325691e-06
8160	-1.2381742635625415e-06
8161	-1.2381653959891992e-06
8162	-1.2381550504869665e-06
8163	-1.2381425449348171e-06
8164	-1.2381298120089923e-06
8165	-1.2381190117594087e-06
8166	-1.2381105989334174e-06
8167	-1.2381027545416146e-06
8168	-1.2380943417156232e-06
8169	-1.2380854741422809e-06
8170	-1.238075242326886e-06
8171	-1.2380619409668725e-06
8172	-1.2380438647596748e-06
8173	-1.238021695826319e-06
8174	-1.237998844771937e-06
8175	-1.2379795180095243e-06
8176	-1.2379658755889977e-06
8177	-1.2379570080156554e-06
8178	-1.2379500731185544e-06
8179	-1.2379433655951289e-06
8180	-1.2379371128190542e-06
8181	-1.2379319969113567e-06
8182	-1.2379279041851987e-06
8183	-1.2379242662063916e-06
8184	-1.2379189229250187e-06
8185	-1.2379097142911633e-06
8186	-1.2378956171232858e-06
8187	-1.2378776546029258e-06
8188	-1.23785798678e-06
8189	-1.2378388873912627e-06
8190	-1.2378217206787667e-06
8191	-1.237806941389863e-06
8192	-1.2377943221508758e-06
8193	-1.2377832945276168e-06
8194	-1.2377732900858973e-06
8195	-1.2377624898363138e-06
8196	-1.2377491884763003e-06
8197	-1.2377324765111553e-06
8198	-1.237713377122418e-06
8199	-1.2376939366731676e-06
8200	-1.237676656273834e-06
8201	-1.237662331732281e-06
8202	-1.2376503946143202e-06
8203	-1.2376393669910613e-06
8204	-1.2376286804283154e-06
8205	-1.237619017047109e-06
8206	-1.2376103768474422e-06
8207	-1.2376016229609377e-06
8208	-1.237592073266569e-06
8209	-1.2375811593301478e-06
8210	-1.2375683127174852e-06
8211	-1.23755410186277e-06
8212	-1.2375385267660022e-06
8213	-1.237521814800857e-06
8214	-1.2375040796541725e-06
8215	-1.2374864581943257e-06
8216	-1.2374692914818297e-06
8217	-1.2374537163850619e-06
8218	-1.2374413245197502e-06
8219	-1.237433252754272e-06
8220	-1.237429160028114e-06
8221	-1.2374273410387104e-06
8222	-1.2374257494229823e-06
8223	-1.237423475686228e-06
8224	-1.2374191555863945e-06
8225	-1.237410742760403e-06
8226	-1.2373958497846616e-06
8227	-1.2373739082249813e-06
8228	-1.237347078131279e-06
8229	-1.2373199069770635e-06
8230	-1.2372969422358437e-06
8231	-1.2372802302706987e-06
8232	-1.2372692026474397e-06
8233	-1.2372618130029878e-06
8234	-1.2372556739137508e-06
8235	-1.2372488527034875e-06
8236	-1.237239644069632e-06
8237	-1.2372288438200485e-06
8238	-1.2372181572573027e-06
8239	-1.237208607562934e-06
8240	-1.2371981483738637e-06
8241	-1.2371847333270125e-06
8242	-1.237168589796056e-06
8243	-1.2371519915177487e-06
8244	-1.2371374396025203e-06
8245	-1.2371262982924236e-06
8246	-1.2371185675874585e-06
8247	-1.2371129969324102e-06
8248	-1.2371078810247127e-06
8249	-1.2371012871881248e-06
8250	-1.2370912827464053e-06
8251	-1.237077981386392e-06
8252	-1.2370621789159486e-06
8253	-1.2370439890219131e-06
8254	-1.2370226158964215e-06
8255	-1.2369986279736622e-06
8256	-1.236974640050903e-06
8257	-1.2369540627332754e-06
8258	-1.2369391697575338e-06
8259	-1.2369303021841915e-06
8260	-1.2369262094580336e-06
8261	-1.2369250725896563e-06
8262	-1.2369240494081168e-06
8263	-1.2369205251161475e-06
8264	-1.2369134765322087e-06
8265	-1.2369038131510024e-06
8266	-1.236892103406717e-06
8267	-1.2368783472993528e-06
8268	-1.2368633406367735e-06
8269	-1.2368482202873565e-06
8270	-1.2368337820589659e-06
8271	-1.2368196848910884e-06
8272	-1.2368054740363732e-06
8273	-1.2367917179290089e-06
8274	-1.2367795534373727e-06
8275	-1.2367697763693286e-06
8276	-1.2367617046038504e-06
8277	-1.2367535191515344e-06
8278	-1.2367440831440035e-06
8279	-1.2367327144602314e-06
8280	-1.2367183899186784e-06
8281	-1.236700995832507e-06
8282	-1.2366815553832566e-06
8283	-1.2366620012471685e-06
8284	-1.2366435839794576e-06
8285	-1.2366267583274748e-06
8286	-1.2366122064122465e-06
8287	-1.236600155607448e-06
8288	-1.2365893553578644e-06
8289	-1.2365775319267414e-06
8290	-1.2365646853140788e-06
8291	-1.2365514976409031e-06
8292	-1.2365385373414028e-06
8293	-1.2365254633550649e-06
8294	-1.2365122756818892e-06
8295	-1.2364982922008494e-06
8296	-1.236483740285621e-06
8297	-1.2364695294309058e-06
8298	-1.236458047060296e-06
8299	-1.2364505437290063e-06
8300	-1.2364454278213088e-06
8301	-1.2364395161057473e-06
8302	-1.236430648532405e-06
8303	-1.2364189387881197e-06
8304	-1.2364052963675931e-06
8305	-1.2363908581392025e-06
8306	-1.2363769883450004e-06
8307	-1.2363639143586624e-06
8308	-1.2363516361801885e-06
8309	-1.236340835930605e-06
8310	-1.2363319683572627e-06
8311	-1.2363242376522976e-06
8312	-1.2363153700789553e-06
8313	-1.2363026371531305e-06
8314	-1.2362854704406345e-06
8315	-1.2362655752440332e-06
8316	-1.2362460211079451e-06
8317	-1.2362296502033132e-06
8318	-1.2362164625301375e-06
8319	-1.2362040706648258e-06
8320	-1.2361895187495975e-06
8321	-1.2361723520371015e-06
8322	-1.236153366335202e-06
8323	-1.236134608006978e-06
8324	-1.2361185781628592e-06
8325	-1.236106413671223e-06
8326	-1.2360978871583939e-06
8327	-1.2360917480691569e-06
8328	-1.2360866321614594e-06
8329	-1.236080265698547e-06
8330	-1.236070033883152e-06
8331	-1.236054117725871e-06
8332	-1.2360329719740548e-06
8333	-1.2360086429907824e-06
8334	-1.2359844276943477e-06
8335	-1.2359632819425315e-06
8336	-1.2359480479062768e-06
8337	-1.2359396350802854e-06
8338	-1.2359367929093423e-06
8339	-1.2359362244751537e-06
8340	-1.2359339507383993e-06
8341	-1.2359274705886492e-06
8342	-1.235916897712741e-06
8343	-1.235905074281618e-06
8344	-1.2358958656477625e-06
8345	-1.2358905223663896e-06
8346	-1.2358873391349334e-06
8347	-1.235882223227236e-06
8348	-1.2358717640381656e-06
8349	-1.235855620507209e-06
8350	-1.2358359526842833e-06
8351	-1.2358157164271688e-06
8352	-1.2357966170384316e-06
8353	-1.2357792229522602e-06
8354	-1.2357641026028432e-06
8355	-1.2357517107375315e-06
8356	-1.2357419336694875e-06
8357	-1.235733179782983e-06
8358	-1.2357234027149389e-06
8359	-1.2357110108496272e-06
8360	-1.2356956631265348e-06
8361	-1.2356787237877143e-06
8362	-1.235663717125135e-06
8363	-1.2356532579360646e-06
8364	-1.2356460956652882e-06
8365	-1.2356389333945117e-06
8366	-1.2356292700133054e-06
8367	-1.2356168781479937e-06
8368	-1.2356035767879803e-06
8369	-1.2355922081042081e-06
8370	-1.2355835679045413e-06
8371	-1.2355749277048744e-06
8372	-1.2355634453342645e-06
8373	-1.2355476428638212e-06
8374	-1.2355289982224349e-06
8375	-1.2355098988336977e-06
8376	-1.2354931868685526e-06
8377	-1.235479089700675e-06
8378	-1.2354671525827143e-06
8379	-1.2354577165751834e-06
8380	-1.2354511227385956e-06
8381	-1.2354462342045736e-06
8382	-1.2354402088021743e-06
8383	-1.2354314549156697e-06
8384	-1.2354201999187353e-06
8385	-1.2354073533060728e-06
8386	-1.2353930287645198e-06
8387	-1.2353771126072388e-06
8388	-1.2353609690762823e-06
8389	-1.2353470992820803e-06
8390	-1.235336185345659e-06
8391	-1.235327204085479e-06
8392	-1.2353173133305972e-06
8393	-1.2353053762126365e-06
8394	-1.2352921885394608e-06
8395	-1.2352785461189342e-06
8396	-1.2352641078905435e-06
8397	-1.2352480780464248e-06
8398	-1.235230456586578e-06
8399	-1.2352129488135688e-06
8400	-1.235197373716801e-06
8401	-1.2351847544778138e-06
8402	-1.2351738405413926e-06
8403	-1.2351624718576204e-06
8404	-1.2351498526186333e-06
8405	-1.2351371196928085e-06
8406	-1.2351254099485232e-06
8407	-1.2351155191936414e-06
8408	-1.2351060831861105e-06
8409	-1.2350951692496892e-06
8410	-1.2350818678896758e-06
8411	-1.235067088600772e-06
8412	-1.235052764059219e-06
8413	-1.2350400311333942e-06
8414	-1.235028662449622e-06
8415	-1.2350171800790122e-06
8416	-1.235004560840025e-06
8417	-1.2349909184194985e-06
8418	-1.2349775033726473e-06
8419	-1.2349653388810111e-06
8420	-1.2349543112577521e-06
8421	-1.2349443068160326e-06
8422	-1.2349349844953394e-06
8423	-1.2349250937404577e-06
8424	-1.2349128155619837e-06
8425	-1.2348973541520536e-06
8426	-1.2348791642580181e-06
8427	-1.234860405929794e-06
8428	-1.2348434665909735e-06
8429	-1.2348291420494206e-06
8430	-1.2348166364972712e-06
8431	-1.2348051541266614e-06
8432	-1.2347948086244287e-06
8433	-1.2347863957984373e-06
8434	-1.234780370396038e-06
8435	-1.2347749134278274e-06
8436	-1.234766955349187e-06
8437	-1.2347539950496866e-06
8438	-1.234735918842489e-06
8439	-1.2347147730906727e-06
8440	-1.234692604157317e-06
8441	-1.2346715720923385e-06
8442	-1.2346539506324916e-06
8443	-1.2346420135145308e-06
8444	-1.2346353059911053e-06
8445	-1.2346314406386227e-06
8446	-1.2346274615993025e-06
8447	-1.2346213225100655e-06
8448	-1.234612568623561e-06
8449	-1.2346019957476528e-06
8450	-1.234590513377043e-06
8451	-1.2345775530775427e-06
8452	-1.2345619779807748e-06
8453	-1.2345426512183622e-06
8454	-1.2345198001639801e-06
8455	-1.2344959259280586e-06
8456	-1.2344739843683783e-06
8457	-1.2344562492216937e-06
8458	-1.2344437436695443e-06
8459	-1.2344365813987679e-06
8460	-1.2344338529146626e-06
8461	-1.2344337392278248e-06
8462	-1.2344341939751757e-06
8463	-1.234432033925259e-06
8464	-1.2344254400886712e-06
8465	-1.2344142987785744e-06
8466	-1.2344000879238592e-06
8467	-1.234385877069144e-06
8468	-1.2343741673248587e-06
8469	-1.234365072377841e-06
8470	-1.23435563637031e-06
8471	-1.2343426760708098e-06
8472	-1.2343261914793402e-06
8473	-1.2343082289589802e-06
8474	-1.234291175933322e-06
8475	-1.2342758282102295e-06
8476	-1.2342612762950012e-06
8477	-1.234246269632422e-06
8478	-1.2342297850409523e-06
8479	-1.23421193620743e-06
8480	-1.2341942010607454e-06
8481	-1.2341785122771398e-06
8482	-1.234165779351315e-06
8483	-1.2341546380412183e-06
8484	-1.2341427009232575e-06
8485	-1.2341283763817046e-06
8486	-1.2341124602244236e-06
8487	-1.2340968851276557e-06
8488	-1.2340821058387519e-06
8489	-1.2340675539235235e-06
8490	-1.234052206200431e-06
8491	-1.2340360626694746e-06
8492	-1.2340188959569787e-06
8493	-1.2340013881839695e-06
8494	-1.2339841077846359e-06
8495	-1.2339681916273548e-06
8496	-1.2339544355199905e-06
8497	-1.233943635270407e-06
8498	-1.2339365866864682e-06
8499	-1.2339330623944988e-06
8500	-1.2339324939603102e-06
8501	-1.2339337445155252e-06
8502	-1.2339345403233892e-06
8503	-1.2339324939603102e-06
8504	-1.233925672750047e-06
8505	-1.2339144177531125e-06
8506	-1.2338996384642087e-06
8507	-1.2338813348833355e-06
8508	-1.2338599617578438e-06
8509	-1.2338371107034618e-06
8510	-1.2338156238911324e-06
8511	-1.2337977750576101e-06
8512	-1.233784360010759e-06
8513	-1.2337748103163904e-06
8514	-1.2337669659245876e-06
8515	-1.2337586667854339e-06
8516	-1.2337477528490126e-06
8517	-1.2337336556811351e-06
8518	-1.23371694371599e-06
8519	-1.2336992085693055e-06
8520	-1.233682269230485e-06
8521	-1.2336665804468794e-06
8522	-1.233651232723787e-06
8523	-1.233635657627019e-06
8524	-1.2336199688434135e-06
8525	-1.2336056443018606e-06
8526	-1.2335942756180884e-06
8527	-1.233586317539448e-06
8528	-1.2335800647633732e-06
8529	-1.2335742667346494e-06
8530	-1.2335681276454125e-06
8531	-1.2335610790614737e-06
8532	-1.2335518704276183e-06
8533	-1.233538910128118e-06
8534	-1.2335215160419466e-06
8535	-1.2335012797848321e-06
8536	-1.2334814982750686e-06
8537	-1.2334646726230858e-06
8538	-1.23345148494991e-06
8539	-1.2334412531345151e-06
8540	-1.2334340908637387e-06
8541	-1.2334292023297166e-06
8542	-1.2334244274825323e-06
8543	-1.2334164694038918e-06
8544	-1.2334035091043916e-06
8545	-1.2333872518865974e-06
8546	-1.2333712220424786e-06
8547	-1.2333584891166538e-06
8548	-1.2333495078564738e-06
8549	-1.2333406402831315e-06
8550	-1.2333274526099558e-06
8551	-1.233308580594894e-06
8552	-1.2332880032772664e-06
8553	-1.2332707228779327e-06
8554	-1.2332588994468097e-06
8555	-1.2332507139944937e-06
8556	-1.2332435517237172e-06
8557	-1.2332351388977258e-06
8558	-1.2332245660218177e-06
8559	-1.2332106962276157e-06
8560	-1.2331931884546066e-06
8561	-1.2331731795711676e-06
8562	-1.2331529433140531e-06
8563	-1.23313463973318e-06
8564	-1.2331192920100875e-06
8565	-1.2331066727711004e-06
8566	-1.2330960998951923e-06
8567	-1.2330866638876614e-06
8568	-1.2330788194958586e-06
8569	-1.233072907780297e-06
8570	-1.2330669960647356e-06
8571	-1.233058696925582e-06
8572	-1.2330463050602702e-06
8573	-1.233030047842476e-06
8574	-1.233012085322116e-06
8575	-1.2329954870438087e-06
8576	-1.2329825267443084e-06
8577	-1.232973318110453e-06
8578	-1.232967179021216e-06
8579	-1.2329627452345449e-06
8580	-1.2329584251347114e-06
8581	-1.2329530818533385e-06
8582	-1.2329453511483734e-06
8583	-1.2329338687777636e-06
8584	-1.2329176115599694e-06
8585	-1.232897375302855e-06
8586	-1.2328749789958238e-06
8587	-1.2328516731940908e-06
8588	-1.2328280263318447e-06
8589	-1.2328052889643004e-06
8590	-1.2327855074545369e-06
8591	-1.2327700460446067e-06
8592	-1.2327598142292118e-06
8593	-1.232755266755703e-06
8594	-1.2327546983215143e-06
8595	-1.2327543572610011e-06
8596	-1.2327503782216809e-06
8597	-1.2327406011536368e-06
8598	-1.232725026056869e-06
8599	-1.2327054719207808e-06
8600	-1.23268455354264e-06
8601	-1.2326639762250124e-06
8602	-1.2326456726441393e-06
8603	-1.232631916536775e-06
8604	-1.232622935276595e-06
8605	-1.232615545632143e-06
8606	-1.2326047453825595e-06
8607	-1.232587806043739e-06
8608	-1.2325667739787605e-06
8609	-1.232545741913782e-06
8610	-1.232527779393422e-06
8611	-1.232514250659733e-06
8612	-1.2325041325311759e-06
8613	-1.2324953786446713e-06
8614	-1.2324867384450044e-06
8615	-1.2324779845584999e-06
8616	-1.2324692306719953e-06
8617	-1.2324610452196794e-06
8618	-1.2324536555752275e-06
8619	-1.232446493304451e-06
8620	-1.2324379667916219e-06
8621	-1.2324271665420383e-06
8622	-1.2324138651820249e-06
8623	-1.2323988585194456e-06
8624	-1.2323841929173796e-06
8625	-1.2323723694862565e-06
8626	-1.2323641840339405e-06
8627	-1.2323583860052167e-06
8628	-1.232352133229142e-06
8629	-1.2323424698479357e-06
8630	-1.2323275768721942e-06
8631	-1.2323075679887552e-06
8632	-1.232285626429075e-06
8633	-1.232265958606149e-06
8634	-1.2322523161856225e-06
8635	-1.23224594972271e-06
8636	-1.2322450402280083e-06
8637	-1.2322448128543328e-06
8638	-1.2322406064413371e-06
8639	-1.2322301472522668e-06
8640	-1.2322147995291743e-06
8641	-1.2321971780693275e-06
8642	-1.2321792155489675e-06
8643	-1.2321611393417697e-06
8644	-1.2321434041950852e-06
8645	-1.2321262374825892e-06
8646	-1.232110776072659e-06
8647	-1.232098156833672e-06
8648	-1.2320886071393033e-06
8649	-1.2320811038080137e-06
8650	-1.232073600476724e-06
8651	-1.2320631412876537e-06
8652	-1.232047907251399e-06
8653	-1.2320284668021486e-06
8654	-1.2320077757976833e-06
8655	-1.2319896995904855e-06
8656	-1.2319766256041476e-06
8657	-1.2319682127781562e-06
8658	-1.2319627558099455e-06
8659	-1.2319579809627612e-06
8660	-1.2319518418735242e-06
8661	-1.2319420648054802e-06
8662	-1.2319269444560632e-06
8663	-1.2319072766331374e-06
8664	-1.2318866993155098e-06
8665	-1.2318691915425006e-06
8666	-1.2318561175561626e-06
8667	-1.2318462268012809e-06
8668	-1.2318371318542631e-06
8669	-1.2318271274125436e-06
8670	-1.2318143944867188e-06
8671	-1.231798819389951e-06
8672	-1.2317825621721568e-06
8673	-1.2317681239437661e-06
8674	-1.231756755259994e-06
8675	-1.2317481150603271e-06
8676	-1.2317409527895506e-06
8677	-1.2317337905187742e-06
8678	-1.2317246955717565e-06
8679	-1.2317123037064448e-06
8680	-1.2316959328018129e-06
8681	-1.231676264978887e-06
8682	-1.2316555739744217e-06
8683	-1.2316364745856845e-06
8684	-1.231620331054728e-06
8685	-1.2316063475736883e-06
8686	-1.2315932735873503e-06
8687	-1.2315800859141746e-06
8688	-1.231567694048863e-06
8689	-1.2315571211729548e-06
8690	-1.231548026225937e-06
8691	-1.2315387039052439e-06
8692	-1.2315274489083095e-06
8693	-1.2315138064877829e-06
8694	-1.2314984587646904e-06
8695	-1.2314819741732208e-06
8696	-1.2314658306422643e-06
8697	-1.2314518471612246e-06
8698	-1.2314417290326674e-06
8699	-1.2314352488829172e-06
8700	-1.2314310424699215e-06
8701	-1.2314276318647899e-06
8702	-1.2314231980781187e-06
8703	-1.2314164905546932e-06
8704	-1.2314068271734868e-06
8705	-1.2313947763686883e-06
8706	-1.2313806792008108e-06
8707	-1.231364649356692e-06
8708	-1.2313475963310339e-06
8709	-1.2313306569922133e-06
8710	-1.231315309269121e-06
8711	-1.2313015531617566e-06
8712	-1.231288706549094e-06
8713	-1.2312759736232692e-06
8714	-1.2312643775658216e-06
8715	-1.2312551689319662e-06
8716	-1.2312475519138388e-06
8717	-1.2312392527746852e-06
8718	-1.231228679898777e-06
8719	-1.2312154922256013e-06
8720	-1.2311991213209694e-06
8721	-1.2311789987506927e-06
8722	-1.231156375069986e-06
8723	-1.231134774570819e-06
8724	-1.2311169257372967e-06
8725	-1.23110328331677e-06
8726	-1.2310929378145374e-06
8727	-1.2310844113017083e-06
8728	-1.2310757711020415e-06
8729	-1.231065766660322e-06
8730	-1.2310538295423612e-06
8731	-1.2310390502534574e-06
8732	-1.2310210877330974e-06
8733	-1.231001192536496e-06
8734	-1.2309812973398948e-06
8735	-1.230962425324833e-06
8736	-1.2309449175518239e-06
8737	-1.2309294561418938e-06
8738	-1.2309174053370953e-06
8739	-1.230910129379481e-06
8740	-1.230908537763753e-06
8741	-1.2309111525610206e-06
8742	-1.230914222105639e-06
8743	-1.230912630489911e-06
8744	-1.2309035355428932e-06
8745	-1.23088773307245e-06
8746	-1.2308692021179013e-06
8747	-1.230852149092243e-06
8748	-1.2308389614190673e-06
8749	-1.2308295254115365e-06
8750	-1.2308227042012732e-06
8751	-1.230817474606738e-06
8752	-1.2308117902648519e-06
8753	-1.2308028090046719e-06
8754	-1.2307881434026058e-06
8755	-1.2307687029533554e-06
8756	-1.2307473298278637e-06
8757	-1.230726411449723e-06
8758	-1.2307069710004725e-06
8759	-1.2306891221669503e-06
8760	-1.2306727512623183e-06
8761	-1.2306575172260636e-06
8762	-1.2306428516239976e-06
8763	-1.2306281860219315e-06
8764	-1.2306137477935408e-06
8765	-1.2306006738072028e-06
8766	-1.2305897598707816e-06
8767	-1.2305811196711147e-06
8768	-1.2305742984608514e-06
8769	-1.2305682730584522e-06
8770	-1.2305605423534871e-06
8771	-1.2305480368013377e-06
8772	-1.2305293921599514e-06
8773	-1.2305060863582185e-06
8774	-1.2304815300012706e-06
8775	-1.2304595884415903e-06
8776	-1.2304432175369584e-06
8777	-1.2304337815294275e-06
8778	-1.230429916176945e-06
8779	-1.2304285519348923e-06
8780	-1.2304268466323265e-06
8781	-1.2304238907745457e-06
8782	-1.2304191159273614e-06
8783	-1.2304110441618832e-06
8784	-1.2303986522965715e-06
8785	-1.2303834182603168e-06
8786	-1.2303677294767112e-06
8787	-1.2303524954404566e-06
8788	-1.2303366929700132e-06
8789	-1.2303190715101664e-06
8790	-1.2302998584345914e-06
8791	-1.230281668540556e-06
8792	-1.2302668892516522e-06
8793	-1.2302564300625818e-06
8794	-1.2302491541049676e-06
8795	-1.2302423328947043e-06
8796	-1.2302323284529848e-06
8797	-1.230216753356217e-06
8798	-1.2301960623517516e-06
8799	-1.2301732112973696e-06
8800	-1.230151383424527e-06
8801	-1.2301329661568161e-06
8802	-1.2301197784836404e-06
8803	-1.2301120477786753e-06
8804	-1.2301076139920042e-06
8805	-1.2301029528316576e-06
8806	-1.2300961316213943e-06
8807	-1.2300870366743766e-06
8808	-1.2300756679906044e-06
8809	-1.2300621392569155e-06
8810	-1.2300473599680117e-06
8811	-1.230032125931757e-06
8812	-1.230016664521827e-06
8813	-1.2300007483645459e-06
8814	-1.2299836953388876e-06
8815	-1.2299658465053653e-06
8816	-1.229948793479707e-06
8817	-1.2299342415644787e-06
8818	-1.2299233276280575e-06
8819	-1.229916165357281e-06
8820	-1.229912072631123e-06
8821	-1.229908775712829e-06
8822	-1.229903091370943e-06
8823	-1.2298924048081972e-06
8824	-1.2298767160245916e-06
8825	-1.2298580713832052e-06
8826	-1.229839767802332e-06
8827	-1.2298240790187265e-06
8828	-1.2298108913455508e-06
8829	-1.2297990679144277e-06
8830	-1.2297880402911687e-06
8831	-1.2297783769099624e-06
8832	-1.2297714420128614e-06
8833	-1.2297673492867034e-06
8834	-1.229765075549949e-06
8835	-1.2297614375711419e-06
8836	-1.2297529110583127e-06
8837	-1.229737677022058e-06
8838	-1.2297169860175927e-06
8839	-1.2296934528421843e-06
8840	-1.2296690101720742e-06
8841	-1.229644567501964e-06
8842	-1.2296218301344197e-06
8843	-1.229602958119358e-06
8844	-1.2295889746383182e-06
8845	-1.2295794249439496e-06
8846	-1.2295732858547126e-06
8847	-1.2295695341890678e-06
8848	-1.229566578331287e-06
8849	-1.2295614624235895e-06
8850	-1.2295511169213569e-06
8851	-1.2295350870772381e-06
8852	-1.22951553294115e-06
8853	-1.2294951829971978e-06
8854	-1.2294759699216229e-06
8855	-1.2294594853301533e-06
8856	-1.2294474345253548e-06
8857	-1.2294398175072274e-06
8858	-1.2294337921048282e-06
8859	-1.2294267435208894e-06
8860	-1.2294177622607094e-06
8861	-1.2294070756979636e-06
8862	-1.2293947975194897e-06
8863	-1.2293812687858008e-06
8864	-1.2293669442442479e-06
8865	-1.2293520512685063e-06
8866	-1.2293361351112253e-06
8867	-1.2293188547118916e-06
8868	-1.229301119565207e-06
8869	-1.2292845212868997e-06
8870	-1.2292707651795354e-06
8871	-1.2292612154851668e-06
8872	-1.2292560995774693e-06
8873	-1.229254166901228e-06
8874	-1.2292516657907981e-06
8875	-1.2292446172068594e-06
8876	-1.2292302926653065e-06
8877	-1.2292090332266525e-06
8878	-1.229183567375003e-06
8879	-1.229158215210191e-06
8880	-1.2291368420846993e-06
8881	-1.2291211533010937e-06
8882	-1.229110011990997e-06
8883	-1.2291009170439793e-06
8884	-1.2290913673496107e-06
8885	-1.2290799986658385e-06
8886	-1.229066356245312e-06
8887	-1.2290511222090572e-06
8888	-1.2290347513044253e-06
8889	-1.2290183803997934e-06
8890	-1.229003032676701e-06
8891	-1.2289890491956612e-06
8892	-1.22897563414881e-06
8893	-1.2289611959204194e-06
8894	-1.2289449387026252e-06
8895	-1.2289283404243179e-06
8896	-1.2289143569432781e-06
8897	-1.2289059441172867e-06
8898	-1.2289034430068568e-06
8899	-1.228905034622585e-06
8900	-1.2289076494198525e-06
8901	-1.2289087862882297e-06
8902	-1.2289062851777999e-06
8903	-1.2288986681596725e-06
8904	-1.2288861626075231e-06
8905	-1.2288693369555403e-06
8906	-1.2288501238799654e-06
8907	-1.2288300013096887e-06
8908	-1.2288107882341137e-06
8909	-1.2287936215216178e-06
8910	-1.2287790696063894e-06
8911	-1.2287672461752663e-06
8912	-1.2287571280467091e-06
8913	-1.2287472372918273e-06
8914	-1.2287359822948929e-06
8915	-1.2287226809348795e-06
8916	-1.2287069921512739e-06
8917	-1.228689825438778e-06
8918	-1.2286740229683346e-06
8919	-1.2286617447898607e-06
8920	-1.228652195095492e-06
8921	-1.228642418027448e-06
8922	-1.2286302535358118e-06
8923	-1.2286158153074211e-06
8924	-1.228600353897491e-06
8925	-1.2285851198612363e-06
8926	-1.2285702268854948e-06
8927	-1.2285548791624024e-06
8928	-1.2285388493182836e-06
8929	-1.2285229331610026e-06
8930	-1.2285087223062874e-06
8931	-1.228497012562002e-06
8932	-1.2284866670597694e-06
8933	-1.228474957315484e-06
8934	-1.228459836966067e-06
8935	-1.2284421018193825e-06
8936	-1.2284232298043207e-06
8937	-1.2284049262234475e-06
8938	-1.228389237439842e-06
8939	-1.2283780961297452e-06
8940	-1.2283718433536706e-06
8941	-1.2283683190617012e-06
8942	-1.2283642263355432e-06
8943	-1.2283567230042536e-06
8944	-1.2283442174521042e-06
8945	-1.2283272781132837e-06
8946	-1.2283080650377087e-06
8947	-1.2282896477699978e-06
8948	-1.2282746411074186e-06
8949	-1.2282639545446727e-06
8950	-1.2282565649002208e-06
8951	-1.2282513353056856e-06
8952	-1.22824712889269e-06
8953	-1.2282423540455056e-06
8954	-1.2282346233405406e-06
8955	-1.228220980920014e-06
8956	-1.2282010857234127e-06
8957	-1.2281773251743289e-06
8958	-1.228154019372596e-06
8959	-1.2281342378628324e-06
8960	-1.228118094331876e-06
8961	-1.2281051340323756e-06
8962	-1.228096039085358e-06
8963	-1.2280905821171473e-06
8964	-1.2280872851988534e-06
8965	-1.2280839882805594e-06
8966	-1.2280786449991865e-06
8967	-1.2280708006073837e-06
8968	-1.2280602277314756e-06
8969	-1.2280481769266771e-06
8970	-1.2280358987482032e-06
8971	-1.2280239616302424e-06
8972	-1.2280116834517685e-06
8973	-1.2279973589102156e-06
8974	-1.2279798511372064e-06
8975	-1.2279592738195788e-06
8976	-1.2279373322598985e-06
8977	-1.2279160728212446e-06
8978	-1.227896291311481e-06
8979	-1.2278778740437701e-06
8980	-1.2278608210181119e-06
8981	-1.2278459280423704e-06
8982	-1.2278336498638964e-06
8983	-1.2278230769879883e-06
8984	-1.2278128451725934e-06
8985	-1.2278020449230098e-06
8986	-1.2277902214918868e-06
8987	-1.227776692758198e-06
8988	-1.2277613450351055e-06
8989	-1.227745997312013e-06
8990	-1.2277331506993505e-06
8991	-1.2277242831260082e-06
8992	-1.2277196219656616e-06
8993	-1.2277176892894204e-06
8994	-1.22771621136053e-06
8995	-1.2277122323212097e-06
8996	-1.2277027963136788e-06
8997	-1.227687221216911e-06
8998	-1.2276673260203097e-06
8999	-1.2276466350158444e-06
9000	-1.2276285588086466e-06
9001	-1.2276152574486332e-06
9002	-1.227606389875291e-06
9003	-1.2275992276045145e-06
9004	-1.2275899052838213e-06
9005	-1.2275750123080797e-06
9006	-1.2275547760509653e-06
9007	-1.2275327208044473e-06
9008	-1.227514076163061e-06
9009	-1.2275014569240739e-06
9010	-1.2274925893507316e-06
9011	-1.2274834944037138e-06
9012	-1.227472012033104e-06
9013	-1.2274591654204414e-06
9014	-1.2274468872419675e-06
9015	-1.227436882800248e-06
9016	-1.227429947903147e-06
9017	-1.2274256278033135e-06
9018	-1.227422217198182e-06
9019	-1.2274182381588616e-06
9020	-1.2274124401301378e-06
9021	-1.2274042546778219e-06
9022	-1.2273925449335366e-06
9023	-1.22737640140258e-06
9024	-1.2273558240849525e-06
9025	-1.2273329730305704e-06
9026	-1.2273100082893507e-06
9027	-1.2272888625375344e-06
9028	-1.2272699905224727e-06
9029	-1.2272532785573276e-06
9030	-1.2272386129552615e-06
9031	-1.227225766342599e-06
9032	-1.2272148524061777e-06
9033	-1.227206098519673e-06
9034	-1.2271984815015458e-06
9035	-1.227190182362392e-06
9036	-1.2271813147890498e-06
9037	-1.2271729019630584e-06
9038	-1.2271650575712556e-06
9039	-1.2271551668163738e-06
9040	-1.227140842274821e-06
9041	-1.2271221976334346e-06
9042	-1.2271020750631578e-06
9043	-1.2270838851691224e-06
9044	-1.227069333253894e-06
9045	-1.2270584193174727e-06
9046	-1.2270492106836173e-06
9047	-1.2270381830603583e-06
9048	-1.22702363114513e-06
9049	-1.2270066918063094e-06
9050	-1.226990093528002e-06
9051	-1.2269757689864491e-06
9052	-1.2269640592421638e-06
9053	-1.2269537137399311e-06
9054	-1.2269427998035098e-06
9055	-1.2269302942513605e-06
9056	-1.2269163107703207e-06
9057	-1.2269025546629564e-06
9058	-1.226890844918671e-06
9059	-1.2268828868400306e-06
9060	-1.2268797036085743e-06
9061	-1.2268801583559252e-06
9062	-1.2268808404769516e-06
9063	-1.2268773161849822e-06
9064	-1.2268657201275346e-06
9065	-1.2268462796782842e-06
9066	-1.2268233149370644e-06
9067	-1.2268021691852482e-06
9068	-1.2267860256542917e-06
9069	-1.2267742022231687e-06
9070	-1.2267647662156378e-06
9071	-1.22675567126862e-06
9072	-1.2267453257663874e-06
9073	-1.2267330475879135e-06
9074	-1.226718495672685e-06
9075	-1.226702238454891e-06
9076	-1.2266848443687195e-06
9077	-1.2266683597772499e-06
9078	-1.2266538078620215e-06
9079	-1.2266403928151703e-06
9080	-1.2266265230209683e-06
9081	-1.2266111752978759e-06
9082	-1.2265951454537571e-06
9083	-1.2265787745491252e-06
9084	-1.2265624036444933e-06
9085	-1.2265471696082386e-06
9086	-1.2265344366824138e-06
9087	-1.2265239774933434e-06
9088	-1.2265138593647862e-06
9089	-1.226502945428365e-06
9090	-1.2264905535630533e-06
9091	-1.2264749784662854e-06
9092	-1.2264558790775482e-06
9093	-1.2264349606994074e-06
9094	-1.2264157476238324e-06
9095	-1.226401195708604e-06
9096	-1.2263916460142354e-06
9097	-1.2263853932381608e-06
9098	-1.226380391017301e-06
9099	-1.2263756161701167e-06
9100	-1.2263700455150683e-06
9101	-1.2263623148101033e-06
9102	-1.2263508324394934e-06
9103	-1.2263360531505896e-06
9104	-1.2263199096196331e-06
9105	-1.2263051303307293e-06
9106	-1.2262931932127685e-06
9107	-1.2262826203368604e-06
9108	-1.2262704558452242e-06
9109	-1.2262551081221318e-06
9110	-1.2262380550964735e-06
9111	-1.2262221389391925e-06
9112	-1.226208496518666e-06
9113	-1.2261972415217315e-06
9114	-1.2261875781405251e-06
9115	-1.2261787105671829e-06
9116	-1.2261696156201651e-06
9117	-1.2261596111784456e-06
9118	-1.226148469868349e-06
9119	-1.2261360780030373e-06
9120	-1.2261224355825107e-06
9121	-1.2261078836672823e-06
9122	-1.2260931043783785e-06
9123	-1.2260786661499878e-06
9124	-1.2260647963557858e-06
9125	-1.2260513813089347e-06
9126	-1.2260391031304607e-06
9127	-1.2260281891940394e-06
9128	-1.2260184121259954e-06
9129	-1.2260089761184645e-06
9130	-1.2259984032425564e-06
9131	-1.2259847608220298e-06
9132	-1.225967935170047e-06
9133	-1.225949176841823e-06
9134	-1.2259300774530857e-06
9135	-1.2259113191248616e-06
9136	-1.2258949482202297e-06
9137	-1.2258831247891067e-06
9138	-1.2258758488314925e-06
9139	-1.225871528731659e-06
9140	-1.2258681181265274e-06
9141	-1.2258640254003694e-06
9142	-1.2258583410584833e-06
9143	-1.2258506103535183e-06
9144	-1.2258419701538514e-06
9145	-1.2258329888936714e-06
9146	-1.2258221886440879e-06
9147	-1.225807068294671e-06
9148	-1.2257867183507187e-06
9149	-1.2257635262358235e-06
9150	-1.2257418120498187e-06
9151	-1.2257254411451868e-06
9152	-1.2257153230166296e-06
9153	-1.2257091839273926e-06
9154	-1.2257036132723442e-06
9155	-1.2256952004463528e-06
9156	-1.225682467520528e-06
9157	-1.2256674608579488e-06
9158	-1.2256538184374222e-06
9159	-1.2256423360668123e-06
9160	-1.225629830514663e-06
9161	-1.225613459610031e-06
9162	-1.225592654918728e-06
9163	-1.2255688943696441e-06
9164	-1.225545247507398e-06
9165	-1.2255250112502836e-06
9166	-1.2255100045877043e-06
9167	-1.225499090651283e-06
9168	-1.2254886314622127e-06
9169	-1.2254755574758747e-06
9170	-1.2254600960659445e-06
9171	-1.2254440662218258e-06
9172	-1.2254286048118956e-06
9173	-1.2254132570888032e-06
9174	-1.22539745461836e-06
9175	-1.225381879521592e-06
9176	-1.2253681234142277e-06
9177	-1.2253578915988328e-06
9178	-1.225351297762245e-06
9179	-1.2253469776624115e-06
9180	-1.2253434533704421e-06
9181	-1.2253393606442842e-06
9182	-1.2253335626155604e-06
9183	-1.2253253771632444e-06
9184	-1.22531412216631e-06
9185	-1.2252993428774062e-06
9186	-1.2252828582859365e-06
9187	-1.2252669421286555e-06
9188	-1.225252844960778e-06
9189	-1.225240566782304e-06
9190	-1.225229539159045e-06
9191	-1.2252190799699747e-06
9192	-1.2252083934072289e-06
9193	-1.2251965699761058e-06
9194	-1.225183041242417e-06
9195	-1.2251675798324868e-06
9196	-1.225151208927855e-06
9197	-1.2251350653968984e-06
9198	-1.2251186944922665e-06
9199	-1.2251008456587442e-06
9200	-1.225081746270007e-06
9201	-1.2250640111233224e-06
9202	-1.2250501413291204e-06
9203	-1.2250399095137254e-06
9204	-1.225031951435085e-06
9205	-1.2250246754774707e-06
9206	-1.2250179679540452e-06
9207	-1.2250111467437819e-06
9208	-1.2250026202309527e-06
9209	-1.2249912515471806e-06
9210	-1.224977154379303e-06
9211	-1.2249615792825352e-06
9212	-1.2249450946910656e-06
9213	-1.2249274732312188e-06
9214	-1.2249088285898324e-06
9215	-1.2248899565747706e-06
9216	-1.2248719940544106e-06
9217	-1.2248556231497787e-06
9218	-1.2248415259819012e-06
9219	-1.2248308394191554e-06
9220	-1.2248237908352166e-06
9221	-1.22481912967487e-06
9222	-1.224815036948712e-06
9223	-1.224809352606826e-06
9224	-1.2247996892256197e-06
9225	-1.2247846825630404e-06
9226	-1.2247661516084918e-06
9227	-1.2247477343407809e-06
9228	-1.224732613991364e-06
9229	-1.224721927428618e-06
9230	-1.2247147651578416e-06
9231	-1.2247083986949292e-06
9232	-1.2247002132426132e-06
9233	-1.2246890719325165e-06
9234	-1.224674974764639e-06
9235	-1.2246589449205203e-06
9236	-1.2246430287632393e-06
9237	-1.2246289315953618e-06
9238	-1.2246165397300501e-06
9239	-1.2246048299857648e-06
9240	-1.2245924381204532e-06
9241	-1.2245787956999266e-06
9242	-1.2245642437846982e-06
9243	-1.2245493508089567e-06
9244	-1.2245346852068906e-06
9245	-1.2245201332916622e-06
9246	-1.2245060361237847e-06
9247	-1.2244922800164204e-06
9248	-1.2244786375958938e-06
9249	-1.2244652225490427e-06
9250	-1.2244519211890292e-06
9251	-1.224438165081665e-06
9252	-1.224422589984897e-06
9253	-1.224403831656673e-06
9254	-1.224381776410155e-06
9255	-1.2243592664162861e-06
9256	-1.2243399396538734e-06
9257	-1.2243264109201846e-06
9258	-1.2243198170835967e-06
9259	-1.2243190212757327e-06
9260	-1.2243207265782985e-06
9261	-1.2243218634466757e-06
9262	-1.2243200444572722e-06
9263	-1.2243141327417106e-06
9264	-1.2243034461789648e-06
9265	-1.224288666890061e-06
9266	-1.2242709317433764e-06
9267	-1.2242521734151524e-06
9268	-1.2242334150869283e-06
9269	-1.2242144293850288e-06
9270	-1.224195557369967e-06
9271	-1.224178845404822e-06
9272	-1.224165771418484e-06
9273	-1.2241556532899267e-06
9274	-1.2241458762218826e-06
9275	-1.2241340527907596e-06
9276	-1.224119159815018e-06
9277	-1.2241023341630353e-06
9278	-1.2240849400768639e-06
9279	-1.2240689102327451e-06
9280	-1.224055040438543e-06
9281	-1.2240433306942577e-06
9282	-1.2240337809998891e-06
9283	-1.2240266187291127e-06
9284	-1.2240207070135511e-06
9285	-1.2240138858032878e-06
9286	-1.224004449795757e-06
9287	-1.2239925126777962e-06
9288	-1.2239787565704319e-06
9289	-1.2239638635946903e-06
9290	-1.2239481748110848e-06
9291	-1.2239322586538037e-06
9292	-1.2239166835570359e-06
9293	-1.223901904268132e-06
9294	-1.2238886029081186e-06
9295	-1.2238771205375087e-06
9296	-1.2238682529641665e-06
9297	-1.2238609770065523e-06
9298	-1.2238538147357758e-06
9299	-1.223845970343973e-06
9300	-1.2238366480232798e-06
9301	-1.2238250519658322e-06
9302	-1.2238110684847925e-06
9303	-1.2237964028827264e-06
9304	-1.223783101522713e-06
9305	-1.2237710507179145e-06
9306	-1.2237584314789274e-06
9307	-1.22374433431105e-06
9308	-1.2237286455274443e-06
9309	-1.2237123883096501e-06
9310	-1.22369692689972e-06
9311	-1.2236837392265443e-06
9312	-1.223673621097987e-06
9313	-1.2236662314535351e-06
9314	-1.2236596376169473e-06
9315	-1.2236521342856577e-06
9316	-1.2236419024702627e-06
9317	-1.223626668434008e-06
9318	-1.2236057500558672e-06
9319	-1.2235803978910553e-06
9320	-1.2235549320394057e-06
9321	-1.2235338999744272e-06
9322	-1.2235185522513348e-06
9323	-1.2235069561938872e-06
9324	-1.2234961559443036e-06
9325	-1.2234856967552332e-06
9326	-1.2234767154950532e-06
9327	-1.2234693258506013e-06
9328	-1.2234613677719608e-06
9329	-1.2234509085828904e-06
9330	-1.2234381756570656e-06
9331	-1.2234243058628635e-06
9332	-1.2234097539476352e-06
9333	-1.2233944062245428e-06
9334	-1.223378376380424e-06
9335	-1.2233622328494675e-06
9336	-1.2233469988132128e-06
9337	-1.223333470079524e-06
9338	-1.223321646648401e-06
9339	-1.2233117558935191e-06
9340	-1.2233034567543655e-06
9341	-1.2232958397362381e-06
9342	-1.223287313223409e-06
9343	-1.2232760582264746e-06
9344	-1.2232613926244085e-06
9345	-1.223244453285588e-06
9346	-1.223228082380956e-06
9347	-1.2232145536472672e-06
9348	-1.2232040944581968e-06
9349	-1.2231953405716922e-06
9350	-1.223186814058863e-06
9351	-1.2231777191118454e-06
9352	-1.2231682831043145e-06
9353	-1.2231581649757572e-06
9354	-1.223146455231472e-06
9355	-1.2231323580635944e-06
9356	-1.2231155324116116e-06
9357	-1.2230968877702253e-06
9358	-1.223078243128839e-06
9359	-1.2230615311636939e-06
9360	-1.2230476613694918e-06
9361	-1.2230364063725574e-06
9362	-1.2230275387992151e-06
9363	-1.223020262841601e-06
9364	-1.2230123047629604e-06
9365	-1.223001049766026e-06
9366	-1.2229860431034467e-06
9367	-1.2229683079567621e-06
9368	-1.2229490948811872e-06
9369	-1.222929540745099e-06
9370	-1.22291203297209e-06
9371	-1.2228987316120765e-06
9372	-1.2228896366650588e-06
9373	-1.222881792273256e-06
9374	-1.2228730383867514e-06
9375	-1.222863033945032e-06
9376	-1.2228531431901501e-06
9377	-1.222843820869457e-06
9378	-1.2228354080434656e-06
9379	-1.222827904712176e-06
9380	-1.2228210835019127e-06
9381	-1.222814375978487e-06
9382	-1.222805394718307e-06
9383	-1.2227924344188068e-06
9384	-1.2227745855852845e-06
9385	-1.222753553520306e-06
9386	-1.2227313845869503e-06
9387	-1.222709897774621e-06
9388	-1.2226909120727214e-06
9389	-1.2226759054101421e-06
9390	-1.2226654462210718e-06
9391	-1.2226587386976462e-06
9392	-1.222653509103111e-06
9393	-1.2226472563270363e-06
9394	-1.2226378203195054e-06
9395	-1.2226244052726543e-06
9396	-1.2226082617416978e-06
9397	-1.2225917771502282e-06
9398	-1.222576770487649e-06
9399	-1.2225633554407977e-06
9400	-1.2225516456965124e-06
9401	-1.222542437062657e-06
9402	-1.2225351611050428e-06
9403	-1.2225269756527268e-06
9404	-1.2225156069689547e-06
9405	-1.2225009413668886e-06
9406	-1.2224846841490944e-06
9407	-1.222468881678651e-06
9408	-1.2224538750160718e-06
9409	-1.222439095727168e-06
9410	-1.2224245438119397e-06
9411	-1.2224105603309e-06
9412	-1.2223966905366979e-06
9413	-1.222381911247794e-06
9414	-1.2223656540299999e-06
9415	-1.2223483736306662e-06
9416	-1.222331661665521e-06
9417	-1.2223172234371305e-06
9418	-1.2223061958138715e-06
9419	-1.2222985787957441e-06
9420	-1.222292894453858e-06
9421	-1.2222868690514588e-06
9422	-1.222278569912305e-06
9423	-1.2222673149153707e-06
9424	-1.2222542409290327e-06
9425	-1.2222412806295324e-06
9426	-1.2222294571984094e-06
9427	-1.2222178611409618e-06
9428	-1.2222049008414615e-06
9429	-1.2221905762999086e-06
9430	-1.222175683324167e-06
9431	-1.2221611314089387e-06
9432	-1.2221476026752498e-06
9433	-1.222135665557289e-06
9434	-1.2221248653077055e-06
9435	-1.2221131555634202e-06
9436	-1.2220988310218672e-06
9437	-1.2220824601172353e-06
9438	-1.2220649523442262e-06
9439	-1.2220465350765153e-06
9440	-1.2220277767482912e-06
9441	-1.222009927914769e-06
9442	-1.2219942391311633e-06
9443	-1.2219816198921762e-06
9444	-1.2219725249451585e-06
9445	-1.2219664995427593e-06
9446	-1.2219618383824127e-06
9447	-1.221956381414202e-06
9448	-1.2219489917697501e-06
9449	-1.2219378504596534e-06
9450	-1.2219222753628856e-06
9451	-1.2219023801662843e-06
9452	-1.2218790743645513e-06
9453	-1.2218537221997394e-06
9454	-1.221828597408603e-06
9455	-1.2218077927172999e-06
9456	-1.221794263983611e-06
9457	-1.2217883522680495e-06
9458	-1.2217878975206986e-06
9459	-1.2217896028232644e-06
9460	-1.221790171257453e-06
9461	-1.2217858511576196e-06
9462	-1.2217753919685492e-06
9463	-1.2217593621244305e-06
9464	-1.221740376422531e-06
9465	-1.221721163346956e-06
9466	-1.2217050198159995e-06
9467	-1.2216928553243633e-06
9468	-1.2216829645694816e-06
9469	-1.2216720506330603e-06
9470	-1.2216581808388582e-06
9471	-1.2216422646815772e-06
9472	-1.221626462211134e-06
9473	-1.2216125924169319e-06
9474	-1.2216014511068352e-06
9475	-1.221591674038791e-06
9476	-1.221580646415532e-06
9477	-1.2215665492476546e-06
9478	-1.2215491551614832e-06
9479	-1.2215289189043688e-06
9480	-1.2215082278999034e-06
9481	-1.2214899243190303e-06
9482	-1.2214767366458545e-06
9483	-1.221469233314565e-06
9484	-1.2214655953357578e-06
9485	-1.2214621847306262e-06
9486	-1.2214555908940383e-06
9487	-1.2214444495839416e-06
9488	-1.2214302387292264e-06
9489	-1.2214145499456208e-06
9490	-1.221398520101502e-06
9491	-1.2213822628837079e-06
9492	-1.2213652098580496e-06
9493	-1.221346678903501e-06
9494	-1.2213268973937375e-06
9495	-1.2213076843181625e-06
9496	-1.2212922229082324e-06
9497	-1.2212826732138637e-06
9498	-1.2212790352350567e-06
9499	-1.221278466800868e-06
9500	-1.2212774436193286e-06
9501	-1.2212728961458197e-06
9502	-1.2212634601382888e-06
9503	-1.2212501587782754e-06
9504	-1.2212351521156961e-06
9505	-1.2212198043926037e-06
9506	-1.2212049114168622e-06
9507	-1.2211905868753092e-06
9508	-1.2211764897074318e-06
9509	-1.2211619377922034e-06
9510	-1.2211467037559487e-06
9511	-1.2211311286591808e-06
9512	-1.2211165767439525e-06
9513	-1.221104525939154e-06
9514	-1.2210949762447854e-06
9515	-1.2210856539240922e-06
9516	-1.2210738304929691e-06
9517	-1.2210592785777408e-06
9518	-1.2210430213599466e-06
9519	-1.2210259683342883e-06
9520	-1.221007323692902e-06
9521	-1.2209876558699762e-06
9522	-1.2209698070364539e-06
9523	-1.2209559372422518e-06
9524	-1.2209458191136946e-06
9525	-1.2209374062877032e-06
9526	-1.2209286524011986e-06
9527	-1.2209201258883695e-06
9528	-1.2209123951834044e-06
9529	-1.2209040960442508e-06
9530	-1.2208927273604786e-06
9531	-1.2208765838295221e-06
9532	-1.2208561201987322e-06
9533	-1.2208339512653765e-06
9534	-1.2208134876345866e-06
9535	-1.2207971167299547e-06
9536	-1.2207844974909676e-06
9537	-1.2207740383018972e-06
9538	-1.220764715981204e-06
9539	-1.2207574400235899e-06
9540	-1.2207526651764056e-06
9541	-1.2207494819449494e-06
9542	-1.2207450481582782e-06
9543	-1.220736180584936e-06
9544	-1.2207216286697076e-06
9545	-1.2207040072098607e-06
9546	-1.2206870678710402e-06
9547	-1.2206734254505136e-06
9548	-1.2206628525746055e-06
9549	-1.220652848132886e-06
9550	-1.2206402288938989e-06
9551	-1.2206243127366179e-06
9552	-1.220607487084635e-06
9553	-1.220593617290433e-06
9554	-1.2205841812829021e-06
9555	-1.220577701133152e-06
9556	-1.2205712209834019e-06
9557	-1.2205618986627087e-06
9558	-1.2205484836158575e-06
9559	-1.2205304074086598e-06
9560	-1.2205081247884664e-06
9561	-1.2204839094920317e-06
9562	-1.220461285811325e-06
9563	-1.2204429822304519e-06
9564	-1.220429908244114e-06
9565	-1.2204213817312848e-06
9566	-1.220414787894697e-06
9567	-1.2204077393107582e-06
9568	-1.2203983033032273e-06
9569	-1.2203863661852665e-06
9570	-1.2203723827042268e-06
9571	-1.2203570349811343e-06
9572	-1.2203403230159893e-06
9573	-1.2203230426166556e-06
9574	-1.2203063306515105e-06
9575	-1.2202915513626067e-06
9576	-1.2202800689919968e-06
9577	-1.2202727930343826e-06
9578	-1.2202687003082247e-06
9579	-1.2202657444504439e-06
9580	-1.2202607422295841e-06
9581	-1.22025096516154e-06
9582	-1.22023550375161e-06
9583	-1.2202159496155218e-06
9584	-1.2201965091662714e-06
9585	-1.2201808203826658e-06
9586	-1.2201695653857314e-06
9587	-1.2201608114992268e-06
9588	-1.2201514891785337e-06
9589	-1.2201410299894633e-06
9590	-1.2201300023662043e-06
9591	-1.2201177241877303e-06
9592	-1.2201029448988265e-06
9593	-1.2200853234389797e-06
9594	-1.220066792484431e-06
9595	-1.220049284711422e-06
9596	-1.2200339369883295e-06
9597	-1.220020635628316e-06
9598	-1.2200082437630044e-06
9599	-1.2199952834635042e-06
9600	-1.2199815273561398e-06
9601	-1.2199677712487755e-06
9602	-1.2199537877677358e-06
9603	-1.2199387811051565e-06
9604	-1.2199221828268492e-06
9605	-1.21990467505384e-06
9606	-1.2198888725833967e-06
9607	-1.2198771628391114e-06
9608	-1.2198692047604709e-06
9609	-1.2198622698633699e-06
9610	-1.2198532886031899e-06
9611	-1.2198402146168519e-06
9612	-1.2198239573990577e-06
9613	-1.219807927554939e-06
9614	-1.2197950809422764e-06
9615	-1.2197862133689341e-06
9616	-1.2197800742796971e-06
9617	-1.2197747309983242e-06
9618	-1.219769501403789e-06
9619	-1.2197647265566047e-06
9620	-1.2197601790830959e-06
9621	-1.2197532441859948e-06
9622	-1.2197418755022227e-06
9623	-1.219725390910753e-06
9624	-1.2197057230878272e-06
9625	-1.219685827891226e-06
9626	-1.2196677516840282e-06
9627	-1.2196520629004226e-06
9628	-1.219637624672032e-06
9629	-1.2196227316962904e-06
9630	-1.2196070429126848e-06
9631	-1.2195920362501056e-06
9632	-1.219580440192658e-06
9633	-1.2195732779218815e-06
9634	-1.2195683893878595e-06
9635	-1.2195608860565699e-06
9636	-1.2195474710097187e-06
9637	-1.219528598994657e-06
9638	-1.2195079079901916e-06
9639	-1.2194884675409412e-06
9640	-1.219470959767932e-06
9641	-1.2194549299238133e-06
9642	-1.219439923261234e-06
9643	-1.2194262808407075e-06
9644	-1.2194146847832599e-06
9645	-1.2194059308967553e-06
9646	-1.219399564433843e-06
9647	-1.2193938800919568e-06
9648	-1.219386490447505e-06
9649	-1.2193768270662986e-06
9650	-1.2193645488878246e-06
9651	-1.2193492011647322e-06
9652	-1.2193303291496704e-06
9653	-1.2193090697110165e-06
9654	-1.2192889471407398e-06
9655	-1.2192732583571342e-06
9656	-1.2192635949759278e-06
9657	-1.2192593885629321e-06
9658	-1.2192588201287435e-06
9659	-1.219259843310283e-06
9660	-1.219259047502419e-06
9661	-1.2192534768473706e-06
9662	-1.2192424492241116e-06
9663	-1.2192281246825587e-06
9664	-1.2192135727673303e-06
9665	-1.2191999303468037e-06
9666	-1.2191856058052508e-06
9667	-1.2191682117190794e-06
9668	-1.2191476344014518e-06
9669	-1.2191264886496356e-06
9670	-1.219107161887223e-06
9671	-1.2190905636089155e-06
9672	-1.2190773759357398e-06
9673	-1.219067485180858e-06
9674	-1.2190595271022175e-06
9675	-1.219051569023577e-06
9676	-1.2190419056423707e-06
9677	-1.2190297411507345e-06
9678	-1.2190138249934535e-06
9679	-1.2189937024231767e-06
9680	-1.218971533489821e-06
9681	-1.218950728798518e-06
9682	-1.2189331073386711e-06
9683	-1.2189190101707936e-06
9684	-1.2189077551738592e-06
9685	-1.2188987739136792e-06
9686	-1.2188911568955518e-06
9687	-1.2188834261905868e-06
9688	-1.2188742175567313e-06
9689	-1.2188630762466346e-06
9690	-1.2188490927655948e-06
9691	-1.2188315849925857e-06
9692	-1.218810211867094e-06
9693	-1.2187869060653611e-06
9694	-1.218765305566194e-06
9695	-1.2187477977931849e-06
9696	-1.218734269059496e-06
9697	-1.2187236961835879e-06
9698	-1.2187156244181097e-06
9699	-1.2187102811367367e-06
9700	-1.2187077800263069e-06
9701	-1.2187064157842542e-06
9702	-1.2187030051791226e-06
9703	-1.218695501847833e-06
9704	-1.2186836784167099e-06
9705	-1.2186691265014815e-06
9706	-1.218653437717876e-06
9707	-1.2186367257527309e-06
9708	-1.2186192179797217e-06
9709	-1.218602733388252e-06
9710	-1.218589659401914e-06
9711	-1.2185805644548964e-06
9712	-1.218573743244633e-06
9713	-1.218566012539668e-06
9714	-1.218554984916409e-06
9715	-1.218540319314343e-06
9716	-1.2185230389150092e-06
9717	-1.2185050763946492e-06
9718	-1.2184873412479647e-06
9719	-1.218469265040767e-06
9720	-1.2184501656520297e-06
9721	-1.2184298157080775e-06
9722	-1.2184083288957481e-06
9723	-1.2183862736492301e-06
9724	-1.2183652415842516e-06
9725	-1.218347506437567e-06
9726	-1.218334091390716e-06
9727	-1.2183242006358341e-06
9728	-1.2183170383650577e-06
9729	-1.2183119224573602e-06
9730	-1.2183068065496627e-06
9731	-1.2182986210973468e-06
9732	-1.2182865702925483e-06
9733	-1.2182717910036445e-06
9734	-1.2182559885332012e-06
9735	-1.2182412092442974e-06
9736	-1.2182288173789857e-06
9737	-1.2182194950582925e-06
9738	-1.2182134696558933e-06
9739	-1.2182092632428976e-06
9740	-1.2182048294562264e-06
9741	-1.218198462993314e-06
9742	-1.2181903912278358e-06
9743	-1.218182546836033e-06
9744	-1.218175611938932e-06
9745	-1.2181685633549932e-06
9746	-1.2181592410343e-06
9747	-1.2181465081084752e-06
9748	-1.2181318425064092e-06
9749	-1.2181172905911808e-06
9750	-1.218103307110141e-06
9751	-1.2180893236291013e-06
9752	-1.2180748854007106e-06
9753	-1.2180601061118068e-06
9754	-1.2180454405097407e-06
9755	-1.2180315707155387e-06
9756	-1.2180190651633893e-06
9757	-1.2180066732980777e-06
9758	-1.2179920076960116e-06
9759	-1.217973476741463e-06
9760	-1.2179523309896467e-06
9761	-1.2179307304904796e-06
9762	-1.2179104942333652e-06
9763	-1.2178924180261674e-06
9764	-1.2178768429293996e-06
9765	-1.2178634278825484e-06
9766	-1.2178511497040745e-06
9767	-1.217839098899276e-06
9768	-1.2178267070339643e-06
9769	-1.2178139741081395e-06
9770	-1.2178012411823147e-06
9771	-1.2177879398223013e-06
9772	-1.2177725920992089e-06
9773	-1.217754970639362e-06
9774	-1.2177371218058397e-06
9775	-1.2177222288300982e-06
9776	-1.2177124517620541e-06
9777	-1.217708017975383e-06
9778	-1.2177074495411944e-06
9779	-1.2177085864095716e-06
9780	-1.2177081316622207e-06
9781	-1.2177036978755496e-06
9782	-1.2176942618680187e-06
9783	-1.2176803920738166e-06
9784	-1.2176627706139698e-06
9785	-1.2176429891042062e-06
9786	-1.2176228665339295e-06
9787	-1.2176043355793809e-06
9788	-1.2175883057352621e-06
9789	-1.2175739811937092e-06
9790	-1.2175603387731826e-06
9791	-1.2175471511000069e-06
9792	-1.2175355550425593e-06
9793	-1.2175260053481907e-06
9794	-1.2175174788353615e-06
9795	-1.2175081565146684e-06
9796	-1.2174975836387603e-06
9797	-1.2174853054602863e-06
9798	-1.2174716630397597e-06
9799	-1.217456883750856e-06
9800	-1.2174418770882767e-06
9801	-1.2174269841125351e-06
9802	-1.2174117500762804e-06
9803	-1.2173958339189994e-06
9804	-1.217379235640692e-06
9805	-1.2173628647360601e-06
9806	-1.2173476306998054e-06
9807	-1.2173338745924411e-06
9808	-1.2173215964139672e-06
9809	-1.217310682477546e-06
9810	-1.2173010190963396e-06
9811	-1.2172915830888087e-06
9812	-1.2172803280918743e-06
9813	-1.2172657761766459e-06
9814	-1.217248154716799e-06
9815	-1.2172297374490881e-06
9816	-1.2172125707365922e-06
9817	-1.2171989283160656e-06
9818	-1.2171894923085347e-06
9819	-1.2171831258456223e-06
9820	-1.2171764183221967e-06
9821	-1.2171659591331263e-06
9822	-1.217151407217898e-06
9823	-1.2171357184342924e-06
9824	-1.2171216212664149e-06
9825	-1.2171104799563182e-06
9826	-1.2171026355645154e-06
9827	-1.2170974059699802e-06
9828	-1.2170920626886073e-06
9829	-1.2170838772362913e-06
9830	-1.2170714853709796e-06
9831	-1.2170555692136986e-06
9832	-1.2170379477538518e-06
9833	-1.217019871546654e-06
9834	-1.21700111321843e-06
9835	-1.2169813317086664e-06
9836	-1.2169616638857406e-06
9837	-1.2169438150522183e-06
9838	-1.2169284673291259e-06
9839	-1.2169156207164633e-06
9840	-1.216904706780042e-06
9841	-1.2168953844593489e-06
9842	-1.216886744259682e-06
9843	-1.2168776493126643e-06
9844	-1.2168669627499185e-06
9845	-1.2168550256319577e-06
9846	-1.2168417242719443e-06
9847	-1.2168268312962027e-06
9848	-1.2168104603915708e-06
9849	-1.2167934073659126e-06
9850	-1.2167765817139298e-06
9851	-1.2167604381829733e-06
9852	-1.21674463571253e-06
9853	-1.216729515363113e-06
9854	-1.2167158729425864e-06
9855	-1.2167047316324897e-06
9856	-1.216694840877608e-06
9857	-1.2166851774964016e-06
9858	-1.2166752867415198e-06
9859	-1.2166659644208266e-06
9860	-1.2166574379079975e-06
9861	-1.2166492524556816e-06
9862	-1.216640498569177e-06
9863	-1.216630266753782e-06
9864	-1.2166175338279572e-06
9865	-1.2166019587311894e-06
9866	-1.2165844509581802e-06
9867	-1.2165662610641448e-06
9868	-1.216548639604298e-06
9869	-1.2165328371338546e-06
9870	-1.2165202178948675e-06
9871	-1.2165103271399857e-06
9872	-1.216502028000832e-06
9873	-1.2164940699221916e-06
9874	-1.2164849749751738e-06
9875	-1.216473492604564e-06
9876	-1.2164588270024979e-06
9877	-1.216442001350515e-06
9878	-1.2164263125669095e-06
9879	-1.21641380701476e-06
9880	-1.2164039162598783e-06
9881	-1.216394252878672e-06
9882	-1.2163822020738735e-06
9883	-1.2163676501586451e-06
9884	-1.2163518476882018e-06
9885	-1.2163367273387848e-06
9886	-1.2163225164840696e-06
9887	-1.2163089877503808e-06
9888	-1.2162960274508805e-06
9889	-1.2162836355855688e-06
9890	-1.2162711300334195e-06
9891	-1.2162573739260552e-06
9892	-1.2162412303950987e-06
9893	-1.2162236089352518e-06
9894	-1.21620723803062e-06
9895	-1.2161946187916328e-06
9896	-1.2161857512182905e-06
9897	-1.2161780205133255e-06
9898	-1.2161698350610095e-06
9899	-1.2161607401139918e-06
9900	-1.2161511904196232e-06
9901	-1.2161419817857677e-06
9902	-1.2161337963334518e-06
9903	-1.2161258382548112e-06
9904	-1.2161167433077935e-06
9905	-1.216105147250346e-06
9906	-1.2160901405877667e-06
9907	-1.2160713822595426e-06
9908	-1.216050009134051e-06
9909	-1.216028294948046e-06
9910	-1.216008740811958e-06
9911	-1.2159938478362164e-06
9912	-1.2159845255155233e-06
9913	-1.2159808875367162e-06
9914	-1.215981001223554e-06
9915	-1.2159800917288521e-06
9916	-1.2159725883975625e-06
9917	-1.215956444866606e-06
9918	-1.2159338211858994e-06
9919	-1.2159085827079252e-06
9920	-1.2158839126641396e-06
9921	-1.215862539538648e-06
9922	-1.2158450317656389e-06
9923	-1.215830707224086e-06
9924	-1.2158180879850988e-06
9925	-1.2158064919276512e-06
9926	-1.2157960327385808e-06
9927	-1.21578659673105e-06
9928	-1.2157777291577077e-06
9929	-1.215768975271203e-06
9930	-1.215759198203159e-06
9931	-1.2157483979535755e-06
9932	-1.2157365745224524e-06
9933	-1.2157242963439785e-06
9934	-1.2157115634181537e-06
9935	-1.2156984894318157e-06
9936	-1.2156870070612058e-06
9937	-1.2156793900430785e-06
9938	-1.2156751836300828e-06
9939	-1.2156710909039248e-06
9940	-1.2156631328252843e-06
9941	-1.2156496040915954e-06
9942	-1.2156313005107222e-06
9943	-1.2156107231930946e-06
9944	-1.2155902595623047e-06
9945	-1.2155715012340806e-06
9946	-1.2155549029557733e-06
9947	-1.2155400099800318e-06
9948	-1.215526026498992e-06
9949	-1.2155135209468426e-06
9950	-1.21550317544461e-06
9951	-1.215494989992294e-06
9952	-1.2154882824688684e-06
9953	-1.2154821433796315e-06
9954	-1.2154735031799646e-06
9955	-1.215460315506789e-06
9956	-1.2154429214206175e-06
9957	-1.2154242767792311e-06
9958	-1.215407223753573e-06
9959	-1.2153933539593709e-06
9960	-1.2153815305282478e-06
9961	-1.2153692523497739e-06
9962	-1.2153545867477078e-06
9963	-1.2153378747825627e-06
9964	-1.21532104913058e-06
9965	-1.215305928781163e-06
9966	-1.215293650602689e-06
9967	-1.2152843282819958e-06
9968	-1.2152767112638685e-06
9969	-1.215267957377364e-06
9970	-1.2152549970778637e-06
9971	-1.2152353292549378e-06
9972	-1.215209977090126e-06
9973	-1.215183374370099e-06
9974	-1.215161319123581e-06
9975	-1.2151481314504053e-06
9976	-1.2151440387242474e-06
9977	-1.2151452892794623e-06
9978	-1.2151477903898922e-06
9979	-1.2151477903898922e-06
9980	-1.2151424471085193e-06
9981	-1.2151308510510717e-06
9982	-1.2151149348937906e-06
9983	-1.2150989050496719e-06
9984	-1.2150859447501716e-06
9985	-1.2150759403084521e-06
9986	-1.2150668453614344e-06
9987	-1.2150562724855263e-06
9988	-1.2150431984991883e-06
9989	-1.21502864658396e-06
9990	-1.2150145494160824e-06
9991	-1.2150022712376085e-06
9992	-1.2149912436143495e-06
9993	-1.2149798749305774e-06
9994	-1.2149666872574016e-06
9995	-1.214950657413283e-06
9996	-1.2149320127718966e-06
9997	-1.2149129133831593e-06
9998	-1.2148959740443388e-06
9999	-1.2148825589974876e-06
10000	-1.214871758747904e-06
10001	-1.2148616406193469e-06
10002	-1.2148506129960879e-06
10003	-1.214838675878127e-06
10004	-1.2148262840128154e-06
10005	-1.2148136647738284e-06
10006	-1.2148008181611658e-06
10007	-1.214787289427477e-06
10008	-1.2147723964517354e-06
10009	-1.2147559118602658e-06
10010	-1.214738631460932e-06
10011	-1.2147216921221116e-06
10012	-1.2147053212174796e-06
10013	-1.214689291373361e-06
10014	-1.2146731478424044e-06
10015	-1.2146571179982857e-06
10016	-1.2146416565883555e-06
10017	-1.214627559420478e-06
10018	-1.214616531797219e-06
10019	-1.2146102790211444e-06
10020	-1.214608801092254e-06
10021	-1.2146093695264426e-06
10022	-1.2146082326580654e-06
10023	-1.2146023209425039e-06
10024	-1.2145915206929203e-06
10025	-1.2145766277171788e-06
10026	-1.2145586651968188e-06
10027	-1.2145379741923534e-06
10028	-1.2145153505116468e-06
10029	-1.2144922720835893e-06
10030	-1.2144712400186108e-06
10031	-1.2144546417403035e-06
10032	-1.2144427046223427e-06
10033	-1.214433609675325e-06
10034	-1.21442337785993e-06
10035	-1.2144096217525657e-06
10036	-1.214392341353232e-06
10037	-1.2143738103986834e-06
10038	-1.2143570984335383e-06
10039	-1.2143451613155776e-06
10040	-1.2143387948526652e-06
10041	-1.214335156873858e-06
10042	-1.2143312915213755e-06
10043	-1.214325379805814e-06
10044	-1.2143167396061472e-06
10045	-1.2143048024881864e-06
10046	-1.2142895684519317e-06
10047	-1.2142726291131112e-06
10048	-1.2142552350269398e-06
10049	-1.2142377272539306e-06
10050	-1.2142188552388689e-06
10051	-1.214197936860728e-06
10052	-1.2141756542405346e-06
10053	-1.2141539400545298e-06
10054	-1.2141356364736566e-06
10055	-1.214122448800481e-06
10056	-1.2141148317823536e-06
10057	-1.214111762237735e-06
10058	-1.2141106253693579e-06
10059	-1.2141083516326034e-06
10060	-1.2141033494117437e-06
10061	-1.2140939134042128e-06
10062	-1.214079929923173e-06
10063	-1.2140629905843525e-06
10064	-1.214045255437668e-06
10065	-1.2140279750383343e-06
10066	-1.214012172567891e-06
10067	-1.2139976206526626e-06
10068	-1.2139844329794869e-06
10069	-1.2139722684878507e-06
10070	-1.21396033136989e-06
10071	-1.2139483942519291e-06
10072	-1.2139364571339684e-06
10073	-1.213924747389683e-06
10074	-1.213912469211209e-06
10075	-1.2138988267906825e-06
10076	-1.2138841611886164e-06
10077	-1.2138692682128749e-06
10078	-1.2138538068029447e-06
10079	-1.213836526403611e-06
10080	-1.213816972267523e-06
10081	-1.2137963949498953e-06
10082	-1.2137770681874827e-06
10083	-1.2137606972828507e-06
10084	-1.2137484191043768e-06
10085	-1.2137409157730872e-06
10086	-1.2137373914811178e-06
10087	-1.213735686178552e-06
10088	-1.2137321618865826e-06
10089	-1.2137237490605912e-06
10090	-1.2137086287111742e-06
10091	-1.2136881650803844e-06
10092	-1.2136653140260023e-06
10093	-1.2136432587794843e-06
10094	-1.2136249551986111e-06
10095	-1.2136118812122731e-06
10096	-1.2136040368204704e-06
10097	-1.213600512528501e-06
10098	-1.213599261973286e-06
10099	-1.2135973292970448e-06
10100	-1.2135922133893473e-06
10101	-1.2135839142501936e-06
10102	-1.213573568747961e-06
10103	-1.2135624274378642e-06
10104	-1.2135503766330658e-06
10105	-1.2135370752730523e-06
10106	-1.213521272802609e-06
10107	-1.2135028555348981e-06
10108	-1.21348330139881e-06
10109	-1.2134651115047745e-06
10110	-1.2134505595895462e-06
10111	-1.2134407825215021e-06
10112	-1.2134349844927783e-06
10113	-1.2134297548982431e-06
10114	-1.2134213420722517e-06
10115	-1.2134082680859137e-06
10116	-1.213391783494444e-06
10117	-1.2133735936004086e-06
10118	-1.2133539257774828e-06
10119	-1.2133328937125043e-06
10120	-1.2133127711422276e-06
10121	-1.2132975371059729e-06
10122	-1.2132887832194683e-06
10123	-1.2132851452406612e-06
10124	-1.2132825304433936e-06
10125	-1.2132769597883453e-06
10126	-1.2132654774177354e-06
10127	-1.2132479696447263e-06
10128	-1.2132263691455591e-06
10129	-1.2132032907175017e-06
10130	-1.2131804396631196e-06
10131	-1.2131594075981411e-06
10132	-1.2131404218962416e-06
10133	-1.2131223456890439e-06
10134	-1.2131044968555216e-06
10135	-1.2130886943850783e-06
10136	-1.2130778941354947e-06
10137	-1.2130730056014727e-06
10138	-1.2130714139857446e-06
10139	-1.2130694813095033e-06
10140	-1.2130645927754813e-06
10141	-1.2130554978284636e-06
10142	-1.2130427649026387e-06
10143	-1.213028326674248e-06
10144	-1.2130142295063706e-06
10145	-1.213000587085844e-06
10146	-1.2129853530495893e-06
10147	-1.2129671631555539e-06
10148	-1.2129469268984394e-06
10149	-1.2129269180150004e-06
10150	-1.2129086144341272e-06
10151	-1.2128930393373594e-06
10152	-1.2128811022193986e-06
10153	-1.2128732578275958e-06
10154	-1.2128681419198983e-06
10155	-1.2128635944463895e-06
10156	-1.2128574553571525e-06
10157	-1.2128488151574857e-06
10158	-1.212837673847389e-06
10159	-1.2128241451137e-06
10160	-1.2128089110774454e-06
10161	-1.212793108607002e-06
10162	-1.2127767377023702e-06
10163	-1.2127590025556856e-06
10164	-1.2127402442274615e-06
10165	-1.2127222817071015e-06
10166	-1.2127080708523863e-06
10167	-1.2126994306527195e-06
10168	-1.2126944284318597e-06
10169	-1.2126882893426227e-06
10170	-1.2126773754062015e-06
10171	-1.2126614592489204e-06
10172	-1.2126427009206964e-06
10173	-1.2126238289056346e-06
10174	-1.212606548506301e-06
10175	-1.2125915418437216e-06
10176	-1.2125797184125986e-06
10177	-1.212571419273445e-06
10178	-1.2125659623052343e-06
10179	-1.2125623243264272e-06
10180	-1.2125589137212955e-06
10181	-1.212553002005734e-06
10182	-1.2125425428166636e-06
10183	-1.2125275361540844e-06
10184	-1.2125100283810752e-06
10185	-1.2124928616685793e-06
10186	-1.2124780823796755e-06
10187	-1.2124659178880393e-06
10188	-1.212455003951618e-06
10189	-1.2124440900151967e-06
10190	-1.2124329487051e-06
10191	-1.2124208979003015e-06
10192	-1.212407255479775e-06
10193	-1.2123922488171957e-06
10194	-1.212377014780941e-06
10195	-1.2123625765525503e-06
10196	-1.2123492751925369e-06
10197	-1.212335746458848e-06
10198	-1.2123207397962688e-06
10199	-1.2123044825784746e-06
10200	-1.212288793794869e-06
10201	-1.2122750376875047e-06
10202	-1.2122633279432193e-06
10203	-1.2122523003199603e-06
10204	-1.212240590575675e-06
10205	-1.2122284260840388e-06
10206	-1.2122163752792403e-06
10207	-1.2122039834139287e-06
10208	-1.2121897725592135e-06
10209	-1.2121721510993666e-06
10210	-1.2121500958528486e-06
10211	-1.2121247436880367e-06
10212	-1.2120990504627116e-06
10213	-1.2120769952161936e-06
10214	-1.2120607379983994e-06
10215	-1.2120503924961668e-06
10216	-1.2120449355279561e-06
10217	-1.2120427754780394e-06
10218	-1.2120418659833376e-06
10219	-1.2120409564886359e-06
10220	-1.21203925118607e-06
10221	-1.2120358405809384e-06
10222	-1.2120292467443505e-06
10223	-1.212017991747416e-06
10224	-1.2120015071559465e-06
10225	-1.2119805887778057e-06
10226	-1.2119573966629105e-06
10227	-1.2119354551032302e-06
10228	-1.2119187431380851e-06
10229	-1.2119088523832033e-06
10230	-1.21190453228337e-06
10231	-1.2119025996071286e-06
10232	-1.2118998711230233e-06
10233	-1.2118940730942995e-06
10234	-1.211883272844716e-06
10235	-1.2118659924453823e-06
10236	-1.2118426866436494e-06
10237	-1.2118164249841357e-06
10238	-1.2117903906982974e-06
10239	-1.2117666301492136e-06
10240	-1.2117461665184237e-06
10241	-1.2117307051084936e-06
10242	-1.2117214964746381e-06
10243	-1.211718654303695e-06
10244	-1.2117192227378837e-06
10245	-1.211719109051046e-06
10246	-1.211714561577537e-06
10247	-1.2117044434489799e-06
10248	-1.211689664160076e-06
10249	-1.2116719290133915e-06
10250	-1.211652943311492e-06
10251	-1.211633730235917e-06
10252	-1.211614971907693e-06
10253	-1.2115967820136575e-06
10254	-1.2115787058064598e-06
10255	-1.2115609706597752e-06
10256	-1.2115449408156564e-06
10257	-1.211531639455643e-06
10258	-1.211521862387599e-06
10259	-1.2115161780457129e-06
10260	-1.2115140179957962e-06
10261	-1.2115140179957962e-06
10262	-1.2115143590563093e-06
10263	-1.2115137906221207e-06
10264	-1.2115102663301514e-06
10265	-1.2115020808778354e-06
10266	-1.2114890068914974e-06
10267	-1.2114718401790014e-06
10268	-1.2114521723560756e-06
10269	-1.2114318224121234e-06
10270	-1.2114124956497108e-06
10271	-1.211394874189864e-06
10272	-1.2113782759115566e-06
10273	-1.2113611091990606e-06
10274	-1.211341782436648e-06
10275	-1.2113193861296168e-06
10276	-1.2112948297726689e-06
10277	-1.211270728163072e-06
10278	-1.2112498097849311e-06
10279	-1.2112336662539747e-06
10280	-1.211222070196527e-06
10281	-1.2112137710573734e-06
10282	-1.2112077456549741e-06
10283	-1.2112035392419784e-06
10284	-1.2112001286368468e-06
10285	-1.211195581163338e-06
10286	-1.2111885325793992e-06
10287	-1.2111786418245174e-06
10288	-1.2111659088986926e-06
10289	-1.2111503338019247e-06
10290	-1.2111327123420779e-06
10291	-1.2111141813875292e-06
10292	-1.2110957641198183e-06
10293	-1.2110773468521074e-06
10294	-1.211059952765936e-06
10295	-1.2110466514059226e-06
10296	-1.2110393754483084e-06
10297	-1.211036646964203e-06
10298	-1.2110353964089882e-06
10299	-1.21103380479326e-06
10300	-1.2110306215618039e-06
10301	-1.21102482353308e-06
10302	-1.2110153875255492e-06
10303	-1.2110017451050226e-06
10304	-1.2109850331398775e-06
10305	-1.210967297993193e-06
10306	-1.2109503586543724e-06
10307	-1.2109354656786309e-06
10308	-1.2109230738133192e-06
10309	-1.2109122735637357e-06
10310	-1.2109010185668012e-06
10311	-1.2108877172067878e-06
10312	-1.2108718010495068e-06
10313	-1.2108533837817959e-06
10314	-1.2108326927773305e-06
10315	-1.2108107512176502e-06
10316	-1.2107898328395095e-06
10317	-1.2107719840059872e-06
10318	-1.2107568636565702e-06
10319	-1.2107433349228813e-06
10320	-1.2107311704312451e-06
10321	-1.2107201428079861e-06
10322	-1.2107093425584026e-06
10323	-1.210697746500955e-06
10324	-1.2106851272619679e-06
10325	-1.2106729627703317e-06
10326	-1.2106628446417744e-06
10327	-1.210655682370998e-06
10328	-1.2106496569685987e-06
10329	-1.2106409030820942e-06
10330	-1.2106272606615676e-06
10331	-1.2106099802622339e-06
10332	-1.210591108247172e-06
10333	-1.2105720088584349e-06
10334	-1.2105545010854257e-06
10335	-1.2105409723517369e-06
10336	-1.2105326732125832e-06
10337	-1.210528239425912e-06
10338	-1.2105250561944558e-06
10339	-1.210520053973596e-06
10340	-1.210510731652903e-06
10341	-1.2104958386771614e-06
10342	-1.2104761708542355e-06
10343	-1.2104540019208798e-06
10344	-1.2104320603611995e-06
10345	-1.2104117104172474e-06
10346	-1.210393065775861e-06
10347	-1.2103761264370405e-06
10348	-1.2103613471481367e-06
10349	-1.210348955282825e-06
10350	-1.2103384960937547e-06
10351	-1.21032974220725e-06
10352	-1.2103231483706622e-06
10353	-1.2103181461498025e-06
10354	-1.210312234434241e-06
10355	-1.2103029121135478e-06
10356	-1.210289383379859e-06
10357	-1.2102721029805252e-06
10358	-1.2102526625312748e-06
10359	-1.2102326536478358e-06
10360	-1.2102134405722609e-06
10361	-1.210197069667629e-06
10362	-1.210185246236506e-06
10363	-1.2101771744710277e-06
10364	-1.2101692163923872e-06
10365	-1.210157847708615e-06
10366	-1.2101418178644963e-06
10367	-1.2101223774152459e-06
10368	-1.2101028232791577e-06
10369	-1.210085997627175e-06
10370	-1.2100728099539992e-06
10371	-1.2100629191991175e-06
10372	-1.2100546200599638e-06
10373	-1.2100452977392706e-06
10374	-1.2100338153686607e-06
10375	-1.2100204003218096e-06
10376	-1.210006757901283e-06
10377	-1.2099942523491336e-06
10378	-1.2099848163416027e-06
10379	-1.2099794730602298e-06
10380	-1.2099768582629622e-06
10381	-1.209972879223642e-06
10382	-1.2099641253371374e-06
10383	-1.2099501418560976e-06
10384	-1.2099335435777903e-06
10385	-1.2099175137336715e-06
10386	-1.2099027344447677e-06
10387	-1.2098888646505657e-06
10388	-1.2098757906642277e-06
10389	-1.2098639672331046e-06
10390	-1.2098538491045474e-06
10391	-1.2098440720365033e-06
10392	-1.2098320212317049e-06
10393	-1.2098154229533975e-06
10394	-1.2097945045752567e-06
10395	-1.209771539834037e-06
10396	-1.2097489161533304e-06
10397	-1.2097279977751896e-06
10398	-1.209709466820641e-06
10399	-1.2096929822291713e-06
10400	-1.2096774071324035e-06
10401	-1.2096622867829865e-06
10402	-1.2096485306756222e-06
10403	-1.2096365935576614e-06
10404	-1.2096254522475647e-06
10405	-1.2096131740690907e-06
10406	-1.2095987358407e-06
10407	-1.2095833881176077e-06
10408	-1.209569404636568e-06
10409	-1.2095570127712563e-06
10410	-1.2095445072191069e-06
10411	-1.209531433232769e-06
10412	-1.2095190413674572e-06
10413	-1.2095082411178737e-06
10414	-1.2094989187971805e-06
10415	-1.2094906196580268e-06
10416	-1.2094826615793863e-06
10417	-1.2094744761270704e-06
10418	-1.2094651538063772e-06
10419	-1.209454239869956e-06
10420	-1.2094423027519952e-06
10421	-1.2094313888155739e-06
10422	-1.2094222938685562e-06
10423	-1.2094138810425648e-06
10424	-1.2094044450350339e-06
10425	-1.209392962664424e-06
10426	-1.2093803434254369e-06
10427	-1.2093686336811516e-06
10428	-1.2093587429262698e-06
10429	-1.2093502164134406e-06
10430	-1.209341462526936e-06
10431	-1.209330093843164e-06
10432	-1.2093146324332338e-06
10433	-1.2092947372366325e-06
10434	-1.2092713177480618e-06
10435	-1.2092453971490613e-06
10436	-1.20921902180271e-06
10437	-1.2091951475667884e-06
10438	-1.2091767302990775e-06
10439	-1.2091639973732526e-06
10440	-1.209154902426235e-06
10441	-1.2091466032870812e-06
10442	-1.2091378494005767e-06
10443	-1.209129095514072e-06
10444	-1.2091212511222693e-06
10445	-1.2091142025383306e-06
10446	-1.2091061307728523e-06
10447	-1.2090951031495933e-06
10448	-1.2090798691133386e-06
10449	-1.209060542350926e-06
10450	-1.2090389418517589e-06
10451	-1.2090166592315654e-06
10452	-1.208994376611372e-06
10453	-1.2089730034858803e-06
10454	-1.2089544725313317e-06
10455	-1.2089407164239674e-06
10456	-1.2089328720321646e-06
10457	-1.2089313941032742e-06
10458	-1.2089352594557567e-06
10459	-1.2089401479897788e-06
10460	-1.2089407164239674e-06
10461	-1.2089337815268664e-06
10462	-1.2089196843589889e-06
10463	-1.208901267091278e-06
10464	-1.2088821677025408e-06
10465	-1.2088647736163693e-06
10466	-1.2088496532669524e-06
10467	-1.2088360108464258e-06
10468	-1.2088231642337632e-06
10469	-1.2088106586816139e-06
10470	-1.2087984941899776e-06
10471	-1.2087866707588546e-06
10472	-1.208773824146192e-06
10473	-1.2087573395547224e-06
10474	-1.2087368759239325e-06
10475	-1.2087153891116031e-06
10476	-1.2086969718438922e-06
10477	-1.208683556797041e-06
10478	-1.208673779728997e-06
10479	-1.2086653669030056e-06
10480	-1.208656613016501e-06
10481	-1.2086475180694833e-06
10482	-1.2086388778698165e-06
10483	-1.208630123983312e-06
10484	-1.2086197784810793e-06
10485	-1.2086065908079036e-06
10486	-1.2085910157111357e-06
10487	-1.208574531119666e-06
10488	-1.2085581602150341e-06
10489	-1.2085428124919417e-06
10490	-1.2085286016372265e-06
10491	-1.208513708661485e-06
10492	-1.2084959735148004e-06
10493	-1.2084753961971728e-06
10494	-1.208454932566383e-06
10495	-1.2084376521670492e-06
10496	-1.2084243508070358e-06
10497	-1.20841366424429e-06
10498	-1.2084044556104345e-06
10499	-1.2083963838449563e-06
10500	-1.208389562634693e-06
10501	-1.2083835372322937e-06
10502	-1.208376488648355e-06
10503	-1.20836625683296e-06
10504	-1.2083512501703808e-06
10505	-1.2083327192158322e-06
10506	-1.2083137335139327e-06
10507	-1.2082979310434894e-06
10508	-1.2082869034202304e-06
10509	-1.208279286402103e-06
10510	-1.208272351505002e-06
10511	-1.2082639386790106e-06
10512	-1.2082534794899402e-06
10513	-1.2082415423719794e-06
10514	-1.208228695759317e-06
10515	-1.208215621772979e-06
10516	-1.2082023204129655e-06
10517	-1.208188223245088e-06
10518	-1.2081726481483201e-06
10519	-1.2081553677489865e-06
10520	-1.2081372915417887e-06
10521	-1.2081195563951042e-06
10522	-1.20810329917731e-06
10523	-1.2080884062015684e-06
10524	-1.2080747637810418e-06
10525	-1.2080627129762433e-06
10526	-1.2080524811608484e-06
10527	-1.2080436135875061e-06
10528	-1.208034291266813e-06
10529	-1.2080221267751767e-06
10530	-1.2080054148100317e-06
10531	-1.2079839279977023e-06
10532	-1.2079609632564825e-06
10533	-1.207941522807232e-06
10534	-1.2079291309419204e-06
10535	-1.2079226507921703e-06
10536	-1.2079182170054992e-06
10537	-1.2079131010978017e-06
10538	-1.2079062798875384e-06
10539	-1.207897071253683e-06
10540	-1.2078851341357222e-06
10541	-1.2078712643415201e-06
10542	-1.2078569397999672e-06
10543	-1.2078438658136292e-06
10544	-1.2078322697561816e-06
10545	-1.2078207873855717e-06
10546	-1.2078082818334224e-06
10547	-1.2077940709787072e-06
10548	-1.2077789506292902e-06
10549	-1.207764285027224e-06
10550	-1.2077517794750747e-06
10551	-1.2077412065991666e-06
10552	-1.2077315432179603e-06
10553	-1.2077211977157276e-06
10554	-1.2077097153451177e-06
10555	-1.2076964139851043e-06
10556	-1.2076803841409856e-06
10557	-1.207660602631222e-06
10558	-1.2076370694558136e-06
10559	-1.2076121720383526e-06
10560	-1.2075892072971328e-06
10561	-1.207570335282071e-06
10562	-1.207556010740518e-06
10563	-1.20754543786461e-06
10564	-1.2075366839781054e-06
10565	-1.2075279300916009e-06
10566	-1.2075187214577454e-06
10567	-1.2075091717633768e-06
10568	-1.2074989399479819e-06
10569	-1.2074877986378851e-06
10570	-1.207475634146249e-06
10571	-1.2074624464730732e-06
10572	-1.2074493724867352e-06
10573	-1.207437207995099e-06
10574	-1.207426635119191e-06
10575	-1.2074170854248223e-06
10576	-1.20740821785148e-06
10577	-1.207400032399164e-06
10578	-1.207391505886335e-06
10579	-1.2073816151314531e-06
10580	-1.2073699053871678e-06
10581	-1.2073566040271544e-06
10582	-1.2073426205461146e-06
10583	-1.2073288644387503e-06
10584	-1.20731590413925e-06
10585	-1.2073035122739384e-06
10586	-1.20729146146914e-06
10587	-1.20727997909853e-06
10588	-1.2072691788489465e-06
10589	-1.207259174407227e-06
10590	-1.207249397339183e-06
10591	-1.207239165523788e-06
10592	-1.2072274557795026e-06
10593	-1.207214268106327e-06
10594	-1.207199943564774e-06
10595	-1.2071833452864666e-06
10596	-1.2071633364030276e-06
10597	-1.207139916914457e-06
10598	-1.2071161563653732e-06
10599	-1.2070956927345833e-06
10600	-1.2070803450114909e-06
10601	-1.207070113196096e-06
10602	-1.2070634056726703e-06
10603	-1.2070576076439465e-06
10604	-1.2070499906258192e-06
10605	-1.2070388493157225e-06
10606	-1.2070236152794678e-06
10607	-1.2070048569512437e-06
10608	-1.206983483825752e-06
10609	-1.2069607464582077e-06
10610	-1.2069383501511766e-06
10611	-1.206918568641413e-06
10612	-1.2069017429894302e-06
10613	-1.206887532134715e-06
10614	-1.2068755950167542e-06
10615	-1.2068660453223856e-06
10616	-1.2068582009305828e-06
10617	-1.2068505839124555e-06
10618	-1.2068420573996264e-06
10619	-1.2068327350789332e-06
10620	-1.206822162203025e-06
10621	-1.2068102250850643e-06
10622	-1.206797719532915e-06
10623	-1.206785441354441e-06
10624	-1.2067743000443443e-06
10625	-1.2067653187841643e-06
10626	-1.2067583838870632e-06
10627	-1.2067524721715017e-06
10628	-1.2067464467691025e-06
10629	-1.2067388297509751e-06
10630	-1.2067285979355802e-06
10631	-1.2067152965755668e-06
10632	-1.2066983572367462e-06
10633	-1.2066777799191186e-06
10634	-1.2066540193700348e-06
10635	-1.2066291219525738e-06
10636	-1.2066055887771654e-06
10637	-1.2065852388332132e-06
10638	-1.2065688679285813e-06
10639	-1.206556703436945e-06
10640	-1.206548176924116e-06
10641	-1.206542037834879e-06
10642	-1.2065364671798307e-06
10643	-1.2065298733432428e-06
10644	-1.2065218015777646e-06
10645	-1.2065131613780977e-06
10646	-1.206505316986295e-06
10647	-1.2064988368365448e-06
10648	-1.2064920156262815e-06
10649	-1.2064821248713997e-06
10650	-1.206466890835145e-06
10651	-1.206445631396491e-06
10652	-1.2064197107974906e-06
10653	-1.2063920848959242e-06
10654	-1.2063667327311123e-06
10655	-1.2063461554134847e-06
10656	-1.2063306940035545e-06
10657	-1.2063204621881596e-06
10658	-1.2063153462804621e-06
10659	-1.2063131862305454e-06
10660	-1.2063093208780629e-06
10661	-1.2062999985573697e-06
10662	-1.2062849918947904e-06
10663	-1.20626805255597e-06
10664	-1.2062532732670661e-06
10665	-1.2062420182701317e-06
10666	-1.206232468575763e-06
10667	-1.2062209862051532e-06
10668	-1.2062062069162494e-06
10669	-1.2061890402037534e-06
10670	-1.206172441925446e-06
10671	-1.206159367939108e-06
10672	-1.2061514098604675e-06
10673	-1.2061466350132832e-06
10674	-1.2061400411766954e-06
10675	-1.2061284451192478e-06
10676	-1.2061113920935895e-06
10677	-1.206091155836475e-06
10678	-1.2060702374583343e-06
10679	-1.2060518201906234e-06
10680	-1.2060374956490705e-06
10681	-1.20602703646e-06
10682	-1.2060188510076841e-06
10683	-1.206011120302719e-06
10684	-1.2060019116688636e-06
10685	-1.2059896334903897e-06
10686	-1.205973603646271e-06
10687	-1.205954390570696e-06
10688	-1.2059342680004193e-06
10689	-1.205915623359033e-06
10690	-1.2058993661412387e-06
10691	-1.2058843594786595e-06
10692	-1.2058695801897557e-06
10693	-1.205855937769229e-06
10694	-1.2058443417117815e-06
10695	-1.2058345646437374e-06
10696	-1.2058252423230442e-06
10697	-1.2058155789418379e-06
10698	-1.2058047786922543e-06
10699	-1.2057929552611313e-06
10700	-1.2057802223353065e-06
10701	-1.2057671483489685e-06
10702	-1.2057547564836568e-06
10703	-1.2057442972945864e-06
10704	-1.2057362255291082e-06
10705	-1.2057299727530335e-06
10706	-1.2057234926032834e-06
10707	-1.2057143976562656e-06
10708	-1.2057005278620636e-06
10709	-1.2056814284733264e-06
10710	-1.2056588047926198e-06
10711	-1.2056365221724263e-06
10712	-1.2056174227836891e-06
10713	-1.2056021887474344e-06
10714	-1.2055900242557982e-06
10715	-1.2055809293087805e-06
10716	-1.205574562845868e-06
10717	-1.2055697879986838e-06
10718	-1.205564785777824e-06
10719	-1.2055564866386703e-06
10720	-1.2055432989654946e-06
10721	-1.2055259048793232e-06
10722	-1.2055070328642614e-06
10723	-1.2054897524649277e-06
10724	-1.2054758826707257e-06
10725	-1.2054649687343044e-06
10726	-1.205454964292585e-06
10727	-1.2054430271746241e-06
10728	-1.2054279068252072e-06
10729	-1.2054106264258735e-06
10730	-1.205392891279189e-06
10731	-1.2053759519403684e-06
10732	-1.205359808409412e-06
10733	-1.2053445743731572e-06
10734	-1.205330818265793e-06
10735	-1.205319335895183e-06
10736	-1.205309558827139e-06
10737	-1.2053004638801212e-06
10738	-1.205290800498915e-06
10739	-1.2052796591888182e-06
10740	-1.2052669262629934e-06
10741	-1.2052538522766554e-06
10742	-1.205241346724506e-06
10743	-1.2052294096065452e-06
10744	-1.2052169040543959e-06
10745	-1.2052031479470315e-06
10746	-1.205189050779154e-06
10747	-1.2051762041664915e-06
10748	-1.2051656312905834e-06
10749	-1.205156422656728e-06
10750	-1.2051465319018462e-06
10751	-1.2051348221575608e-06
10752	-1.2051222029185737e-06
10753	-1.205109015245398e-06
10754	-1.2050953728248714e-06
10755	-1.2050809345964808e-06
10756	-1.2050655868733884e-06
10757	-1.2050480791003793e-06
10758	-1.2050279565301025e-06
10759	-1.2050063560309354e-06
10760	-1.2049862334606587e-06
10761	-1.204968953061325e-06
10762	-1.204955083267123e-06
10763	-1.2049441693307017e-06
10764	-1.2049356428178726e-06
10765	-1.2049292763549602e-06
10766	-1.2049239330735872e-06
10767	-1.2049175666106748e-06
10768	-1.2049066526742536e-06
10769	-1.204890168082784e-06
10770	-1.2048693633914809e-06
10771	-1.2048474218318006e-06
10772	-1.2048279813825502e-06
10773	-1.2048135431541596e-06
10774	-1.2048045618939796e-06
10775	-1.2047989912389312e-06
10776	-1.2047938753312337e-06
10777	-1.2047871678078081e-06
10778	-1.204777845487115e-06
10779	-1.2047667041770183e-06
10780	-1.2047566997352988e-06
10781	-1.2047497648381977e-06
10782	-1.2047444215568248e-06
10783	-1.2047372592860484e-06
10784	-1.204725549541763e-06
10785	-1.2047099744449952e-06
10786	-1.2046931487930124e-06
10787	-1.2046779147567577e-06
10788	-1.2046650681440951e-06
10789	-1.2046539268339984e-06
10790	-1.2046440360791166e-06
10791	-1.204634941132099e-06
10792	-1.2046249366903794e-06
10793	-1.2046125448250677e-06
10794	-1.2045976518493262e-06
10795	-1.204581849378883e-06
10796	-1.2045671837768168e-06
10797	-1.2045546782246674e-06
10798	-1.2045428547935444e-06
10799	-1.2045289849993424e-06
10800	-1.2045113635394955e-06
10801	-1.2044910135955433e-06
10802	-1.2044700952174026e-06
10803	-1.2044497452734504e-06
10804	-1.2044307595715509e-06
10805	-1.204414388666919e-06
10806	-1.2044014283674187e-06
10807	-1.2043914239256992e-06
10808	-1.2043822152918437e-06
10809	-1.2043713013554225e-06
10810	-1.2043570905007073e-06
10811	-1.2043398101013736e-06
10812	-1.2043203696521232e-06
10813	-1.2043009292028728e-06
10814	-1.2042838761772146e-06
10815	-1.2042711432513897e-06
10816	-1.2042626167385606e-06
10817	-1.2042565913361614e-06
10818	-1.2042512480547884e-06
10819	-1.2042451089655515e-06
10820	-1.2042378330079373e-06
10821	-1.2042293064951082e-06
10822	-1.2042195294270641e-06
10823	-1.2042075923091033e-06
10824	-1.2041932677675504e-06
10825	-1.2041774652971071e-06
10826	-1.2041614354529884e-06
10827	-1.2041450645483565e-06
10828	-1.2041286936437245e-06
10829	-1.2041141417284962e-06
10830	-1.2041033414789126e-06
10831	-1.204096633955487e-06
10832	-1.204090949613601e-06
10833	-1.204081968353421e-06
10834	-1.2040678711855435e-06
10835	-1.2040500223520212e-06
10836	-1.204030922963284e-06
10837	-1.2040120509482222e-06
10838	-1.2039947705488885e-06
10839	-1.2039802186336601e-06
10840	-1.203968395202537e-06
10841	-1.2039579360134667e-06
10842	-1.2039472494507208e-06
10843	-1.2039351986459224e-06
10844	-1.2039217835990712e-06
10845	-1.2039073453706806e-06
10846	-1.20389290714229e-06
10847	-1.2038789236612502e-06
10848	-1.2038651675538858e-06
10849	-1.2038510703860084e-06
10850	-1.2038367458444554e-06
10851	-1.2038224213029025e-06
10852	-1.203808324135025e-06
10853	-1.2037951364618493e-06
10854	-1.2037836540912394e-06
10855	-1.2037737633363577e-06
10856	-1.2037648957630154e-06
10857	-1.2037565966238617e-06
10858	-1.2037481837978703e-06
10859	-1.2037395435982035e-06
10860	-1.203730334964348e-06
10861	-1.2037211263304926e-06
10862	-1.203712372443988e-06
10863	-1.2037035048706457e-06
10864	-1.2036937278026016e-06
10865	-1.2036823591188295e-06
10866	-1.2036692851324915e-06
10867	-1.2036538237225614e-06
10868	-1.2036367706969031e-06
10869	-1.2036197176712449e-06
10870	-1.2036042562613147e-06
10871	-1.2035903864671127e-06
10872	-1.2035765166729107e-06
10873	-1.2035613963234937e-06
10874	-1.2035445706715109e-06
10875	-1.2035268355248263e-06
10876	-1.203508986691304e-06
10877	-1.2034915926051326e-06
10878	-1.203475108013663e-06
10879	-1.2034604424115969e-06
10880	-1.2034478231726098e-06
10881	-1.2034365681756753e-06
10882	-1.2034257679260918e-06
10883	-1.2034145129291574e-06
10884	-1.2034021210638457e-06
10885	-1.2033874554617796e-06
10886	-1.2033706298097968e-06
10887	-1.20335300834995e-06
10888	-1.2033360690111294e-06
10889	-1.2033206076011993e-06
10890	-1.203306851493835e-06
10891	-1.2032941185680102e-06
10892	-1.203281954076374e-06
10893	-1.2032699032715755e-06
10894	-1.2032585345878033e-06
10895	-1.2032492122671101e-06
10896	-1.2032438689857372e-06
10897	-1.2032423910568468e-06
10898	-1.203241481562145e-06
10899	-1.203237388835987e-06
10900	-1.2032282938889693e-06
10901	-1.2032144240947673e-06
10902	-1.2031974847559468e-06
10903	-1.203179408548749e-06
10904	-1.2031607639073627e-06
10905	-1.2031409823975991e-06
10906	-1.203120177706296e-06
10907	-1.2031000551360194e-06
10908	-1.2030825473630102e-06
10909	-1.2030681091346196e-06
10910	-1.2030563993903343e-06
10911	-1.203047077069641e-06
10912	-1.2030387779304874e-06
10913	-1.203029114549281e-06
10914	-1.203016040562943e-06
10915	-1.2030000107188243e-06
10916	-1.2029832987536793e-06
10917	-1.202967496283236e-06
10918	-1.2029526033074944e-06
10919	-1.202937710331753e-06
10920	-1.2029217941744719e-06
10921	-1.2029034905935987e-06
10922	-1.2028838227706729e-06
10923	-1.2028659739371506e-06
10924	-1.2028525588902994e-06
10925	-1.2028455103063607e-06
10926	-1.2028435776301194e-06
10927	-1.202842099701229e-06
10928	-1.2028357332383166e-06
10929	-1.2028227729388163e-06
10930	-1.202805378852645e-06
10931	-1.2027873026454472e-06
10932	-1.2027711591144907e-06
10933	-1.2027574030071264e-06
10934	-1.2027459206365165e-06
10935	-1.2027361435684725e-06
10936	-1.2027282991766697e-06
10937	-1.2027227285216213e-06
10938	-1.2027189768559765e-06
10939	-1.2027142020087922e-06
10940	-1.202704083880235e-06
10941	-1.2026864624203881e-06
10942	-1.2026627018713043e-06
10943	-1.2026359854644397e-06
10944	-1.2026102922391146e-06
10945	-1.2025886917399475e-06
10946	-1.202572548208991e-06
10947	-1.2025616342725698e-06
10948	-1.2025551541228197e-06
10949	-1.2025520845782012e-06
10950	-1.2025500382151222e-06
10951	-1.202545604428451e-06
10952	-1.202535827360407e-06
10953	-1.2025195701426128e-06
10954	-1.2024985380776343e-06
10955	-1.2024760280837654e-06
10956	-1.202454541271436e-06
10957	-1.2024355555695365e-06
10958	-1.2024196394122555e-06
10959	-1.2024065654259175e-06
10960	-1.2023951967421453e-06
10961	-1.202383941745211e-06
10962	-1.202372459374601e-06
10963	-1.2023620001855306e-06
10964	-1.202353701046377e-06
10965	-1.202346766149276e-06
10966	-1.2023390354443109e-06
10967	-1.202328348881565e-06
10968	-1.2023141380268498e-06
10969	-1.2022967439406784e-06
10970	-1.2022769624309149e-06
10971	-1.202256498800125e-06
10972	-1.2022379678455763e-06
10973	-1.2022235296171857e-06
10974	-1.202213184114953e-06
10975	-1.2022051123494748e-06
10976	-1.2021971542708343e-06
10977	-1.2021888551316806e-06
10978	-1.202180555992527e-06
10979	-1.2021725979138864e-06
10980	-1.2021648672089214e-06
10981	-1.2021563406960922e-06
10982	-1.2021459951938596e-06
10983	-1.2021337170153856e-06
10984	-1.2021193924738327e-06
10985	-1.20210256682185e-06
10986	-1.2020836948067881e-06
10987	-1.2020641406707e-06
10988	-1.2020459507766645e-06
10989	-1.2020311714877607e-06
10990	-1.2020191206829622e-06
10991	-1.20200775199919e-06
10992	-1.2019968380627688e-06
10993	-1.201986947307887e-06
10994	-1.2019772839266807e-06
10995	-1.2019655741823954e-06
10996	-1.201951022267167e-06
10997	-1.201935106109886e-06
10998	-1.2019202131341444e-06
10999	-1.2019078212688328e-06
11000	-1.2018974757666001e-06
11001	-1.2018871302643674e-06
11002	-1.2018747383990558e-06
11003	-1.2018598454233143e-06
11004	-1.2018434745186823e-06
11005	-1.2018282404824276e-06
11006	-1.2018160759907914e-06
11007	-1.201806867356936e-06
11008	-1.2017979997835937e-06
11009	-1.2017854942314443e-06
11010	-1.2017665085295448e-06
11011	-1.2017417247989215e-06
11012	-1.2017159178867587e-06
11013	-1.2016948858217802e-06
11014	-1.2016820392091176e-06
11015	-1.2016776054224465e-06
11016	-1.2016789696644992e-06
11017	-1.2016811297144159e-06
11018	-1.2016796517855255e-06
11019	-1.2016722621410736e-06
11020	-1.2016593018415733e-06
11021	-1.2016425898764282e-06
11022	-1.201623490487691e-06
11023	-1.2016031405437388e-06
11024	-1.2015824495392735e-06
11025	-1.2015631227768608e-06
11026	-1.201547547680093e-06
11027	-1.2015372021778603e-06
11028	-1.2015315178359742e-06
11029	-1.2015281072308426e-06
11030	-1.2015235597573337e-06
11031	-1.2015158290523686e-06
11032	-1.2015038919344079e-06
11033	-1.2014884305244777e-06
11034	-1.201471604872495e-06
11035	-1.2014548929073499e-06
11036	-1.201437726194854e-06
11037	-1.2014195363008184e-06
11038	-1.2014018011541339e-06
11039	-1.2013867944915546e-06
11040	-1.2013747436867561e-06
11041	-1.2013632613161462e-06
11042	-1.2013500736429705e-06
11043	-1.2013342711725272e-06
11044	-1.201317218146869e-06
11045	-1.2013010746159125e-06
11046	-1.2012873185085482e-06
11047	-1.201275154016912e-06
11048	-1.201262080030574e-06
11049	-1.2012458228127798e-06
11050	-1.2012251318083145e-06
11051	-1.2012009165118798e-06
11052	-1.2011757917207433e-06
11053	-1.2011533954137121e-06
11054	-1.2011354328933521e-06
11055	-1.20112156309915e-06
11056	-1.201110990223242e-06
11057	-1.2011038279524655e-06
11058	-1.2011005310341716e-06
11059	-1.2010997352263075e-06
11060	-1.201097916236904e-06
11061	-1.201092572955531e-06
11062	-1.2010826822006493e-06
11063	-1.201068130285421e-06
11064	-1.2010498267045477e-06
11065	-1.2010302725684596e-06
11066	-1.2010132195428014e-06
11067	-1.2010010550511652e-06
11068	-1.2009927559120115e-06
11069	-1.2009859347017482e-06
11070	-1.2009787724309717e-06
11071	-1.200971269099682e-06
11072	-1.2009646752630943e-06
11073	-1.2009597867290722e-06
11074	-1.2009561487502651e-06
11075	-1.2009508054688922e-06
11076	-1.2009393230982823e-06
11077	-1.2009184047201416e-06
11078	-1.2008898693238734e-06
11079	-1.2008596286250395e-06
11080	-1.2008339353997144e-06
11081	-1.2008158591925167e-06
11082	-1.20080471788242e-06
11083	-1.2007978966721566e-06
11084	-1.2007930081381346e-06
11085	-1.2007881196041126e-06
11086	-1.2007816394543624e-06
11087	-1.2007725445073447e-06
11088	-1.2007589020868181e-06
11089	-1.2007390068902168e-06
11090	-1.200711949422839e-06
11091	-1.2006804581687902e-06
11092	-1.2006494216620922e-06
11093	-1.2006242968709557e-06
11094	-1.200607016471622e-06
11095	-1.2005962162220385e-06
11096	-1.200589508698613e-06
11097	-1.200585757032968e-06
11098	-1.2005842791040777e-06
11099	-1.2005840517304023e-06
11100	-1.2005830285488628e-06
11101	-1.200579276883218e-06
11102	-1.2005714324914152e-06
11103	-1.2005586995655904e-06
11104	-1.2005414191662567e-06
11105	-1.2005215239696554e-06
11106	-1.200502083520405e-06
11107	-1.200485712615773e-06
11108	-1.2004732070636237e-06
11109	-1.2004642258034437e-06
11110	-1.2004562677248032e-06
11111	-1.2004467180304346e-06
11112	-1.200434326165123e-06
11113	-1.2004203426840832e-06
11114	-1.2004070413240697e-06
11115	-1.2003955589534598e-06
11116	-1.2003849860775517e-06
11117	-1.2003727078990778e-06
11118	-1.2003573601759854e-06
11119	-1.2003400797766517e-06
11120	-1.2003232541246689e-06
11121	-1.2003087022094405e-06
11122	-1.2002967650914798e-06
11123	-1.2002858511550585e-06
11124	-1.2002732319160714e-06
11125	-1.2002572020719526e-06
11126	-1.2002383300568908e-06
11127	-1.2002175253655878e-06
11128	-1.2001954701190698e-06
11129	-1.2001740969935781e-06
11130	-1.2001560207863804e-06
11131	-1.2001421509921784e-06
11132	-1.2001310096820816e-06
11133	-1.2001203231193358e-06
11134	-1.2001095228697523e-06
11135	-1.2000988363070064e-06
11136	-1.2000895139863132e-06
11137	-1.2000820106550236e-06
11138	-1.2000751894447603e-06
11139	-1.2000664355582558e-06
11140	-1.200054043692944e-06
11141	-1.2000386959698517e-06
11142	-1.200023007186246e-06
11143	-1.2000086826446932e-06
11144	-1.199996518153057e-06
11145	-1.1999859452771489e-06
11146	-1.1999754860880785e-06
11147	-1.1999635489701177e-06
11148	-1.1999501339232665e-06
11149	-1.1999359230685513e-06
11150	-1.1999220532743493e-06
11151	-1.1999088656011736e-06
11152	-1.1998954505543225e-06
11153	-1.1998819218206336e-06
11154	-1.199869529955322e-06
11155	-1.199858843392576e-06
11156	-1.1998481568298303e-06
11157	-1.1998356512776809e-06
11158	-1.1998210993624525e-06
11159	-1.1998059790130355e-06
11160	-1.1997929050266976e-06
11161	-1.1997835827060044e-06
11162	-1.1997774436167674e-06
11163	-1.199771872961719e-06
11164	-1.199764142256754e-06
11165	-1.1997528872598195e-06
11166	-1.1997391311524552e-06
11167	-1.1997238971162005e-06
11168	-1.199707412524731e-06
11169	-1.1996893363175332e-06
11170	-1.1996694411209319e-06
11171	-1.1996479543086025e-06
11172	-1.1996263538094354e-06
11173	-1.1996073681075359e-06
11174	-1.199593043565983e-06
11175	-1.1995834938716143e-06
11176	-1.1995778095297283e-06
11177	-1.199574626298272e-06
11178	-1.1995706472589518e-06
11179	-1.1995623481197981e-06
11180	-1.1995490467597847e-06
11181	-1.1995327895419905e-06
11182	-1.19951585020317e-06
11183	-1.199499479298538e-06
11184	-1.199484813696472e-06
11185	-1.1994723081443226e-06
11186	-1.1994620763289277e-06
11187	-1.1994536635029363e-06
11188	-1.1994451369901071e-06
11189	-1.1994336546194972e-06
11190	-1.1994176247753785e-06
11191	-1.1993980706392904e-06
11192	-1.1993769248874742e-06
11193	-1.1993564612566843e-06
11194	-1.1993388397968374e-06
11195	-1.1993244015684468e-06
11196	-1.1993122370768106e-06
11197	-1.1993012094535516e-06
11198	-1.199290409203968e-06
11199	-1.1992799500148976e-06
11200	-1.1992689223916386e-06
11201	-1.1992567579000024e-06
11202	-1.1992427744189627e-06
11203	-1.1992282225037343e-06
11204	-1.1992156032647472e-06
11205	-1.199206280944054e-06
11206	-1.199198550239089e-06
11207	-1.1991886594842072e-06
11208	-1.1991737665084656e-06
11209	-1.1991540986855398e-06
11210	-1.1991321571258595e-06
11211	-1.199111579808232e-06
11212	-1.1990949815299246e-06
11213	-1.199082930725126e-06
11214	-1.1990748589596478e-06
11215	-1.1990697430519504e-06
11216	-1.1990663324468187e-06
11217	-1.1990636039627134e-06
11218	-1.1990597386102309e-06
11219	-1.1990525763394544e-06
11220	-1.199040525534656e-06
11221	-1.1990238135695108e-06
11222	-1.1990047141807736e-06
11223	-1.1989859558525495e-06
11224	-1.198969016513729e-06
11225	-1.1989537824774743e-06
11226	-1.1989386621280573e-06
11227	-1.1989232007181272e-06
11228	-1.1989092172370874e-06
11229	-1.198898758048017e-06
11230	-1.1988911410298897e-06
11231	-1.198882841890736e-06
11232	-1.1988712458332884e-06
11233	-1.1988564665443846e-06
11234	-1.1988408914476167e-06
11235	-1.1988266805929015e-06
11236	-1.1988149708486162e-06
11237	-1.1988058759015985e-06
11238	-1.1987982588834711e-06
11239	-1.1987895049969666e-06
11240	-1.1987773405053304e-06
11241	-1.1987606285401853e-06
11242	-1.1987402785962331e-06
11243	-1.1987183370365528e-06
11244	-1.1986973049715743e-06
11245	-1.1986793424512143e-06
11246	-1.198664790535986e-06
11247	-1.1986526260443497e-06
11248	-1.1986415984210907e-06
11249	-1.1986307981715072e-06
11250	-1.1986199979219236e-06
11251	-1.1986074923697743e-06
11252	-1.1985919172730064e-06
11253	-1.19857327263162e-06
11254	-1.1985544006165583e-06
11255	-1.1985389392066281e-06
11256	-1.1985289347649086e-06
11257	-1.1985237051703734e-06
11258	-1.1985207493125927e-06
11259	-1.198517338707461e-06
11260	-1.1985113133050618e-06
11261	-1.198500626742316e-06
11262	-1.1984839147771709e-06
11263	-1.1984619732174906e-06
11264	-1.1984384400420822e-06
11265	-1.198417294290266e-06
11266	-1.198400582325121e-06
11267	-1.1983873946519452e-06
11268	-1.1983762533418485e-06
11269	-1.1983657941527781e-06
11270	-1.1983556760242209e-06
11271	-1.198345785269339e-06
11272	-1.1983353260802687e-06
11273	-1.1983231615886325e-06
11274	-1.1983087233602419e-06
11275	-1.1982924661424477e-06
11276	-1.198275185743114e-06
11277	-1.1982579053437803e-06
11278	-1.1982410796917975e-06
11279	-1.1982240266661393e-06
11280	-1.1982066325799678e-06
11281	-1.1981901479884982e-06
11282	-1.1981757097601076e-06
11283	-1.1981637726421468e-06
11284	-1.1981536545135896e-06
11285	-1.1981445595665718e-06
11286	-1.1981360330537427e-06
11287	-1.1981284160356154e-06
11288	-1.1981213674516766e-06
11289	-1.198112613565172e-06
11290	-1.198099994326185e-06
11291	-1.1980831686742022e-06
11292	-1.198064410345978e-06
11293	-1.198046106765105e-06
11294	-1.1980299632341485e-06
11295	-1.1980163208136219e-06
11296	-1.1980054068772006e-06
11297	-1.1979973351117224e-06
11298	-1.197991309709323e-06
11299	-1.1979852843069239e-06
11300	-1.1979768714809325e-06
11301	-1.1979655027971603e-06
11302	-1.197951746689796e-06
11303	-1.1979365126535413e-06
11304	-1.1979201417489094e-06
11305	-1.1979020655417116e-06
11306	-1.197881488224084e-06
11307	-1.1978587508565397e-06
11308	-1.19783578611532e-06
11309	-1.1978164593529073e-06
11310	-1.197804294861271e-06
11311	-1.1977992926404113e-06
11312	-1.1977975873378455e-06
11313	-1.1977942904195515e-06
11314	-1.1977859912803979e-06
11315	-1.1977721214861958e-06
11316	-1.1977547274000244e-06
11317	-1.1977359690718004e-06
11318	-1.1977172107435763e-06
11319	-1.197700157717918e-06
11320	-1.1976857194895274e-06
11321	-1.197673668684729e-06
11322	-1.1976625273746322e-06
11323	-1.1976512723776978e-06
11324	-1.197638539451873e-06
11325	-1.1976233054156182e-06
11326	-1.197605797642609e-06
11327	-1.197587039314385e-06
11328	-1.1975683946729987e-06
11329	-1.1975505458394764e-06
11330	-1.1975337201874936e-06
11331	-1.1975185998380766e-06
11332	-1.197507003780629e-06
11333	-1.1975006373177166e-06
11334	-1.1974993867625017e-06
11335	-1.1975015468124184e-06
11336	-1.1975034794886597e-06
11337	-1.1975015468124184e-06
11338	-1.1974938161074533e-06
11339	-1.1974809694947908e-06
11340	-1.1974651670243475e-06
11341	-1.1974486824328778e-06
11342	-1.19743310733611e-06
11343	-1.1974191238550702e-06
11344	-1.1974051403740305e-06
11345	-1.1973895652772626e-06
11346	-1.197372284877929e-06
11347	-1.1973550044785952e-06
11348	-1.1973393156949896e-06
11349	-1.1973254459007876e-06
11350	-1.197312599288125e-06
11351	-1.197299980049138e-06
11352	-1.1972875881838263e-06
11353	-1.197274627884326e-06
11354	-1.1972600759690977e-06
11355	-1.1972431366302771e-06
11356	-1.1972239235547022e-06
11357	-1.1972044831054518e-06
11358	-1.1971872027061181e-06
11359	-1.1971739013461047e-06
11360	-1.1971649200859247e-06
11361	-1.1971590083703632e-06
11362	-1.1971536650889902e-06
11363	-1.1971462754445383e-06
11364	-1.1971347930739284e-06
11365	-1.1971191042903229e-06
11366	-1.1971012554568006e-06
11367	-1.1970836339969537e-06
11368	-1.1970669220318086e-06
11369	-1.1970503237535013e-06
11370	-1.1970330433541676e-06
11371	-1.1970155355811585e-06
11372	-1.1969992783633643e-06
11373	-1.1969858633165131e-06
11374	-1.1969761999353068e-06
11375	-1.1969713114012848e-06
11376	-1.1969705155934207e-06
11377	-1.1969708566539339e-06
11378	-1.1969684692303417e-06
11379	-1.1969605111517012e-06
11380	-1.1969459592364728e-06
11381	-1.1969266324740602e-06
11382	-1.196905486722244e-06
11383	-1.1968860462729936e-06
11384	-1.1968710396104143e-06
11385	-1.196861376229208e-06
11386	-1.1968546687057824e-06
11387	-1.1968465969403042e-06
11388	-1.1968334092671284e-06
11389	-1.1968154467467684e-06
11390	-1.1967962336711935e-06
11391	-1.1967796353928861e-06
11392	-1.1967672435275745e-06
11393	-1.1967578075200436e-06
11394	-1.196748257825675e-06
11395	-1.1967360933340387e-06
11396	-1.1967210866714595e-06
11397	-1.1967040336458012e-06
11398	-1.196685730064928e-06
11399	-1.1966675401708926e-06
11400	-1.1966511692662607e-06
11401	-1.1966370720983832e-06
11402	-1.1966235433646943e-06
11403	-1.1966094461968169e-06
11404	-1.1965953490289394e-06
11405	-1.1965817066084128e-06
11406	-1.196567723127373e-06
11407	-1.1965520343437674e-06
11408	-1.1965347539444338e-06
11409	-1.1965173598582624e-06
11410	-1.1965011026404682e-06
11411	-1.1964866644120775e-06
11412	-1.1964732493652264e-06
11413	-1.1964597206315375e-06
11414	-1.19644562346366e-06
11415	-1.1964319810431334e-06
11416	-1.1964212944803876e-06
11417	-1.1964148143306375e-06
11418	-1.1964120858465321e-06
11419	-1.1964108352913172e-06
11420	-1.1964077657466987e-06
11421	-1.1963995802943828e-06
11422	-1.196384801005479e-06
11423	-1.1963652468693908e-06
11424	-1.1963438737438992e-06
11425	-1.1963228416789207e-06
11426	-1.1963028327954817e-06
11427	-1.1962849839619594e-06
11428	-1.1962710004809196e-06
11429	-1.1962616781602264e-06
11430	-1.196256107505178e-06
11431	-1.19625201477902e-06
11432	-1.196246330437134e-06
11433	-1.1962366670559277e-06
11434	-1.196222228827537e-06
11435	-1.1962039252466639e-06
11436	-1.196183006868523e-06
11437	-1.1961610653088428e-06
11438	-1.196140942738566e-06
11439	-1.1961255950154737e-06
11440	-1.1961153632000787e-06
11441	-1.1961072914346005e-06
11442	-1.196097286992881e-06
11443	-1.1960838719460298e-06
11444	-1.1960696610913146e-06
11445	-1.196058519781218e-06
11446	-1.1960518122577923e-06
11447	-1.1960473784711212e-06
11448	-1.1960410120082088e-06
11449	-1.196029529637599e-06
11450	-1.1960125902987784e-06
11451	-1.1959920129811508e-06
11452	-1.1959705261688214e-06
11453	-1.1959501762248692e-06
11454	-1.19593266845186e-06
11455	-1.195918798657658e-06
11456	-1.1959086805291008e-06
11457	-1.1959022003793507e-06
11458	-1.19589924452157e-06
11459	-1.1958976529058418e-06
11460	-1.1958935601796838e-06
11461	-1.195884124172153e-06
11462	-1.1958696859437623e-06
11463	-1.1958528602917795e-06
11464	-1.1958355798924458e-06
11465	-1.195818754240463e-06
11466	-1.1958018149016425e-06
11467	-1.1957843071286334e-06
11468	-1.195766117234598e-06
11469	-1.1957486094615888e-06
11470	-1.1957328069911455e-06
11471	-1.1957193919442943e-06
11472	-1.1957073411394958e-06
11473	-1.195695404021535e-06
11474	-1.1956825574088725e-06
11475	-1.1956681191804819e-06
11476	-1.1956523167100386e-06
11477	-1.1956360594922444e-06
11478	-1.1956196885876125e-06
11479	-1.195603545056656e-06
11480	-1.1955878562730504e-06
11481	-1.1955731906709843e-06
11482	-1.1955593208767823e-06
11483	-1.1955464742641198e-06
11484	-1.1955344234593213e-06
11485	-1.1955228274018737e-06
11486	-1.1955115724049392e-06
11487	-1.1955007721553557e-06
11488	-1.195490426653123e-06
11489	-1.1954796264035394e-06
11490	-1.195466779790877e-06
11491	-1.195451204694109e-06
11492	-1.1954333558605867e-06
11493	-1.1954157344007399e-06
11494	-1.1954011824855115e-06
11495	-1.1953909506701166e-06
11496	-1.1953835610256647e-06
11497	-1.195376512441726e-06
11498	-1.1953676448683836e-06
11499	-1.195356048810936e-06
11500	-1.1953420653298963e-06
11501	-1.1953267176068039e-06
11502	-1.1953118246310623e-06
11503	-1.1952982958973735e-06
11504	-1.1952859040320618e-06
11505	-1.1952737395404256e-06
11506	-1.1952620297961403e-06
11507	-1.195251911667583e-06
11508	-1.1952442946494557e-06
11509	-1.1952381555602187e-06
11510	-1.1952304248552537e-06
11511	-1.1952181466767797e-06
11512	-1.1952006389037706e-06
11513	-1.1951782425967394e-06
11514	-1.1951525493714144e-06
11515	-1.1951256055908743e-06
11516	-1.1951001397392247e-06
11517	-1.1950785392400576e-06
11518	-1.1950623957091011e-06
11519	-1.1950515954595176e-06
11520	-1.1950452289966051e-06
11521	-1.1950418183914735e-06
11522	-1.1950396583415568e-06
11523	-1.1950364751101006e-06
11524	-1.1950299949603505e-06
11525	-1.1950194220844423e-06
11526	-1.1950057796639157e-06
11527	-1.1949915688092005e-06
11528	-1.1949783811360248e-06
11529	-1.1949667850785772e-06
11530	-1.1949555300816428e-06
11531	-1.194942342408467e-06
11532	-1.194926426251186e-06
11533	-1.1949086911045015e-06
11534	-1.1948907285841415e-06
11535	-1.1948749261136982e-06
11536	-1.1948636711167637e-06
11537	-1.1948568499065004e-06
11538	-1.1948521887461538e-06
11539	-1.1948461633437546e-06
11540	-1.1948360452151974e-06
11541	-1.1948209248657804e-06
11542	-1.1948029623454204e-06
11543	-1.1947852271987358e-06
11544	-1.194769197354617e-06
11545	-1.1947546454393887e-06
11546	-1.194740661958349e-06
11547	-1.1947261100431206e-06
11548	-1.1947106486331904e-06
11549	-1.1946946187890717e-06
11550	-1.194678930005466e-06
11551	-1.1946638096560491e-06
11552	-1.194648348246119e-06
11553	-1.194631636280974e-06
11554	-1.1946148106289911e-06
11555	-1.1946000313400873e-06
11556	-1.1945879805352888e-06
11557	-1.1945771802857053e-06
11558	-1.1945669484703103e-06
11559	-1.1945569440285908e-06
11560	-1.194545802718494e-06
11561	-1.194530341308564e-06
11562	-1.1945091955567477e-06
11563	-1.1944850939471507e-06
11564	-1.1944630387006328e-06
11565	-1.1944474636038649e-06
11566	-1.1944383686568472e-06
11567	-1.194432684314961e-06
11568	-1.1944267725993996e-06
11569	-1.1944184734602459e-06
11570	-1.1944073321501492e-06
11571	-1.1943930076085962e-06
11572	-1.1943756135224248e-06
11573	-1.1943556046389858e-06
11574	-1.194334686260845e-06
11575	-1.1943157005589455e-06
11576	-1.1943017170779058e-06
11577	-1.1942947821808048e-06
11578	-1.194293872686103e-06
11579	-1.1942942137466162e-06
11580	-1.194290575767809e-06
11581	-1.1942805713260896e-06
11582	-1.1942663604713744e-06
11583	-1.1942508990614442e-06
11584	-1.1942361197725404e-06
11585	-1.1942229320993647e-06
11586	-1.194211336041917e-06
11587	-1.194200763166009e-06
11588	-1.1941899629164254e-06
11589	-1.1941780257984647e-06
11590	-1.1941649518121267e-06
11591	-1.1941511957047624e-06
11592	-1.1941372122237226e-06
11593	-1.1941233424295206e-06
11594	-1.1941102684431826e-06
11595	-1.1940976492041955e-06
11596	-1.1940838930968312e-06
11597	-1.194067181131686e-06
11598	-1.1940477406824357e-06
11599	-1.1940281865463476e-06
11600	-1.1940118156417157e-06
11601	-1.1940005606447812e-06
11602	-1.1939930573134916e-06
11603	-1.193985553982202e-06
11604	-1.1939752084799693e-06
11605	-1.19396270292782e-06
11606	-1.193950424749346e-06
11607	-1.1939396244997624e-06
11608	-1.1939289379370166e-06
11609	-1.193916091324354e-06
11610	-1.1938996067328844e-06
11611	-1.193880962091498e-06
11612	-1.193862999571138e-06
11613	-1.1938476518480456e-06
11614	-1.1938350326090585e-06
11615	-1.1938255966015276e-06
11616	-1.1938187753912644e-06
11617	-1.1938134321098914e-06
11618	-1.1938079751416808e-06
11619	-1.193800926557742e-06
11620	-1.1937913768633734e-06
11621	-1.1937797808059258e-06
11622	-1.1937667068195879e-06
11623	-1.1937522685911972e-06
11624	-1.1937369208681048e-06
11625	-1.1937212320844992e-06
11626	-1.1937055433008936e-06
11627	-1.193689058709424e-06
11628	-1.1936717783100903e-06
11629	-1.1936548389712698e-06
11630	-1.1936397186218528e-06
11631	-1.1936260762013262e-06
11632	-1.1936120927202865e-06
11633	-1.1935958355024923e-06
11634	-1.1935768498005928e-06
11635	-1.1935561587961274e-06
11636	-1.193535467791662e-06
11637	-1.1935170505239512e-06
11638	-1.1935034081034246e-06
11639	-1.1934957910852972e-06
11640	-1.1934923804801656e-06
11641	-1.1934898793697357e-06
11642	-1.1934843087146874e-06
11643	-1.1934735084651038e-06
11644	-1.1934577059946605e-06
11645	-1.1934386066059233e-06
11646	-1.193417460854107e-06
11647	-1.1933952919207513e-06
11648	-1.193373350361071e-06
11649	-1.1933530004171189e-06
11650	-1.1933352652704343e-06
11651	-1.1933221912840963e-06
11652	-1.1933157111343462e-06
11653	-1.1933155974475085e-06
11654	-1.1933180985579384e-06
11655	-1.193318212244776e-06
11656	-1.1933127552765654e-06
11657	-1.1933008181586047e-06
11658	-1.1932844472539728e-06
11659	-1.1932664847336127e-06
11660	-1.1932489769606036e-06
11661	-1.193231241813919e-06
11662	-1.193211687677831e-06
11663	-1.193189177683962e-06
11664	-1.1931649623875273e-06
11665	-1.1931417702726321e-06
11666	-1.1931216477023554e-06
11667	-1.1931053904845612e-06
11668	-1.1930918617508723e-06
11669	-1.1930803793802625e-06
11670	-1.1930715118069202e-06
11671	-1.1930652590308455e-06
11672	-1.193060597870499e-06
11673	-1.1930551409022883e-06
11674	-1.19304706913681e-06
11675	-1.1930359278267133e-06
11676	-1.193022171719349e-06
11677	-1.1930073924304452e-06
11678	-1.1929926131415414e-06
11679	-1.1929784022868262e-06
11680	-1.1929644188057864e-06
11681	-1.1929508900720975e-06
11682	-1.1929377023989218e-06
11683	-1.1929245147257461e-06
11684	-1.1929112133657327e-06
11685	-1.1928977983188815e-06
11686	-1.1928843832720304e-06
11687	-1.1928701724173152e-06
11688	-1.1928540288863587e-06
11689	-1.1928349294976215e-06
11690	-1.192813442685292e-06
11691	-1.1927917284992873e-06
11692	-1.1927729701710632e-06
11693	-1.1927592140636989e-06
11694	-1.1927500054298434e-06
11695	-1.1927430705327424e-06
11696	-1.1927365903829923e-06
11697	-1.1927309060411062e-06
11698	-1.1927262448807596e-06
11699	-1.1927214700335753e-06
11700	-1.192715444631176e-06
11701	-1.1927071454920224e-06
11702	-1.192695890495088e-06
11703	-1.192681565953535e-06
11704	-1.1926637171200127e-06
11705	-1.1926425713681965e-06
11706	-1.1926197203138145e-06
11707	-1.1925985745619982e-06
11708	-1.1925816352231777e-06
11709	-1.1925691296710283e-06
11710	-1.1925601484108483e-06
11711	-1.1925528724532342e-06
11712	-1.192545141748269e-06
11713	-1.1925349099328741e-06
11714	-1.1925211538255098e-06
11715	-1.1925042144866893e-06
11716	-1.1924848877242766e-06
11717	-1.1924641967198113e-06
11718	-1.1924436194021837e-06
11719	-1.1924256568818237e-06
11720	-1.192411673400784e-06
11721	-1.1924007594643626e-06
11722	-1.1923914371436695e-06
11723	-1.1923823421966517e-06
11724	-1.1923731335627963e-06
11725	-1.1923635838684277e-06
11726	-1.1923539204872213e-06
11727	-1.192343461298151e-06
11728	-1.192329932564462e-06
11729	-1.1923112879230757e-06
11730	-1.1922880958081805e-06
11731	-1.1922639941985835e-06
11732	-1.192243416880956e-06
11733	-1.1922289786525653e-06
11734	-1.1922206795134116e-06
11735	-1.192216814160929e-06
11736	-1.1922159046662273e-06
11737	-1.1922156772925518e-06
11738	-1.1922137446163106e-06
11739	-1.1922074918402359e-06
11740	-1.1921953273485997e-06
11741	-1.1921762279598624e-06
11742	-1.1921520126634277e-06
11743	-1.1921275699933176e-06
11744	-1.1921072200493654e-06
11745	-1.1920919860131107e-06
11746	-1.1920806173293386e-06
11747	-1.192071863442834e-06
11748	-1.1920652696062461e-06
11749	-1.1920598126380355e-06
11750	-1.1920527640540968e-06
11751	-1.1920413953703246e-06
11752	-1.1920251381525304e-06
11753	-1.1920050155822537e-06
11754	-1.1919826192752225e-06
11755	-1.191959540847165e-06
11756	-1.191938736155862e-06
11757	-1.1919221378775546e-06
11758	-1.1919104281332693e-06
11759	-1.1919019016204402e-06
11760	-1.1918942846023128e-06
11761	-1.1918858717763214e-06
11762	-1.1918757536477642e-06
11763	-1.1918641575903166e-06
11764	-1.191851310977654e-06
11765	-1.191837441183452e-06
11766	-1.19182357138925e-06
11767	-1.1918110658371006e-06
11768	-1.1917996971533285e-06
11769	-1.1917870779143414e-06
11770	-1.191770479636034e-06
11771	-1.1917499023184064e-06
11772	-1.191727164950862e-06
11773	-1.191704768643831e-06
11774	-1.191685555568256e-06
11775	-1.191672026834567e-06
11776	-1.1916660014321678e-06
11777	-1.1916658877453301e-06
11778	-1.1916673656742205e-06
11779	-1.1916654329979792e-06
11780	-1.1916578159798519e-06
11781	-1.1916445146198384e-06
11782	-1.191627575281018e-06
11783	-1.1916093853869825e-06
11784	-1.1915917639271356e-06
11785	-1.1915763025172055e-06
11786	-1.1915633422177052e-06
11787	-1.1915531104023103e-06
11788	-1.1915440154552925e-06
11789	-1.1915342383872485e-06
11790	-1.1915225286429632e-06
11791	-1.1915088862224366e-06
11792	-1.191492401630967e-06
11793	-1.1914729611817165e-06
11794	-1.191450678561523e-06
11795	-1.1914264632650884e-06
11796	-1.1914019069081405e-06
11797	-1.1913799653484602e-06
11798	-1.1913645039385301e-06
11799	-1.1913566595467273e-06
11800	-1.191354726870486e-06
11801	-1.1913557500520255e-06
11802	-1.1913570006072405e-06
11803	-1.191355977425701e-06
11804	-1.1913496109627886e-06
11805	-1.1913366506632883e-06
11806	-1.1913186881429283e-06
11807	-1.1912998161278665e-06
11808	-1.1912827631022083e-06
11809	-1.1912662785107386e-06
11810	-1.1912479749298654e-06
11811	-1.1912281934201019e-06
11812	-1.1912090940313647e-06
11813	-1.1911919273188687e-06
11814	-1.1911764659089386e-06
11815	-1.1911630508620874e-06
11816	-1.191153046420368e-06
11817	-1.1911457704627537e-06
11818	-1.1911384945051395e-06
11819	-1.1911290584976086e-06
11820	-1.1911171213796479e-06
11821	-1.1911040473933099e-06
11822	-1.1910910870938096e-06
11823	-1.191077444673283e-06
11824	-1.191062324323866e-06
11825	-1.1910460671060719e-06
11826	-1.1910299235751154e-06
11827	-1.1910144621651853e-06
11828	-1.1910003649973078e-06
11829	-1.1909882005056716e-06
11830	-1.190978196063952e-06
11831	-1.1909693284906098e-06
11832	-1.1909601198567543e-06
11833	-1.190949205920333e-06
11834	-1.190936131933995e-06
11835	-1.1909207842109026e-06
11836	-1.1909033901247312e-06
11837	-1.1908846317965072e-06
11838	-1.1908661008419585e-06
11839	-1.1908492751899757e-06
11840	-1.1908341548405588e-06
11841	-1.1908188071174663e-06
11842	-1.190801413031295e-06
11843	-1.1907824273293954e-06
11844	-1.1907636690011714e-06
11845	-1.1907466159755131e-06
11846	-1.1907320640602848e-06
11847	-1.1907194448212977e-06
11848	-1.1907077350770123e-06
11849	-1.1906961390195647e-06
11850	-1.1906844292752794e-06
11851	-1.1906737427125336e-06
11852	-1.1906645340786781e-06
11853	-1.1906565760000376e-06
11854	-1.1906487316082348e-06
11855	-1.1906402050954057e-06
11856	-1.1906309964615502e-06
11857	-1.1906211057066685e-06
11858	-1.1906105328307603e-06
11859	-1.1905987093996373e-06
11860	-1.190584953292273e-06
11861	-1.190569832942856e-06
11862	-1.1905550536539522e-06
11863	-1.190542889162316e-06
11864	-1.1905340215889737e-06
11865	-1.1905270866918727e-06
11866	-1.1905199244210962e-06
11867	-1.1905107157872408e-06
11868	-1.1904990060429554e-06
11869	-1.1904847951882402e-06
11870	-1.1904672874152311e-06
11871	-1.1904465964107658e-06
11872	-1.1904239727300592e-06
11873	-1.1904019174835412e-06
11874	-1.1903821359737776e-06
11875	-1.1903653103217948e-06
11876	-1.1903508720934042e-06
11877	-1.1903383665412548e-06
11878	-1.1903262020496186e-06
11879	-1.1903124459422543e-06
11880	-1.1902959613507846e-06
11881	-1.1902781125172623e-06
11882	-1.1902614005521173e-06
11883	-1.1902479855052661e-06
11884	-1.1902391179319238e-06
11885	-1.190234570458415e-06
11886	-1.1902315009137965e-06
11887	-1.1902252481377218e-06
11888	-1.1902127425855724e-06
11889	-1.190194097944186e-06
11890	-1.1901728385055321e-06
11891	-1.1901543075509835e-06
11892	-1.1901415746251587e-06
11893	-1.19013452604122e-06
11894	-1.1901300922545488e-06
11895	-1.1901249763468513e-06
11896	-1.1901172456418863e-06
11897	-1.1901067864528159e-06
11898	-1.1900955314558814e-06
11899	-1.1900847312062979e-06
11900	-1.190074044643552e-06
11901	-1.190062221212429e-06
11902	-1.1900485787919024e-06
11903	-1.1900333447556477e-06
11904	-1.190017314911529e-06
11905	-1.1900007166332216e-06
11906	-1.189984232041752e-06
11907	-1.1899687706318218e-06
11908	-1.1899546734639443e-06
11909	-1.1899406899829046e-06
11910	-1.1899245464519481e-06
11911	-1.18990499231586e-06
11912	-1.189882141261478e-06
11913	-1.1898573575308546e-06
11914	-1.1898333696080954e-06
11915	-1.189813133350981e-06
11916	-1.1897981266884017e-06
11917	-1.1897872127519804e-06
11918	-1.1897785725523136e-06
11919	-1.1897715239683748e-06
11920	-1.1897666354343528e-06
11921	-1.1897629974555457e-06
11922	-1.1897583362951991e-06
11923	-1.1897507192770718e-06
11924	-1.1897401464011637e-06
11925	-1.1897274134753388e-06
11926	-1.189713088933786e-06
11927	-1.1896970590896672e-06
11928	-1.1896786418219563e-06
11929	-1.1896576097569778e-06
11930	-1.1896357818841352e-06
11931	-1.189616227748047e-06
11932	-1.1896026990143582e-06
11933	-1.1895963325514458e-06
11934	-1.1895943998752045e-06
11935	-1.1895922398252878e-06
11936	-1.1895862144228886e-06
11937	-1.1895755278601428e-06
11938	-1.189561544379103e-06
11939	-1.1895466514033615e-06
11940	-1.1895334637301858e-06
11941	-1.1895233456016285e-06
11942	-1.1895150464624749e-06
11943	-1.1895053830812685e-06
11944	-1.1894923090949305e-06
11945	-1.1894768476850004e-06
11946	-1.189461045214557e-06
11947	-1.1894453564309515e-06
11948	-1.1894289855263196e-06
11949	-1.1894118188138236e-06
11950	-1.1893951068486786e-06
11951	-1.1893793043782352e-06
11952	-1.1893640703419806e-06
11953	-1.1893484952452127e-06
11954	-1.1893317832800676e-06
11955	-1.1893137070728699e-06
11956	-1.189295289805159e-06
11957	-1.1892791462742025e-06
11958	-1.1892672091562417e-06
11959	-1.1892592510776012e-06
11960	-1.1892533393620397e-06
11961	-1.1892469728991273e-06
11962	-1.1892387874468113e-06
11963	-1.189228669318254e-06
11964	-1.1892176416949951e-06
11965	-1.189205022456008e-06
11966	-1.1891889926118893e-06
11967	-1.1891676194863976e-06
11968	-1.1891411304532085e-06
11969	-1.1891115718754008e-06
11970	-1.1890828091054573e-06
11971	-1.1890598443642375e-06
11972	-1.1890458608831977e-06
11973	-1.1890402902281494e-06
11974	-1.1890397217939608e-06
11975	-1.1890407449755003e-06
11976	-1.1890406312886626e-06
11977	-1.1890374480572063e-06
11978	-1.1890294899785658e-06
11979	-1.1890161886185524e-06
11980	-1.1889986808455433e-06
11981	-1.1889785582752666e-06
11982	-1.188957980957639e-06
11983	-1.188938313134713e-06
11984	-1.1889204643011908e-06
11985	-1.1889053439517738e-06
11986	-1.1888943163285148e-06
11987	-1.1888882909261156e-06
11988	-1.1888857898156857e-06
11989	-1.188884425573633e-06
11990	-1.1888814697158523e-06
11991	-1.1888741937582381e-06
11992	-1.188861574519251e-06
11993	-1.1888446351804305e-06
11994	-1.1888257631653687e-06
11995	-1.1888059816556051e-06
11996	-1.1887854043379775e-06
11997	-1.188764372272999e-06
11998	-1.18874436338956e-06
11999	-1.1887270829902263e-06
12000	-1.188713326882862e-06
12001	-1.1887020718859276e-06
12002	-1.1886910442626686e-06
12003	-1.1886795618920587e-06
12004	-1.1886681932082865e-06
12005	-1.1886583024534048e-06
12006	-1.1886495485669002e-06
12007	-1.1886405673067202e-06
12008	-1.188629653370299e-06
12009	-1.1886157835760969e-06
12010	-1.1885995263583027e-06
12011	-1.188583041766833e-06
12012	-1.1885688309121178e-06
12013	-1.1885583717230475e-06
12014	-1.1885505273312447e-06
12015	-1.1885427966262796e-06
12016	-1.188532451124047e-06
12017	-1.1885182402693317e-06
12018	-1.1884998230016208e-06
12019	-1.1884779951287783e-06
12020	-1.1884557125085848e-06
12021	-1.1884363857461722e-06
12022	-1.1884219475177815e-06
12023	-1.188410351460334e-06
12024	-1.18839807328186e-06
12025	-1.1883822708114167e-06
12026	-1.188363739856868e-06
12027	-1.1883461183970212e-06
12028	-1.1883329307238455e-06
12029	-1.1883250863320427e-06
12030	-1.1883204251716961e-06
12031	-1.1883150818903232e-06
12032	-1.1883058732564677e-06
12033	-1.188291435028077e-06
12034	-1.1882723356393399e-06
12035	-1.1882501667059842e-06
12036	-1.188226974591089e-06
12037	-1.1882048056577332e-06
12038	-1.1881855925821583e-06
12039	-1.1881708132932545e-06
12040	-1.1881610362252104e-06
12041	-1.1881561476911884e-06
12042	-1.188155465570162e-06
12043	-1.188157511933241e-06
12044	-1.1881594446094823e-06
12045	-1.1881576256200788e-06
12046	-1.1881502359756269e-06
12047	-1.1881378441103152e-06
12048	-1.1881214732056833e-06
12049	-1.1881012369485688e-06
12050	-1.1880778174599982e-06
12051	-1.1880529200425372e-06
12052	-1.1880293868671288e-06
12053	-1.1880093779836898e-06
12054	-1.187994598694786e-06
12055	-1.187985617434606e-06
12056	-1.1879812973347725e-06
12057	-1.1879785688506672e-06
12058	-1.1879724297614302e-06
12059	-1.18795946946193e-06
12060	-1.187940256386355e-06
12061	-1.1879185422003502e-06
12062	-1.187898192256398e-06
12063	-1.187881025543902e-06
12064	-1.1878669283760246e-06
12065	-1.187854536510713e-06
12066	-1.1878431678269408e-06
12067	-1.187833277072059e-06
12068	-1.187825091619743e-06
12069	-1.1878177019752911e-06
12070	-1.1878082659677602e-06
12071	-1.1877937140525319e-06
12072	-1.1877743872901192e-06
12073	-1.1877534689119784e-06
12074	-1.187734483210079e-06
12075	-1.1877191354869865e-06
12076	-1.1877069709953503e-06
12077	-1.1876971939273062e-06
12078	-1.1876895769091789e-06
12079	-1.1876830967594287e-06
12080	-1.1876755934281391e-06
12081	-1.1876643384312047e-06
12082	-1.1876493317686254e-06
12083	-1.1876329608639935e-06
12084	-1.1876173857672256e-06
12085	-1.1876022654178087e-06
12086	-1.1875861218868522e-06
12087	-1.187568614113843e-06
12088	-1.1875508789671585e-06
12089	-1.1875343943756889e-06
12090	-1.1875198424604605e-06
12091	-1.1875068821609602e-06
12092	-1.1874952861035126e-06
12093	-1.18748494060128e-06
12094	-1.1874764140884508e-06
12095	-1.1874695928781875e-06
12096	-1.1874627716679242e-06
12097	-1.1874541314682574e-06
12098	-1.1874434449055116e-06
12099	-1.1874317351612262e-06
12100	-1.1874196843564278e-06
12101	-1.187406951430603e-06
12102	-1.1873929679495632e-06
12103	-1.1873768244186067e-06
12104	-1.1873585208377335e-06
12105	-1.1873391940753208e-06
12106	-1.1873214589286363e-06
12107	-1.1873066796397325e-06
12108	-1.187294628834934e-06
12109	-1.18728485176689e-06
12110	-1.1872767800014117e-06
12111	-1.1872688219227712e-06
12112	-1.187258249046863e-06
12113	-1.1872436971316347e-06
12114	-1.1872260756717878e-06
12115	-1.1872078857777524e-06
12116	-1.1871906053784187e-06
12117	-1.1871738934132736e-06
12118	-1.1871568403876154e-06
12119	-1.1871391052409308e-06
12120	-1.18712068797322e-06
12121	-1.1871018159581581e-06
12122	-1.1870827165694209e-06
12123	-1.1870636171806837e-06
12124	-1.1870462230945122e-06
12125	-1.1870330354213365e-06
12126	-1.187025077342696e-06
12127	-1.1870204161823494e-06
12128	-1.1870146181536256e-06
12129	-1.187003817904042e-06
12130	-1.1869873333125724e-06
12131	-1.186968347610673e-06
12132	-1.1869514082718524e-06
12133	-1.186939698527567e-06
12134	-1.1869337868120056e-06
12135	-1.1869313993884134e-06
12136	-1.1869285572174704e-06
12137	-1.1869212812598562e-06
12138	-1.1869075251524919e-06
12139	-1.186888312076917e-06
12140	-1.1868667115777498e-06
12141	-1.1868454521390959e-06
12142	-1.186826580124034e-06
12143	-1.186810663966753e-06
12144	-1.1867963394252001e-06
12145	-1.1867825833178358e-06
12146	-1.1867697367051733e-06
12147	-1.1867584817082388e-06
12148	-1.186749386761221e-06
12149	-1.1867415423694183e-06
12150	-1.1867336979776155e-06
12151	-1.186724944091111e-06
12152	-1.1867150533362292e-06
12153	-1.1867025477840798e-06
12154	-1.1866862905662856e-06
12155	-1.1866659406223334e-06
12156	-1.1866433169416268e-06
12157	-1.1866212616951088e-06
12158	-1.1866019349326962e-06
12159	-1.1865862461490906e-06
12160	-1.1865752185258316e-06
12161	-1.1865686246892437e-06
12162	-1.1865651003972744e-06
12163	-1.1865621445394936e-06
12164	-1.1865575970659847e-06
12165	-1.1865499800478574e-06
12166	-1.186539520858787e-06
12167	-1.1865263331856113e-06
12168	-1.1865107580888434e-06
12169	-1.186492568194808e-06
12170	-1.1864719908771804e-06
12171	-1.186449708256987e-06
12172	-1.1864287898788461e-06
12173	-1.1864121916005388e-06
12174	-1.1864011639772798e-06
12175	-1.186394570140692e-06
12176	-1.1863902500408585e-06
12177	-1.1863857025673497e-06
12178	-1.1863788813570864e-06
12179	-1.1863680811075028e-06
12180	-1.1863534155054367e-06
12181	-1.1863362487929408e-06
12182	-1.186318968393607e-06
12183	-1.1863029385494883e-06
12184	-1.186287590826396e-06
12185	-1.1862717883559526e-06
12186	-1.186255303764483e-06
12187	-1.1862400697282283e-06
12188	-1.1862273368024034e-06
12189	-1.1862169913001708e-06
12190	-1.1862073279189644e-06
12191	-1.1861969824167318e-06
12192	-1.186185045298771e-06
12193	-1.1861709481308935e-06
12194	-1.1861541224789107e-06
12195	-1.1861354778375244e-06
12196	-1.1861164921356249e-06
12197	-1.186099325423129e-06
12198	-1.186085000881576e-06
12199	-1.186073973258317e-06
12200	-1.186064537250786e-06
12201	-1.1860548738695798e-06
12202	-1.1860443009936716e-06
12203	-1.1860341828651144e-06
12204	-1.1860247468575835e-06
12205	-1.1860145150421886e-06
12206	-1.186000872621662e-06
12207	-1.1859827964144642e-06
12208	-1.185960854854784e-06
12209	-1.185936753245187e-06
12210	-1.185911855827726e-06
12211	-1.1858888910865062e-06
12212	-1.185871042252984e-06
12213	-1.1858604693770758e-06
12214	-1.185856717711431e-06
12215	-1.1858561492772424e-06
12216	-1.1858537618536502e-06
12217	-1.1858461448355229e-06
12218	-1.1858328434755094e-06
12219	-1.185815904136689e-06
12220	-1.1857973731821403e-06
12221	-1.1857783874802408e-06
12222	-1.1857594017783413e-06
12223	-1.1857409845106304e-06
12224	-1.1857244999191607e-06
12225	-1.1857122217406868e-06
12226	-1.185704377348884e-06
12227	-1.1856985793201602e-06
12228	-1.1856915307362215e-06
12229	-1.1856822084155283e-06
12230	-1.1856707260449184e-06
12231	-1.1856576520585804e-06
12232	-1.1856424180223257e-06
12233	-1.1856245691888034e-06
12234	-1.185605583486904e-06
12235	-1.1855880757138948e-06
12236	-1.185573296424991e-06
12237	-1.1855604498123284e-06
12238	-1.185547148452315e-06
12239	-1.185531232295034e-06
12240	-1.1855119055326213e-06
12241	-1.1854909871544805e-06
12242	-1.1854718877657433e-06
12243	-1.1854571084768395e-06
12244	-1.1854459671667428e-06
12245	-1.1854361900986987e-06
12246	-1.185425048788602e-06
12247	-1.1854109516207245e-06
12248	-1.1853933301608777e-06
12249	-1.1853733212774387e-06
12250	-1.1853534260808374e-06
12251	-1.1853363730551791e-06
12252	-1.1853244359372184e-06
12253	-1.1853189789690077e-06
12254	-1.1853187515953323e-06
12255	-1.1853200021505472e-06
12256	-1.1853190926558455e-06
12257	-1.1853132946271216e-06
12258	-1.185302153317025e-06
12259	-1.1852874877149588e-06
12260	-1.1852724810523796e-06
12261	-1.1852594070660416e-06
12262	-1.1852484931296203e-06
12263	-1.185238829748414e-06
12264	-1.185229393740883e-06
12265	-1.18522007142019e-06
12266	-1.1852104080389836e-06
12267	-1.1851999488499132e-06
12268	-1.1851875569846015e-06
12269	-1.1851722092615091e-06
12270	-1.1851541330543114e-06
12271	-1.185134692605061e-06
12272	-1.185115934276837e-06
12273	-1.185098767564341e-06
12274	-1.1850827377202222e-06
12275	-1.185066935249779e-06
12276	-1.1850512464661733e-06
12277	-1.1850370356114581e-06
12278	-1.1850250984934974e-06
12279	-1.1850144119307515e-06
12280	-1.1850024748127908e-06
12281	-1.1849878092107247e-06
12282	-1.1849698466903646e-06
12283	-1.1849491556858993e-06
12284	-1.184928009934083e-06
12285	-1.1849091379190213e-06
12286	-1.1848943586301175e-06
12287	-1.1848825351989944e-06
12288	-1.1848701433336828e-06
12289	-1.1848554777316167e-06
12290	-1.184839447887498e-06
12291	-1.1848245549117564e-06
12292	-1.1848131862279843e-06
12293	-1.1848057965835324e-06
12294	-1.184801021736348e-06
12295	-1.18479692901019e-06
12296	-1.184791244668304e-06
12297	-1.184782263408124e-06
12298	-1.18476998522965e-06
12299	-1.1847552059407462e-06
12300	-1.1847379255414126e-06
12301	-1.184718144031649e-06
12302	-1.1846966572193196e-06
12303	-1.184674829346477e-06
12304	-1.1846537972814986e-06
12305	-1.1846351526401122e-06
12306	-1.1846199186038575e-06
12307	-1.1846077541122213e-06
12308	-1.1845974086099886e-06
12309	-1.1845884273498086e-06
12310	-1.1845800145238172e-06
12311	-1.1845700100820977e-06
12312	-1.1845561402878957e-06
12313	-1.1845386325148866e-06
12314	-1.184519646812987e-06
12315	-1.1845015706057893e-06
12316	-1.184485768135346e-06
12317	-1.1844717846543062e-06
12318	-1.184458824354806e-06
12319	-1.1844460914289812e-06
12320	-1.1844338132505072e-06
12321	-1.184422444566735e-06
12322	-1.1844123264381778e-06
12323	-1.1844035725516733e-06
12324	-1.1843957281598705e-06
12325	-1.1843864058391773e-06
12326	-1.1843740139738657e-06
12327	-1.1843586662507732e-06
12328	-1.184341613225115e-06
12329	-1.1843234233310795e-06
12330	-1.184304892376531e-06
12331	-1.1842873846035218e-06
12332	-1.184272150567267e-06
12333	-1.1842583944599028e-06
12334	-1.1842454341604025e-06
12335	-1.1842336107292795e-06
12336	-1.1842245157822617e-06
12337	-1.1842181493193493e-06
12338	-1.1842132607853273e-06
12339	-1.1842075764434412e-06
12340	-1.1841989362437744e-06
12341	-1.1841854075100855e-06
12342	-1.18416721761605e-06
12343	-1.1841473224194488e-06
12344	-1.1841290188385756e-06
12345	-1.1841135574286454e-06
12346	-1.1840992328870925e-06
12347	-1.1840842262245133e-06
12348	-1.1840680826935568e-06
12349	-1.1840519391626003e-06
12350	-1.184036932500021e-06
12351	-1.1840236311400076e-06
12352	-1.1840110119010205e-06
12353	-1.1839983926620334e-06
12354	-1.18398509130202e-06
12355	-1.1839701983262785e-06
12356	-1.1839539411084843e-06
12357	-1.1839375702038524e-06
12358	-1.183923814096488e-06
12359	-1.1839149465231458e-06
12360	-1.1839113085443387e-06
12361	-1.183910399049637e-06
12362	-1.1839076705655316e-06
12363	-1.1838994851132156e-06
12364	-1.183885842692689e-06
12365	-1.183869130727544e-06
12366	-1.1838500313388067e-06
12367	-1.1838279760922887e-06
12368	-1.1838038744826918e-06
12369	-1.183780909741472e-06
12370	-1.1837612419185461e-06
12371	-1.1837446436402388e-06
12372	-1.183730660159199e-06
12373	-1.183720428343804e-06
12374	-1.1837141755677294e-06
12375	-1.1837100828415714e-06
12376	-1.1837061038022512e-06
12377	-1.183700874207716e-06
12378	-1.183694735118479e-06
12379	-1.1836887097160798e-06
12380	-1.183682911687356e-06
12381	-1.183675976790255e-06
12382	-1.1836646081064828e-06
12383	-1.1836464182124473e-06
12384	-1.1836222029160126e-06
12385	-1.1835945770144463e-06
12386	-1.1835668374260422e-06
12387	-1.1835420536954189e-06
12388	-1.1835229543066816e-06
12389	-1.1835096529466682e-06
12390	-1.183500330625975e-06
12391	-1.1834920314868214e-06
12392	-1.1834827091661282e-06
12393	-1.1834711131086806e-06
12394	-1.183456220132939e-06
12395	-1.1834378028652282e-06
12396	-1.1834168844870874e-06
12397	-1.1833956250484334e-06
12398	-1.1833770940938848e-06
12399	-1.183363110612845e-06
12400	-1.1833537882921519e-06
12401	-1.183347194455564e-06
12402	-1.1833411690531648e-06
12403	-1.183334120469226e-06
12404	-1.1833260487037478e-06
12405	-1.1833168400698924e-06
12406	-1.1833056987597956e-06
12407	-1.1832911468445673e-06
12408	-1.1832726158900186e-06
12409	-1.1832509017040138e-06
12410	-1.1832285053969827e-06
12411	-1.1832090649477323e-06
12412	-1.1831945130325039e-06
12413	-1.1831831443487317e-06
12414	-1.1831715482912841e-06
12415	-1.1831585879917839e-06
12416	-1.1831460824396345e-06
12417	-1.1831355095637264e-06
12418	-1.1831264146167086e-06
12419	-1.1831182291643927e-06
12420	-1.1831120900751557e-06
12421	-1.1831092479042127e-06
12422	-1.1831092479042127e-06
12423	-1.1831089068436995e-06
12424	-1.1831041319965152e-06
12425	-1.1830923085653922e-06
12426	-1.1830734365503304e-06
12427	-1.1830494486275711e-06
12428	-1.1830244375232724e-06
12429	-1.1830028370241052e-06
12430	-1.1829864661194733e-06
12431	-1.1829729373857845e-06
12432	-1.182959636025771e-06
12433	-1.1829455388578936e-06
12434	-1.1829309869426652e-06
12435	-1.1829164350274368e-06
12436	-1.1829027926069102e-06
12437	-1.182891082862625e-06
12438	-1.18288085104723e-06
12439	-1.182870619231835e-06
12440	-1.1828590231743874e-06
12441	-1.1828456081275363e-06
12442	-1.1828300330307684e-06
12443	-1.1828136621261365e-06
12444	-1.1827982007162063e-06
12445	-1.1827847856693552e-06
12446	-1.1827725074908813e-06
12447	-1.1827597745650564e-06
12448	-1.182744881589315e-06
12449	-1.1827268053821172e-06
12450	-1.1827067964986782e-06
12451	-1.1826882655441295e-06
12452	-1.182674168376252e-06
12453	-1.182665187116072e-06
12454	-1.1826600712083746e-06
12455	-1.182657001663756e-06
12456	-1.1826540458059753e-06
12457	-1.1826496120193042e-06
12458	-1.182643131869554e-06
12459	-1.182634605356725e-06
12460	-1.1826241461676545e-06
12461	-1.1826111858681543e-06
12462	-1.18259492865036e-06
12463	-1.1825763976958115e-06
12464	-1.1825579804281006e-06
12465	-1.1825409274024423e-06
12466	-1.18252557967935e-06
12467	-1.182511255137797e-06
12468	-1.1824974990304327e-06
12469	-1.1824841976704192e-06
12470	-1.1824716921182699e-06
12471	-1.1824595276266336e-06
12472	-1.1824461125797825e-06
12473	-1.1824294006146374e-06
12474	-1.182408709610172e-06
12475	-1.1823864269899786e-06
12476	-1.1823657359855133e-06
12477	-1.18234993351507e-06
12478	-1.1823400427601882e-06
12479	-1.182334813165653e-06
12480	-1.1823306067526573e-06
12481	-1.1823238992292318e-06
12482	-1.1823136674138368e-06
12483	-1.1823013892353629e-06
12484	-1.1822895658042398e-06
12485	-1.1822785381809808e-06
12486	-1.18226660106302e-06
12487	-1.182251480713603e-06
12488	-1.1822320402643527e-06
12489	-1.182209075523133e-06
12490	-1.1821841781056719e-06
12491	-1.182159621748724e-06
12492	-1.1821376801890437e-06
12493	-1.1821202861028723e-06
12494	-1.1821083489849116e-06
12495	-1.1821015277746483e-06
12496	-1.1820991403510561e-06
12497	-1.1820984582300298e-06
12498	-1.1820964118669508e-06
12499	-1.1820910685855779e-06
12500	-1.1820823146990733e-06
12501	-1.1820707186416257e-06
12502	-1.1820563941000728e-06
12503	-1.1820399095086032e-06
12504	-1.1820227427961072e-06
12505	-1.182006485578313e-06
12506	-1.1819907967947074e-06
12507	-1.1819744258900755e-06
12508	-1.1819579412986059e-06
12509	-1.1819425935755135e-06
12510	-1.181928496407636e-06
12511	-1.1819137171187322e-06
12512	-1.1818965504062362e-06
12513	-1.1818768825833104e-06
12514	-1.1818557368314941e-06
12515	-1.1818336815849761e-06
12516	-1.1818109442174318e-06
12517	-1.1817886615972384e-06
12518	-1.1817685390269617e-06
12519	-1.1817513723144657e-06
12520	-1.1817379572676145e-06
12521	-1.1817282938864082e-06
12522	-1.1817213589893072e-06
12523	-1.181716129394772e-06
12524	-1.181712036668614e-06
12525	-1.181708398689807e-06
12526	-1.1817032827821095e-06
12527	-1.1816946425824426e-06
12528	-1.1816811138487537e-06
12529	-1.1816626965810428e-06
12530	-1.1816408687082003e-06
12531	-1.1816182450274937e-06
12532	-1.1815974403361906e-06
12533	-1.181580159936857e-06
12534	-1.1815675406978698e-06
12535	-1.1815593552455539e-06
12536	-1.1815541256510187e-06
12537	-1.1815492371169967e-06
12538	-1.1815423022198956e-06
12539	-1.1815324114650139e-06
12540	-1.1815197922260268e-06
12541	-1.181505012937123e-06
12542	-1.1814889830930042e-06
12543	-1.1814734079962363e-06
12544	-1.1814598792625475e-06
12545	-1.1814491926998016e-06
12546	-1.1814399840659462e-06
12547	-1.1814297522505512e-06
12548	-1.1814165645773755e-06
12549	-1.1814003073595813e-06
12550	-1.1813815490313573e-06
12551	-1.1813617675215937e-06
12552	-1.1813435776275583e-06
12553	-1.1813292530860053e-06
12554	-1.1813186802100972e-06
12555	-1.1813096989499172e-06
12556	-1.1812998081950354e-06
12557	-1.1812870752692106e-06
12558	-1.1812716138592805e-06
12559	-1.1812550155809731e-06
12560	-1.1812401226052316e-06
12561	-1.1812294360424858e-06
12562	-1.1812222737717093e-06
12563	-1.1812147704404197e-06
12564	-1.1812037428171607e-06
12565	-1.1811887361545814e-06
12566	-1.1811712283815723e-06
12567	-1.1811516742454842e-06
12568	-1.1811299600594793e-06
12569	-1.1811066542577464e-06
12570	-1.181083916890202e-06
12571	-1.181065158561978e-06
12572	-1.1810531077571795e-06
12573	-1.1810474234152935e-06
12574	-1.1810450359917013e-06
12575	-1.181042307507596e-06
12576	-1.181036964226223e-06
12577	-1.181027982966043e-06
12578	-1.1810158184744068e-06
12579	-1.1810019486802048e-06
12580	-1.1809877378254896e-06
12581	-1.180972844849748e-06
12582	-1.1809564739451162e-06
12583	-1.1809390798589448e-06
12584	-1.1809224815806374e-06
12585	-1.1809082707259222e-06
12586	-1.1808964472947991e-06
12587	-1.180886329166242e-06
12588	-1.1808771205323865e-06
12589	-1.1808677982116933e-06
12590	-1.1808571116489475e-06
12591	-1.1808436966020963e-06
12592	-1.180827894131653e-06
12593	-1.180811977974372e-06
12594	-1.1807974260591436e-06
12595	-1.1807834425781039e-06
12596	-1.1807693454102264e-06
12597	-1.1807569535449147e-06
12598	-1.1807477449110593e-06
12599	-1.180740923700796e-06
12600	-1.18073273824848e-06
12601	-1.180720119009493e-06
12602	-1.1807022701759706e-06
12603	-1.1806813517978298e-06
12604	-1.180660433419689e-06
12605	-1.1806417887783027e-06
12606	-1.1806254178736708e-06
12607	-1.1806102975242538e-06
12608	-1.1805954045485123e-06
12609	-1.1805806252596085e-06
12610	-1.1805666417785687e-06
12611	-1.180553908852744e-06
12612	-1.1805427675426472e-06
12613	-1.1805328767877654e-06
12614	-1.1805227586592082e-06
12615	-1.1805110489149229e-06
12616	-1.180497520181234e-06
12617	-1.180483195639681e-06
12618	-1.1804700079665054e-06
12619	-1.1804585255958955e-06
12620	-1.1804484074673383e-06
12621	-1.1804386303992942e-06
12622	-1.1804287396444124e-06
12623	-1.1804183941421797e-06
12624	-1.1804074802057585e-06
12625	-1.1803957704614731e-06
12626	-1.1803828101619729e-06
12627	-1.180367689812556e-06
12628	-1.1803507504737354e-06
12629	-1.1803326742665377e-06
12630	-1.1803136885646381e-06
12631	-1.1802947028627386e-06
12632	-1.18027617190819e-06
12633	-1.180256958832615e-06
12634	-1.1802360404544743e-06
12635	-1.1802144399553072e-06
12636	-1.1801946584455436e-06
12637	-1.1801795380961266e-06
12638	-1.1801705568359466e-06
12639	-1.1801662367361132e-06
12640	-1.1801631671914947e-06
12641	-1.1801575965364464e-06
12642	-1.1801482742157532e-06
12643	-1.1801355412899284e-06
12644	-1.1801204209405114e-06
12645	-1.1801037089753663e-06
12646	-1.180086655949708e-06
12647	-1.1800696029240498e-06
12648	-1.1800531183325802e-06
12649	-1.1800366337411106e-06
12650	-1.180020149149641e-06
12651	-1.1800044603660353e-06
12652	-1.1799902495113201e-06
12653	-1.1799777439591708e-06
12654	-1.1799671710832627e-06
12655	-1.1799581898230826e-06
12656	-1.1799495496234158e-06
12657	-1.1799397725553717e-06
12658	-1.1799280628110864e-06
12659	-1.1799149888247484e-06
12660	-1.1799019148384104e-06
12661	-1.1798891819125856e-06
12662	-1.1798764489867608e-06
12663	-1.1798640571214492e-06
12664	-1.179852233690326e-06
12665	-1.1798402965723653e-06
12666	-1.1798274499597028e-06
12667	-1.1798135801655008e-06
12668	-1.1797992556239478e-06
12669	-1.1797841352745309e-06
12670	-1.1797674233093858e-06
12671	-1.1797486649811617e-06
12672	-1.1797287697845604e-06
12673	-1.179709784082661e-06
12674	-1.1796925036833272e-06
12675	-1.1796765875260462e-06
12676	-1.1796612398029538e-06
12677	-1.1796471426350763e-06
12678	-1.179634637082927e-06
12679	-1.179623609459668e-06
12680	-1.179612922896922e-06
12681	-1.1796009857789613e-06
12682	-1.179585979116382e-06
12683	-1.179567675535509e-06
12684	-1.1795483487730962e-06
12685	-1.1795318641816266e-06
12686	-1.1795196996899904e-06
12687	-1.1795103773692972e-06
12688	-1.1795009413617663e-06
12689	-1.179489231617481e-06
12690	-1.179475361823279e-06
12691	-1.179461037281726e-06
12692	-1.1794478496085503e-06
12693	-1.1794364809247782e-06
12694	-1.1794276133514359e-06
12695	-1.179422270070063e-06
12696	-1.1794201100201462e-06
12697	-1.1794185184044181e-06
12698	-1.1794141983045847e-06
12699	-1.1794060128522688e-06
12700	-1.1793945304816589e-06
12701	-1.179380205940106e-06
12702	-1.1793632666012854e-06
12703	-1.1793448493335745e-06
12704	-1.1793265457527013e-06
12705	-1.1793101748480694e-06
12706	-1.1792966461143806e-06
12707	-1.179286300612148e-06
12708	-1.1792785699071828e-06
12709	-1.1792718623837573e-06
12710	-1.1792632221840904e-06
12711	-1.1792498071372393e-06
12712	-1.1792312761826906e-06
12713	-1.1792097893703612e-06
12714	-1.1791885299317073e-06
12715	-1.1791697716034832e-06
12716	-1.1791553333750926e-06
12717	-1.1791454426202108e-06
12718	-1.1791378256020835e-06
12719	-1.1791291854024166e-06
12720	-1.1791173619712936e-06
12721	-1.1791020142482012e-06
12722	-1.1790838243541657e-06
12723	-1.1790638154707267e-06
12724	-1.1790433518399368e-06
12725	-1.1790241387643619e-06
12726	-1.1790068583650282e-06
12727	-1.1789912832682603e-06
12728	-1.1789763902925188e-06
12729	-1.1789609288825886e-06
12730	-1.1789448990384699e-06
12731	-1.1789298923758906e-06
12732	-1.1789172731369035e-06
12733	-1.1789079508162104e-06
12734	-1.178901129605947e-06
12735	-1.1788951042035478e-06
12736	-1.1788882829932845e-06
12737	-1.1788805522883194e-06
12738	-1.1788716847149772e-06
12739	-1.1788607707785559e-06
12740	-1.1788465599238407e-06
12741	-1.1788295068981824e-06
12742	-1.1788112033173093e-06
12743	-1.1787926723627606e-06
12744	-1.1787738003476989e-06
12745	-1.1787544735852862e-06
12746	-1.1787367384386016e-06
12747	-1.1787232097049127e-06
12748	-1.1787145695052459e-06
12749	-1.1787093399107107e-06
12750	-1.1787060429924168e-06
12751	-1.1787028597609606e-06
12752	-1.1786970617322368e-06
12753	-1.1786862614826532e-06
12754	-1.1786703453253722e-06
12755	-1.1786509048761218e-06
12756	-1.1786305549321696e-06
12757	-1.1786116829171078e-06
12758	-1.1785959941335022e-06
12759	-1.178584284389217e-06
12760	-1.178575303129037e-06
12761	-1.17856666292937e-06
12762	-1.1785565448008128e-06
12763	-1.1785441529355012e-06
12764	-1.1785284641518956e-06
12765	-1.1785085689552943e-06
12766	-1.1784851494667237e-06
12767	-1.1784605931097758e-06
12768	-1.1784375146817183e-06
12769	-1.1784185289798188e-06
12770	-1.1784043181251036e-06
12771	-1.1783953368649236e-06
12772	-1.1783915851992788e-06
12773	-1.178392722067656e-06
12774	-1.178396814793814e-06
12775	-1.178400111712108e-06
12776	-1.1783981790358666e-06
12777	-1.1783879472204717e-06
12778	-1.1783691888922476e-06
12779	-1.1783442914747866e-06
12780	-1.1783168929468957e-06
12781	-1.1782908586610574e-06
12782	-1.178268576040864e-06
12783	-1.1782516367020435e-06
12784	-1.1782398132709204e-06
12785	-1.1782299225160386e-06
12786	-1.178219577013806e-06
12787	-1.1782084357037093e-06
12788	-1.1781974080804503e-06
12789	-1.1781867215177044e-06
12790	-1.1781756938944454e-06
12791	-1.1781637567764847e-06
12792	-1.178150569103309e-06
12793	-1.1781360171880806e-06
12794	-1.1781196462834487e-06
12795	-1.1781008879552246e-06
12796	-1.1780799695770838e-06
12797	-1.1780573458963772e-06
12798	-1.1780343811551575e-06
12799	-1.1780132354033412e-06
12800	-1.1779956139434944e-06
12801	-1.1779816304624546e-06
12802	-1.1779707165260334e-06
12803	-1.177961507892178e-06
12804	-1.1779518445109716e-06
12805	-1.177940248453524e-06
12806	-1.177926378659322e-06
12807	-1.1779105761888786e-06
12808	-1.1778929547290318e-06
12809	-1.1778739690271323e-06
12810	-1.177855324385746e-06
12811	-1.1778392945416272e-06
12812	-1.1778275847973418e-06
12813	-1.1778198540923768e-06
12814	-1.1778141697504907e-06
12815	-1.1778073485402274e-06
12816	-1.1777970030379947e-06
12817	-1.1777829058701172e-06
12818	-1.1777680128943757e-06
12819	-1.1777558484027395e-06
12820	-1.177747435576748e-06
12821	-1.1777403869928094e-06
12822	-1.177731519419467e-06
12823	-1.1777192412409931e-06
12824	-1.177703779831063e-06
12825	-1.1776868404922425e-06
12826	-1.1776700148402597e-06
12827	-1.177653984996141e-06
12828	-1.177637614091509e-06
12829	-1.177619651571149e-06
12830	-1.1776013479902758e-06
12831	-1.177584522338293e-06
12832	-1.1775704251704155e-06
12833	-1.1775590564866434e-06
12834	-1.1775495067922748e-06
12835	-1.177539616037393e-06
12836	-1.1775269967984059e-06
12837	-1.1775109669542871e-06
12838	-1.177492663373414e-06
12839	-1.177474700853054e-06
12840	-1.177459580503637e-06
12841	-1.1774487802540534e-06
12842	-1.1774417316701147e-06
12843	-1.1774366157624172e-06
12844	-1.1774307040468557e-06
12845	-1.1774219501603511e-06
12846	-1.1774087624871754e-06
12847	-1.1773915957746794e-06
12848	-1.1773722690122668e-06
12849	-1.1773520327551523e-06
12850	-1.1773319101848756e-06
12851	-1.1773137202908401e-06
12852	-1.1772999641834758e-06
12853	-1.1772917787311599e-06
12854	-1.1772874586313264e-06
12855	-1.1772842753998702e-06
12856	-1.1772796142395237e-06
12857	-1.1772724519687472e-06
12858	-1.1772626749007031e-06
12859	-1.17725085146958e-06
12860	-1.1772367543017026e-06
12861	-1.1772199286497198e-06
12862	-1.177200260826794e-06
12863	-1.177178205580276e-06
12864	-1.1771567187679466e-06
12865	-1.177138983621262e-06
12866	-1.1771265917559504e-06
12867	-1.177118178929959e-06
12868	-1.1771109029723448e-06
12869	-1.1771013532779762e-06
12870	-1.1770870287364232e-06
12871	-1.1770680430345237e-06
12872	-1.1770464425353566e-06
12873	-1.1770249557230272e-06
12874	-1.1770057426474523e-06
12875	-1.1769893717428204e-06
12876	-1.176976070382807e-06
12877	-1.1769653838200611e-06
12878	-1.1769559478125302e-06
12879	-1.176945829683973e-06
12880	-1.1769336651923368e-06
12881	-1.1769205912059988e-06
12882	-1.1769079719670117e-06
12883	-1.176896034849051e-06
12884	-1.176883301923226e-06
12885	-1.1768689773816732e-06
12886	-1.1768528338507167e-06
12887	-1.1768346439566812e-06
12888	-1.1768149761337554e-06
12889	-1.176796331492369e-06
12890	-1.1767815522034653e-06
12891	-1.176771888822259e-06
12892	-1.1767663181672106e-06
12893	-1.1767618843805394e-06
12894	-1.176756313725491e-06
12895	-1.1767494925152278e-06
12896	-1.176741648123425e-06
12897	-1.176732212115894e-06
12898	-1.176720388684771e-06
12899	-1.176706064143218e-06
12900	-1.1766892384912353e-06
12901	-1.176670593849849e-06
12902	-1.1766524039558135e-06
12903	-1.1766368288590456e-06
12904	-1.176624436993734e-06
12905	-1.1766137504309881e-06
12906	-1.1766021543735405e-06
12907	-1.1765888530135271e-06
12908	-1.1765747558456496e-06
12909	-1.1765607723646099e-06
12910	-1.1765469025704078e-06
12911	-1.1765330327762058e-06
12912	-1.1765189356083283e-06
12913	-1.1765047247536131e-06
12914	-1.176490854959411e-06
12915	-1.1764783494072617e-06
12916	-1.1764676628445159e-06
12917	-1.1764572036554455e-06
12918	-1.1764453802243224e-06
12919	-1.1764316241169581e-06
12920	-1.1764162763938657e-06
12921	-1.176399450741883e-06
12922	-1.1763819429688738e-06
12923	-1.176365117316891e-06
12924	-1.1763498832806363e-06
12925	-1.1763355587390834e-06
12926	-1.176320211015991e-06
12927	-1.1763031579903327e-06
12928	-1.1762856502173236e-06
12929	-1.1762696203732048e-06
12930	-1.1762564327000291e-06
12931	-1.1762464282583096e-06
12932	-1.17623892492702e-06
12933	-1.1762334679588093e-06
12934	-1.1762292615458136e-06
12935	-1.1762235772039276e-06
12936	-1.1762134590753703e-06
12937	-1.1761983387259534e-06
12938	-1.1761808309529442e-06
12939	-1.1761635505536105e-06
12940	-1.1761472933358164e-06
12941	-1.1761305813706713e-06
12942	-1.1761126188503113e-06
12943	-1.176093519461574e-06
12944	-1.1760753295675386e-06
12945	-1.176059186036582e-06
12946	-1.1760458846765687e-06
12947	-1.1760353118006606e-06
12948	-1.1760264442273183e-06
12949	-1.1760182587750023e-06
12950	-1.1760097322621732e-06
12951	-1.1759995004467783e-06
12952	-1.1759861990867648e-06
12953	-1.1759703966163215e-06
12954	-1.1759527751564747e-06
12955	-1.1759337894545752e-06
12956	-1.1759138942579739e-06
12957	-1.1758945674955612e-06
12958	-1.1758768323488766e-06
12959	-1.1758606888179202e-06
12960	-1.175846023215854e-06
12961	-1.175833403976867e-06
12962	-1.1758233995351475e-06
12963	-1.175814986709156e-06
12964	-1.175805664388463e-06
12965	-1.1757924767152872e-06
12966	-1.1757740594475763e-06
12967	-1.1757518905142206e-06
12968	-1.1757290394598385e-06
12969	-1.1757086895158864e-06
12970	-1.1756930007322808e-06
12971	-1.1756827689168858e-06
12972	-1.1756776530091884e-06
12973	-1.1756751518987585e-06
12974	-1.1756719686673023e-06
12975	-1.175665147457039e-06
12976	-1.1756538924601045e-06
12977	-1.1756395679185516e-06
12978	-1.1756237654481083e-06
12979	-1.175607962977665e-06
12980	-1.1755923878808971e-06
12981	-1.1755763580367784e-06
12982	-1.1755590776374447e-06
12983	-1.1755406603697338e-06
12984	-1.1755220157283475e-06
12985	-1.1755040532079875e-06
12986	-1.175486659121816e-06
12987	-1.175469947156671e-06
12988	-1.1754547131204163e-06
12989	-1.1754414117604028e-06
12990	-1.175429474642442e-06
12991	-1.1754183333323454e-06
12992	-1.1754071920222486e-06
12993	-1.1753952549042879e-06
12994	-1.175381726170599e-06
12995	-1.1753663784475066e-06
12996	-1.1753508033507387e-06
12997	-1.1753357966881595e-06
12998	-1.175320903712418e-06
12999	-1.1753058970498387e-06
13000	-1.1752905493267463e-06
13001	-1.175274746856303e-06
13002	-1.1752579212043202e-06
13003	-1.1752406408049865e-06
13004	-1.1752250657082186e-06
13005	-1.1752130149034201e-06
13006	-1.1752043747037533e-06
13007	-1.1751957345040864e-06
13008	-1.175183228951937e-06
13009	-1.175166062239441e-06
13010	-1.1751466217901907e-06
13011	-1.1751279771488043e-06
13012	-1.1751128567993874e-06
13013	-1.1751034207918565e-06
13014	-1.1750996691262117e-06
13015	-1.1750986459446722e-06
13016	-1.1750963722079177e-06
13017	-1.1750903468055185e-06
13018	-1.1750802286769613e-06
13019	-1.1750670410037856e-06
13020	-1.1750518069675309e-06
13021	-1.1750353223760612e-06
13022	-1.1750194062187802e-06
13023	-1.1750049679903896e-06
13024	-1.1749909845093498e-06
13025	-1.1749759778467705e-06
13026	-1.174959493255301e-06
13027	-1.1749426676033181e-06
13028	-1.1749266377591994e-06
13029	-1.1749121995308087e-06
13030	-1.174899466604984e-06
13031	-1.1748877568606986e-06
13032	-1.1748751376217115e-06
13033	-1.1748596762117813e-06
13034	-1.1748413726309082e-06
13035	-1.1748221595553332e-06
13036	-1.1748032875402714e-06
13037	-1.1747854387067491e-06
13038	-1.1747692951757926e-06
13039	-1.1747555390684283e-06
13040	-1.1747451935661957e-06
13041	-1.1747380312954192e-06
13042	-1.174732801700884e-06
13043	-1.174727913166862e-06
13044	-1.1747221151381382e-06
13045	-1.1747144981200108e-06
13046	-1.1747044936782913e-06
13047	-1.1746908512577647e-06
13048	-1.1746734571715933e-06
13049	-1.1746537893486675e-06
13050	-1.1746342352125794e-06
13051	-1.1746171821869211e-06
13052	-1.1746044492610963e-06
13053	-1.1745959227482672e-06
13054	-1.1745891015380039e-06
13055	-1.174580461338337e-06
13056	-1.1745688652808894e-06
13057	-1.1745554502340383e-06
13058	-1.1745407846319722e-06
13059	-1.174524982161529e-06
13060	-1.1745080428227084e-06
13061	-1.1744908761102124e-06
13062	-1.1744748462660937e-06
13063	-1.1744609764718916e-06
13064	-1.1744486982934177e-06
13065	-1.1744358516807551e-06
13066	-1.1744201628971496e-06
13067	-1.1744008361347369e-06
13068	-1.174379576696083e-06
13069	-1.1743596814994817e-06
13070	-1.174343651655363e-06
13071	-1.1743322829715908e-06
13072	-1.174324438579788e-06
13073	-1.1743178447432001e-06
13074	-1.1743098866645596e-06
13075	-1.174298290607112e-06
13076	-1.174283625005046e-06
13077	-1.1742673677872517e-06
13078	-1.1742506558221066e-06
13079	-1.1742337164832861e-06
13080	-1.1742160950234393e-06
13081	-1.1741976777557284e-06
13082	-1.1741793741748552e-06
13083	-1.1741630032702233e-06
13084	-1.1741495882233721e-06
13085	-1.1741391290343017e-06
13086	-1.1741304888346349e-06
13087	-1.1741213938876172e-06
13088	-1.1741103662643582e-06
13089	-1.174097747025371e-06
13090	-1.1740852414732217e-06
13091	-1.174074100163125e-06
13092	-1.174063072539866e-06
13093	-1.1740501122403657e-06
13094	-1.1740346508304356e-06
13095	-1.1740183936126414e-06
13096	-1.174003841697413e-06
13097	-1.17399201826629e-06
13098	-1.1739829233192722e-06
13099	-1.173975647361658e-06
13100	-1.1739678029698553e-06
13101	-1.1739580259018112e-06
13102	-1.1739457477233373e-06
13103	-1.1739316505554598e-06
13104	-1.1739167575797183e-06
13105	-1.173902546725003e-06
13106	-1.173889927486016e-06
13107	-1.1738778766812175e-06
13108	-1.173864575321204e-06
13109	-1.1738493412849493e-06
13110	-1.173833538814506e-06
13111	-1.1738189868992777e-06
13112	-1.1738079592760187e-06
13113	-1.1738011380657554e-06
13114	-1.1737959084712202e-06
13115	-1.1737884051399305e-06
13116	-1.1737764680219698e-06
13117	-1.1737598697436624e-06
13118	-1.1737400882338989e-06
13119	-1.173719624603109e-06
13120	-1.1737014347090735e-06
13121	-1.1736864280464943e-06
13122	-1.1736738088075072e-06
13123	-1.1736614169421955e-06
13124	-1.1736472060874803e-06
13125	-1.1736304941223352e-06
13126	-1.173611394733598e-06
13127	-1.1735903626686195e-06
13128	-1.173568080048426e-06
13129	-1.1735457974282326e-06
13130	-1.1735265843526577e-06
13131	-1.1735138514268328e-06
13132	-1.1735086218322976e-06
13133	-1.1735081670849468e-06
13134	-1.1735079397112713e-06
13135	-1.1735047564798151e-06
13136	-1.1734981626432273e-06
13137	-1.1734896361303981e-06
13138	-1.1734804274965427e-06
13139	-1.1734697409337969e-06
13140	-1.173454961644893e-06
13141	-1.1734343843272654e-06
13142	-1.173408463728265e-06
13143	-1.1733795872714836e-06
13144	-1.1733513929357287e-06
13145	-1.173327973447158e-06
13146	-1.1733118299162015e-06
13147	-1.1733031897165347e-06
13148	-1.173300233858754e-06
13149	-1.1732998927982408e-06
13150	-1.1732988696167013e-06
13151	-1.1732944358300301e-06
13152	-1.1732849998224992e-06
13153	-1.1732697657862445e-06
13154	-1.1732486200344283e-06
13155	-1.1732232678696164e-06
13156	-1.1731972335837781e-06
13157	-1.1731734730346943e-06
13158	-1.1731538052117685e-06
13159	-1.1731385711755138e-06
13160	-1.173126634057553e-06
13161	-1.173116402242158e-06
13162	-1.1731071936083026e-06
13163	-1.173098894469149e-06
13164	-1.1730911637641839e-06
13165	-1.1730832056855434e-06
13166	-1.173073997051688e-06
13167	-1.1730624009942403e-06
13168	-1.1730485312000383e-06
13169	-1.173032728729595e-06
13170	-1.1730161304512876e-06
13171	-1.1729993047993048e-06
13172	-1.172982479147322e-06
13173	-1.1729672451110673e-06
13174	-1.172955535366782e-06
13175	-1.1729480320354924e-06
13176	-1.1729422340067686e-06
13177	-1.172934730675479e-06
13178	-1.1729234756785445e-06
13179	-1.1729079005817766e-06
13180	-1.1728889148798771e-06
13181	-1.1728678828148986e-06
13182	-1.172847760244622e-06
13183	-1.1728316167136654e-06
13184	-1.172819565908867e-06
13185	-1.1728103572750115e-06
13186	-1.1728025128832087e-06
13187	-1.1727941000572173e-06
13188	-1.1727828450602829e-06
13189	-1.1727670425898395e-06
13190	-1.17274805688794e-06
13191	-1.1727296396202291e-06
13192	-1.1727147466444876e-06
13193	-1.1727032642738777e-06
13194	-1.1726924640242942e-06
13195	-1.1726805269063334e-06
13196	-1.1726674529199954e-06
13197	-1.1726547199941706e-06
13198	-1.1726428965630475e-06
13199	-1.172632096313464e-06
13200	-1.1726217508112313e-06
13201	-1.1726109505616478e-06
13202	-1.1725984450094984e-06
13203	-1.1725836657205946e-06
13204	-1.1725668400686118e-06
13205	-1.1725486501745763e-06
13206	-1.172529209725326e-06
13207	-1.1725089734682115e-06
13208	-1.172489191958448e-06
13209	-1.1724710020644125e-06
13210	-1.1724547448466183e-06
13211	-1.1724412161129294e-06
13212	-1.1724314390448853e-06
13213	-1.1724252999556484e-06
13214	-1.1724215482900036e-06
13215	-1.1724177966243587e-06
13216	-1.1724118849087972e-06
13217	-1.172402562588104e-06
13218	-1.1723900570359547e-06
13219	-1.1723753914338886e-06
13220	-1.1723595889634453e-06
13221	-1.1723435591193265e-06
13222	-1.1723287798304227e-06
13223	-1.1723161605914356e-06
13224	-1.172305360341852e-06
13225	-1.1722954695869703e-06
13226	-1.1722850103979e-06
13227	-1.1722723911589128e-06
13228	-1.1722556791937677e-06
13229	-1.1722352155629778e-06
13230	-1.1722133876901353e-06
13231	-1.1721931514330208e-06
13232	-1.172176325781038e-06
13233	-1.1721629107341869e-06
13234	-1.1721518831109279e-06
13235	-1.1721414239218575e-06
13236	-1.172129373117059e-06
13237	-1.1721136843334534e-06
13238	-1.172094698631554e-06
13239	-1.1720743486876017e-06
13240	-1.172055021925189e-06
13241	-1.1720387647073949e-06
13242	-1.1720263728420832e-06
13243	-1.1720164820872014e-06
13244	-1.1720069323928328e-06
13245	-1.1719952226485475e-06
13246	-1.171979079117591e-06
13247	-1.1719573649315862e-06
13248	-1.1719316717062611e-06
13249	-1.1719055237335851e-06
13250	-1.1718834684870671e-06
13251	-1.1718691439455142e-06
13252	-1.1718633459167904e-06
13253	-1.1718632322299527e-06
13254	-1.1718645964720054e-06
13255	-1.17186436909833e-06
13256	-1.1718612995537114e-06
13257	-1.1718544783434481e-06
13258	-1.1718437917807023e-06
13259	-1.171829580925987e-06
13260	-1.1718134373950306e-06
13261	-1.1717979759851005e-06
13262	-1.1717844472514116e-06
13263	-1.1717720553861e-06
13264	-1.1717579582182225e-06
13265	-1.1717407915057265e-06
13266	-1.171721009995963e-06
13267	-1.171700546365173e-06
13268	-1.1716815606632736e-06
13269	-1.171664621324453e-06
13270	-1.171649159914523e-06
13271	-1.1716341532519436e-06
13272	-1.1716200560840662e-06
13273	-1.1716076642187545e-06
13274	-1.1715970913428464e-06
13275	-1.1715872005879646e-06
13276	-1.1715773098330828e-06
13277	-1.1715669643308502e-06
13278	-1.1715549135260517e-06
13279	-1.171539224742446e-06
13280	-1.1715189884853316e-06
13281	-1.1714961374309496e-06
13282	-1.1714739684975939e-06
13283	-1.1714549827956944e-06
13284	-1.1714390666384134e-06
13285	-1.171424514723185e-06
13286	-1.1714088259395794e-06
13287	-1.1713912044797326e-06
13288	-1.1713723324646708e-06
13289	-1.1713533467627713e-06
13290	-1.1713353842424112e-06
13291	-1.1713190133377793e-06
13292	-1.1713054846040905e-06
13293	-1.171296275970235e-06
13294	-1.1712922969309147e-06
13295	-1.1712924106177525e-06
13296	-1.1712933201124542e-06
13297	-1.1712903642546735e-06
13298	-1.1712800187524408e-06
13299	-1.1712610330505413e-06
13300	-1.1712353398252162e-06
13301	-1.1712063496815972e-06
13302	-1.171177814285329e-06
13303	-1.1711534853020567e-06
13304	-1.1711358638422098e-06
13305	-1.171126427834679e-06
13306	-1.1711244951584376e-06
13307	-1.1711273373293807e-06
13308	-1.1711309753081878e-06
13309	-1.171131316368701e-06
13310	-1.171125973087328e-06
13311	-1.1711156275850954e-06
13312	-1.171101871477731e-06
13313	-1.1710853868862614e-06
13314	-1.171066742244875e-06
13315	-1.1710470744219492e-06
13316	-1.171028770841076e-06
13317	-1.1710130820574705e-06
13318	-1.170998984889593e-06
13319	-1.1709848877217155e-06
13320	-1.1709705631801626e-06
13321	-1.1709565796991228e-06
13322	-1.170943050965434e-06
13323	-1.1709288401107187e-06
13324	-1.170912014458736e-06
13325	-1.170891550827946e-06
13326	-1.1708688134604017e-06
13327	-1.1708464171533706e-06
13328	-1.1708270903909579e-06
13329	-1.1708125384757295e-06
13330	-1.1708018519129837e-06
13331	-1.1707928706528037e-06
13332	-1.1707840030794614e-06
13333	-1.1707754765666323e-06
13334	-1.1707676321748295e-06
13335	-1.170758423540974e-06
13336	-1.1707461453625e-06
13337	-1.1707305702657322e-06
13338	-1.170713517240074e-06
13339	-1.170696350527578e-06
13340	-1.170678842754569e-06
13341	-1.1706613349815598e-06
13342	-1.1706451914506033e-06
13343	-1.1706313216564013e-06
13344	-1.1706188161042519e-06
13345	-1.1706059694915893e-06
13346	-1.1705932365657645e-06
13347	-1.1705820952556678e-06
13348	-1.1705732276823255e-06
13349	-1.1705650422300096e-06
13350	-1.170556288343505e-06
13351	-1.1705456017807592e-06
13352	-1.1705319593602326e-06
13353	-1.1705138831530348e-06
13354	-1.1704910320986528e-06
13355	-1.1704646567523014e-06
13356	-1.1704387361533009e-06
13357	-1.1704180451488355e-06
13358	-1.1704055395966861e-06
13359	-1.1704006510626641e-06
13360	-1.1704005373758264e-06
13361	-1.1704009921231773e-06
13362	-1.1703975815180456e-06
13363	-1.1703881455105147e-06
13364	-1.1703726841005846e-06
13365	-1.1703531299644965e-06
13366	-1.1703310747179785e-06
13367	-1.1703065183610306e-06
13368	-1.170280256701517e-06
13369	-1.1702551319103804e-06
13370	-1.17023569146113e-06
13371	-1.1702242090905202e-06
13372	-1.1702200026775245e-06
13373	-1.1702196616170113e-06
13374	-1.1702200026775245e-06
13375	-1.1702194342433359e-06
13376	-1.1702163646987174e-06
13377	-1.1702096571752918e-06
13378	-1.1701991979862214e-06
13379	-1.170185100818344e-06
13380	-1.1701678204190102e-06
13381	-1.1701484936565976e-06
13382	-1.1701290532073472e-06
13383	-1.1701113180606626e-06
13384	-1.1700952882165438e-06
13385	-1.170079713119776e-06
13386	-1.1700635695888195e-06
13387	-1.1700470849973499e-06
13388	-1.1700316235874197e-06
13389	-1.1700180948537309e-06
13390	-1.1700060440489324e-06
13391	-1.1699939932441339e-06
13392	-1.1699808055709582e-06
13393	-1.1699664810294053e-06
13394	-1.1699519291141769e-06
13395	-1.1699387414410012e-06
13396	-1.1699279411914176e-06
13397	-1.1699188462444e-06
13398	-1.169909410236869e-06
13399	-1.1698979278662591e-06
13400	-1.1698841717588948e-06
13401	-1.1698690514094778e-06
13402	-1.1698546131810872e-06
13403	-1.1698422213157755e-06
13404	-1.1698308526320034e-06
13405	-1.1698172102114768e-06
13406	-1.1697976560753887e-06
13407	-1.169772190223739e-06
13408	-1.169744450635335e-06
13409	-1.1697202353389002e-06
13410	-1.1697030686264043e-06
13411	-1.1696926094373339e-06
13412	-1.1696855608533951e-06
13413	-1.1696787396431318e-06
13414	-1.16967134999868e-06
13415	-1.1696653245962807e-06
13416	-1.1696614592437982e-06
13417	-1.169657821264991e-06
13418	-1.1696517958625918e-06
13419	-1.16964190510771e-06
13420	-1.1696279216266703e-06
13421	-1.1696098454194725e-06
13422	-1.169588813354494e-06
13423	-1.1695676676026778e-06
13424	-1.1695491366481292e-06
13425	-1.1695342436723877e-06
13426	-1.1695215107465629e-06
13427	-1.169507527265523e-06
13428	-1.1694897921188385e-06
13429	-1.1694689874275355e-06
13430	-1.1694480690493947e-06
13431	-1.1694304475895478e-06
13432	-1.1694158956743195e-06
13433	-1.169402594314306e-06
13434	-1.1693886108332663e-06
13435	-1.1693741726048756e-06
13436	-1.1693595070028096e-06
13437	-1.1693448414007435e-06
13438	-1.1693308579197037e-06
13439	-1.1693182386807166e-06
13440	-1.1693070973706199e-06
13441	-1.169297206615738e-06
13442	-1.1692879979818827e-06
13443	-1.16927765247965e-06
13444	-1.1692641237459611e-06
13445	-1.1692462749124388e-06
13446	-1.1692249017869472e-06
13447	-1.1692018233588897e-06
13448	-1.169179654425534e-06
13449	-1.169161237157823e-06
13450	-1.1691490726661868e-06
13451	-1.1691431609506253e-06
13452	-1.1691399777191691e-06
13453	-1.1691354302456602e-06
13454	-1.1691279269143706e-06
13455	-1.1691189456541906e-06
13456	-1.1691103054545238e-06
13457	-1.1691017789416946e-06
13458	-1.1690923429341638e-06
13459	-1.1690821111187688e-06
13460	-1.1690719929902116e-06
13461	-1.1690622159221675e-06
13462	-1.1690516430462594e-06
13463	-1.1690381143125705e-06
13464	-1.1690192422975088e-06
13465	-1.1689951406879118e-06
13466	-1.1689695611494244e-06
13467	-1.1689484153976082e-06
13468	-1.1689351140375948e-06
13469	-1.1689277243931429e-06
13470	-1.1689210168697173e-06
13471	-1.1689119219226995e-06
13472	-1.1689004395520897e-06
13473	-1.1688873655657517e-06
13474	-1.1688725862768479e-06
13475	-1.1688556469380273e-06
13476	-1.1688360928019392e-06
13477	-1.1688143786159344e-06
13478	-1.1687926644299296e-06
13479	-1.1687735650411923e-06
13480	-1.168759013125964e-06
13481	-1.1687486676237313e-06
13482	-1.1687395726767136e-06
13483	-1.168727521871915e-06
13484	-1.1687104688462568e-06
13485	-1.1686896641549538e-06
13486	-1.168668745776813e-06
13487	-1.168650783256453e-06
13488	-1.1686378229569527e-06
13489	-1.16862997856515e-06
13490	-1.1686263405863428e-06
13491	-1.168625431091641e-06
13492	-1.1686259995258297e-06
13493	-1.1686264542731806e-06
13494	-1.1686248626574525e-06
13495	-1.1686187235682155e-06
13496	-1.1686064453897416e-06
13497	-1.168587914435193e-06
13498	-1.1685648360071355e-06
13499	-1.1685402796501876e-06
13500	-1.1685174285958055e-06
13501	-1.1684979881465551e-06
13502	-1.1684819583024364e-06
13503	-1.1684671790135326e-06
13504	-1.168451490229927e-06
13505	-1.168434778264782e-06
13506	-1.1684186347338255e-06
13507	-1.1684051060001366e-06
13508	-1.168394305750553e-06
13509	-1.1683852108035353e-06
13510	-1.168376343230193e-06
13511	-1.168365770354285e-06
13512	-1.1683520142469206e-06
13513	-1.1683351885949378e-06
13514	-1.16831711238774e-06
13515	-1.168299604614731e-06
13516	-1.1682822105285595e-06
13517	-1.16826322482666e-06
13518	-1.1682417380143306e-06
13519	-1.1682196827678126e-06
13520	-1.1682001286317245e-06
13521	-1.1681848945954698e-06
13522	-1.1681735259116977e-06
13523	-1.1681645446515176e-06
13524	-1.1681563591992017e-06
13525	-1.1681486284942366e-06
13526	-1.1681410114761093e-06
13527	-1.1681325986501179e-06
13528	-1.1681213436531834e-06
13529	-1.168107246485306e-06
13530	-1.1680914440148626e-06
13531	-1.1680751867970685e-06
13532	-1.1680589295792743e-06
13533	-1.1680430134219932e-06
13534	-1.1680285751936026e-06
13535	-1.168016183328291e-06
13536	-1.168005496765545e-06
13537	-1.1679956060106633e-06
13538	-1.1679860563162947e-06
13539	-1.1679762792482506e-06
13540	-1.1679653653118294e-06
13541	-1.16795285975968e-06
13542	-1.167938535218127e-06
13543	-1.1679225053740083e-06
13544	-1.16790545234835e-06
13545	-1.1678886266963673e-06
13546	-1.1678731652864371e-06
13547	-1.1678591818053974e-06
13548	-1.1678456530717085e-06
13549	-1.1678316695906688e-06
13550	-1.167816435554414e-06
13551	-1.167799723589269e-06
13552	-1.167781306321558e-06
13553	-1.1677624343064963e-06
13554	-1.167744585472974e-06
13555	-1.1677293514367193e-06
13556	-1.1677175280055963e-06
13557	-1.1677084330585785e-06
13558	-1.1677001339194248e-06
13559	-1.1676904705382185e-06
13560	-1.1676786471070955e-06
13561	-1.1676659141812706e-06
13562	-1.1676540907501476e-06
13563	-1.167643745247915e-06
13564	-1.1676336271193577e-06
13565	-1.1676215763145592e-06
13566	-1.1676055464704405e-06
13567	-1.1675848554659751e-06
13568	-1.167561208603729e-06
13569	-1.1675384712361847e-06
13570	-1.167519599221123e-06
13571	-1.1675043651848682e-06
13572	-1.1674923143800697e-06
13573	-1.1674831057462143e-06
13574	-1.1674768529701396e-06
13575	-1.1674738971123588e-06
13576	-1.1674733286781702e-06
13577	-1.1674728739308193e-06
13578	-1.1674692359520122e-06
13579	-1.16746036837867e-06
13580	-1.1674455890897661e-06
13581	-1.1674261486405157e-06
13582	-1.1674032975861337e-06
13583	-1.1673785138555104e-06
13584	-1.1673540711854002e-06
13585	-1.1673319022520445e-06
13586	-1.1673139397316845e-06
13587	-1.1673014341795351e-06
13588	-1.1672943855955964e-06
13589	-1.1672897244352498e-06
13590	-1.167282334790798e-06
13591	-1.1672689197439468e-06
13592	-1.1672498203552095e-06
13593	-1.1672276514218538e-06
13594	-1.1672055961753358e-06
13595	-1.1671853599182214e-06
13596	-1.167167170024186e-06
13597	-1.1671511401800672e-06
13598	-1.1671372703858651e-06
13599	-1.1671249922073912e-06
13600	-1.1671131687762681e-06
13601	-1.1671011179714696e-06
13602	-1.1670898629745352e-06
13603	-1.1670806543406798e-06
13604	-1.1670726962620392e-06
13605	-1.167063373941346e-06
13606	-1.1670508683891967e-06
13607	-1.1670342701108893e-06
13608	-1.1670141475406126e-06
13609	-1.1669934565361473e-06
13610	-1.166977199318353e-06
13611	-1.1669677633108222e-06
13612	-1.1669631021504756e-06
13613	-1.1669591231111553e-06
13614	-1.1669520745272166e-06
13615	-1.1669408195302822e-06
13616	-1.1669259265545406e-06
13617	-1.1669092145893956e-06
13618	-1.1668925026242505e-06
13619	-1.1668772685879958e-06
13620	-1.1668647630358464e-06
13621	-1.1668552133414778e-06
13622	-1.1668474826365127e-06
13623	-1.1668398656183854e-06
13624	-1.16683065698453e-06
13625	-1.1668184924928937e-06
13626	-1.1668021215882618e-06
13627	-1.1667822263916605e-06
13628	-1.1667610806398443e-06
13629	-1.1667415265037562e-06
13630	-1.1667241324175848e-06
13631	-1.1667076478261151e-06
13632	-1.166690140053106e-06
13633	-1.1666711543512065e-06
13634	-1.1666520549624693e-06
13635	-1.1666347745631356e-06
13636	-1.1666196542137186e-06
13637	-1.1666056707326788e-06
13638	-1.1665919146253145e-06
13639	-1.166578272204788e-06
13640	-1.1665649708447745e-06
13641	-1.1665520105452742e-06
13642	-1.1665399597404758e-06
13643	-1.1665290458040545e-06
13644	-1.1665187003018218e-06
13645	-1.1665066494970233e-06
13646	-1.1664898238450405e-06
13647	-1.1664664043564699e-06
13648	-1.166439005828579e-06
13649	-1.166414108411118e-06
13650	-1.1663970553854597e-06
13651	-1.1663884151857928e-06
13652	-1.1663853456411744e-06
13653	-1.166384663520148e-06
13654	-1.166383867712284e-06
13655	-1.1663815939755295e-06
13656	-1.1663775012493716e-06
13657	-1.1663721579679986e-06
13658	-1.166364654636709e-06
13659	-1.1663530585792614e-06
13660	-1.1663358918667655e-06
13661	-1.166313609246572e-06
13662	-1.1662878023344092e-06
13663	-1.1662611996143823e-06
13664	-1.1662377801258117e-06
13665	-1.166221295534342e-06
13666	-1.1662116321531357e-06
13667	-1.1662050383165479e-06
13668	-1.1661973076115828e-06
13669	-1.1661862799883238e-06
13670	-1.1661719554467709e-06
13671	-1.1661549024211126e-06
13672	-1.166136371466564e-06
13673	-1.1661174994515022e-06
13674	-1.1660998779916554e-06
13675	-1.1660856671369402e-06
13676	-1.1660769132504356e-06
13677	-1.166072252090089e-06
13678	-1.1660679319902556e-06
13679	-1.1660602012852905e-06
13680	-1.1660484915410052e-06
13681	-1.1660341669994523e-06
13682	-1.166017909781658e-06
13683	-1.1660001746349735e-06
13684	-1.1659820984277758e-06
13685	-1.1659653864626307e-06
13686	-1.1659507208605646e-06
13687	-1.1659379879347398e-06
13688	-1.1659261645036167e-06
13689	-1.1659147958198446e-06
13690	-1.1659025176413707e-06
13691	-1.165888875220844e-06
13692	-1.165873413810914e-06
13693	-1.1658569292194443e-06
13694	-1.1658405583148124e-06
13695	-1.1658249832180445e-06
13696	-1.165809635494952e-06
13697	-1.1657947425192106e-06
13698	-1.1657808727250085e-06
13699	-1.165767571364995e-06
13700	-1.1657543836918194e-06
13701	-1.1657415370791568e-06
13702	-1.1657305094558978e-06
13703	-1.1657216418825556e-06
13704	-1.1657142522381037e-06
13705	-1.1657069762804895e-06
13706	-1.1656983360808226e-06
13707	-1.1656869673970505e-06
13708	-1.165672415481822e-06
13709	-1.165655703516677e-06
13710	-1.1656383094305056e-06
13711	-1.1656203469101456e-06
13712	-1.165601361208246e-06
13713	-1.165581352324807e-06
13714	-1.1655619118755567e-06
13715	-1.1655445177893853e-06
13716	-1.165529965874157e-06
13717	-1.1655173466351698e-06
13718	-1.16550586426456e-06
13719	-1.1654957461360027e-06
13720	-1.1654860827547964e-06
13721	-1.1654757372525637e-06
13722	-1.1654636864477652e-06
13723	-1.1654506124614272e-06
13724	-1.1654370837277384e-06
13725	-1.1654226454993477e-06
13726	-1.1654059335342026e-06
13727	-1.1653850151560619e-06
13728	-1.165360458799114e-06
13729	-1.1653362435026793e-06
13730	-1.1653170304271043e-06
13731	-1.1653048659354681e-06
13732	-1.1652990679067443e-06
13733	-1.1652980447252048e-06
13734	-1.1652992952804198e-06
13735	-1.1652990679067443e-06
13736	-1.1652936109385337e-06
13737	-1.1652813327600597e-06
13738	-1.1652630291791866e-06
13739	-1.1652407465589931e-06
13740	-1.165217099696747e-06
13741	-1.165195044450229e-06
13742	-1.1651761724351672e-06
13743	-1.165160711025237e-06
13744	-1.1651485465336009e-06
13745	-1.1651392242129077e-06
13746	-1.1651306977000786e-06
13747	-1.1651205795715214e-06
13748	-1.1651081877062097e-06
13749	-1.1650943179120077e-06
13750	-1.1650791975625907e-06
13751	-1.1650614624159061e-06
13752	-1.1650405440377654e-06
13753	-1.1650167834886815e-06
13754	-1.1649917723843828e-06
13755	-1.1649678981484612e-06
13756	-1.1649474345176714e-06
13757	-1.1649318594209035e-06
13758	-1.1649211728581577e-06
13759	-1.164912873719004e-06
13760	-1.1649042335193371e-06
13761	-1.1648935469565913e-06
13762	-1.1648804729702533e-06
13763	-1.164865921055025e-06
13764	-1.1648514828266343e-06
13765	-1.1648381814666209e-06
13766	-1.1648263580354978e-06
13767	-1.1648152167254011e-06
13768	-1.164803393294278e-06
13769	-1.164790774055291e-06
13770	-1.1647786095636548e-06
13771	-1.1647688324956107e-06
13772	-1.164761329164321e-06
13773	-1.1647550763882464e-06
13774	-1.164748709925334e-06
13775	-1.164740524473018e-06
13776	-1.164729496849759e-06
13777	-1.164715172308206e-06
13778	-1.1646978919088724e-06
13779	-1.1646779967122711e-06
13780	-1.1646560551525909e-06
13781	-1.1646334314718843e-06
13782	-1.164612740467419e-06
13783	-1.1645960285022738e-06
13784	-1.1645834092632867e-06
13785	-1.1645729500742164e-06
13786	-1.1645629456324968e-06
13787	-1.1645536233118037e-06
13788	-1.1645444146779482e-06
13789	-1.1645344102362287e-06
13790	-1.1645227004919434e-06
13791	-1.1645079212030396e-06
13792	-1.1644891628748155e-06
13793	-1.1644671076282975e-06
13794	-1.1644435744528892e-06
13795	-1.1644207233985071e-06
13796	-1.164399918707204e-06
13797	-1.164381956186844e-06
13798	-1.1643676316452911e-06
13799	-1.1643573998298962e-06
13800	-1.1643505786196329e-06
13801	-1.164344780590909e-06
13802	-1.1643365951385931e-06
13803	-1.164323975899606e-06
13804	-1.1643073776212987e-06
13805	-1.1642887329799123e-06
13806	-1.164269633591175e-06
13807	-1.164250875262951e-06
13808	-1.1642340496109682e-06
13809	-1.164220293503604e-06
13810	-1.164209265880345e-06
13811	-1.1641999435596517e-06
13812	-1.1641923265415244e-06
13813	-1.1641869832601515e-06
13814	-1.1641841410892084e-06
13815	-1.164181412605103e-06
13816	-1.1641755008895416e-06
13817	-1.1641645869531203e-06
13818	-1.1641498076642165e-06
13819	-1.1641327546385583e-06
13820	-1.1641139963103342e-06
13821	-1.1640927368716802e-06
13822	-1.1640701131909736e-06
13823	-1.164048740065482e-06
13824	-1.164030777545122e-06
13825	-1.1640163393167313e-06
13826	-1.1640036063909065e-06
13827	-1.163991555586108e-06
13828	-1.163979732154985e-06
13829	-1.1639681360975374e-06
13830	-1.1639571084742784e-06
13831	-1.163946649285208e-06
13832	-1.1639358490356244e-06
13833	-1.163923343483475e-06
13834	-1.1639090189419221e-06
13835	-1.1638940122793429e-06
13836	-1.1638788919299259e-06
13837	-1.163862521025294e-06
13838	-1.1638435353233945e-06
13839	-1.163822503258416e-06
13840	-1.163801698567113e-06
13841	-1.163783281299402e-06
13842	-1.1637682746368228e-06
13843	-1.1637556553978357e-06
13844	-1.163744514087739e-06
13845	-1.1637340548986685e-06
13846	-1.1637221177807078e-06
13847	-1.1637077932391549e-06
13848	-1.1636924455160624e-06
13849	-1.1636792578428867e-06
13850	-1.163670162895869e-06
13851	-1.163664478553983e-06
13852	-1.163660726888338e-06
13853	-1.1636577710305573e-06
13854	-1.163653791991237e-06
13855	-1.1636458339125966e-06
13856	-1.1636315093710436e-06
13857	-1.163610136245552e-06
13858	-1.1635842156465515e-06
13859	-1.1635573855528492e-06
13860	-1.1635327155090636e-06
13861	-1.1635114560704096e-06
13862	-1.1634933798632119e-06
13863	-1.163477804766444e-06
13864	-1.1634645034064306e-06
13865	-1.1634530210358207e-06
13866	-1.1634423344730749e-06
13867	-1.1634313068498159e-06
13868	-1.1634200518528814e-06
13869	-1.1634092516032979e-06
13870	-1.1633994745352538e-06
13871	-1.1633902659013984e-06
13872	-1.1633804888333543e-06
13873	-1.1633683243417181e-06
13874	-1.1633534313659766e-06
13875	-1.1633370604613447e-06
13876	-1.163320575869875e-06
13877	-1.1633051144599449e-06
13878	-1.1632909036052297e-06
13879	-1.1632780569925671e-06
13880	-1.1632670293693081e-06
13881	-1.1632578207354527e-06
13882	-1.1632490668489481e-06
13883	-1.1632381529125269e-06
13884	-1.1632231462499476e-06
13885	-1.1632029099928332e-06
13886	-1.163178922070074e-06
13887	-1.163154820460477e-06
13888	-1.163134811577038e-06
13889	-1.1631206007223227e-06
13890	-1.163111505775305e-06
13891	-1.1631051393123926e-06
13892	-1.163099227596831e-06
13893	-1.163092747447081e-06
13894	-1.163086153610493e-06
13895	-1.1630793324002298e-06
13896	-1.163071033261076e-06
13897	-1.163059209829953e-06
13898	-1.1630428389253211e-06
13899	-1.1630231711023953e-06
13900	-1.1630029348452808e-06
13901	-1.1629838354565436e-06
13902	-1.16296655505721e-06
13903	-1.1629515483946307e-06
13904	-1.162938360721455e-06
13905	-1.162926082542981e-06
13906	-1.1629149412328843e-06
13907	-1.1629051641648402e-06
13908	-1.1628965239651734e-06
13909	-1.1628877700786688e-06
13910	-1.1628775382632739e-06
13911	-1.1628646916506113e-06
13912	-1.1628478659986285e-06
13913	-1.1628264928731369e-06
13914	-1.1628009133346495e-06
13915	-1.1627730600594077e-06
13916	-1.1627458889051923e-06
13917	-1.1627220146692707e-06
13918	-1.1627024605331826e-06
13919	-1.1626868854364147e-06
13920	-1.1626747209447785e-06
13921	-1.1626646028162213e-06
13922	-1.1626550531218527e-06
13923	-1.1626452760538086e-06
13924	-1.162634930551576e-06
13925	-1.1626240166151547e-06
13926	-1.1626119658103562e-06
13927	-1.1625976412688033e-06
13928	-1.1625804745563073e-06
13929	-1.1625617162280832e-06
13930	-1.1625429578998592e-06
13931	-1.1625263596215518e-06
13932	-1.162514422503591e-06
13933	-1.1625081697275164e-06
13934	-1.1625056686170865e-06
13935	-1.1625031675066566e-06
13936	-1.1624973694779328e-06
13937	-1.1624864555415115e-06
13938	-1.1624711078184191e-06
13939	-1.1624538274190854e-06
13940	-1.1624366607065895e-06
13941	-1.162420517175633e-06
13942	-1.1624051694525406e-06
13943	-1.1623905038504745e-06
13944	-1.1623768614299479e-06
13945	-1.162364128504123e-06
13946	-1.1623520776993246e-06
13947	-1.162340026894526e-06
13948	-1.162326952908188e-06
13949	-1.1623124009929597e-06
13950	-1.162296371148841e-06
13951	-1.162279659183696e-06
13952	-1.1622635156527394e-06
13953	-1.1622495321716997e-06
13954	-1.1622387319221161e-06
13955	-1.1622305464698002e-06
13956	-1.1622230431385105e-06
13957	-1.162213834504655e-06
13958	-1.1622022384472075e-06
13959	-1.162188937087194e-06
13960	-1.1621749536061543e-06
13961	-1.1621609701251145e-06
13962	-1.162146872957237e-06
13963	-1.162132207355171e-06
13964	-1.1621164048847277e-06
13965	-1.1620994655459072e-06
13966	-1.1620822988334112e-06
13967	-1.162064791060402e-06
13968	-1.1620463737926912e-06
13969	-1.1620270470302785e-06
13970	-1.1620070381468395e-06
13971	-1.1619869155765628e-06
13972	-1.1619683846220141e-06
13973	-1.161954969575163e-06
13974	-1.1619490578596015e-06
13975	-1.1619481483648997e-06
13976	-1.1619470114965225e-06
13977	-1.1619423503361759e-06
13978	-1.1619343922575354e-06
13979	-1.1619242741289781e-06
13980	-1.1619125643846928e-06
13981	-1.1618997177720303e-06
13982	-1.1618864164120168e-06
13983	-1.1618725466178148e-06
13984	-1.1618578810157487e-06
13985	-1.161843897534709e-06
13986	-1.161832074103586e-06
13987	-1.1618225244092173e-06
13988	-1.16181240628066e-06
13989	-1.161798536486458e-06
13990	-1.1617792097240454e-06
13991	-1.161755676548637e-06
13992	-1.1617305517575005e-06
13993	-1.1617073596426053e-06
13994	-1.1616883739407058e-06
13995	-1.1616734809649643e-06
13996	-1.1616601796049508e-06
13997	-1.1616464234975865e-06
13998	-1.161631075774494e-06
13999	-1.1616141364356736e-06
14000	-1.1615962876021513e-06
14001	-1.1615799166975194e-06
14002	-1.161566615337506e-06
14003	-1.1615561561484355e-06
14004	-1.161546606454067e-06
14005	-1.1615353514571325e-06
14006	-1.1615205721682287e-06
14007	-1.161502495961031e-06
14008	-1.1614837376328069e-06
14009	-1.1614670256676618e-06
14010	-1.161453837994486e-06
14011	-1.1614434924922534e-06
14012	-1.1614345112320734e-06
14013	-1.161426553153433e-06
14014	-1.1614193908826564e-06
14015	-1.16141222861188e-06
14016	-1.1614031336648623e-06
14017	-1.1613911965469015e-06
14018	-1.1613768720053486e-06
14019	-1.1613617516559316e-06
14020	-1.1613474271143787e-06
14021	-1.161334239441203e-06
14022	-1.1613225296969176e-06
14023	-1.161312184194685e-06
14024	-1.1613026345003163e-06
14025	-1.1612920616244082e-06
14026	-1.161278646577557e-06
14027	-1.1612615935518988e-06
14028	-1.1612414709816221e-06
14029	-1.1612191883614287e-06
14030	-1.1611961099333712e-06
14031	-1.1611734862526646e-06
14032	-1.1611533636823879e-06
14033	-1.1611372201514314e-06
14034	-1.1611246009124443e-06
14035	-1.1611138006628607e-06
14036	-1.1611036825343035e-06
14037	-1.1610934507189086e-06
14038	-1.1610833325903513e-06
14039	-1.1610740102696582e-06
14040	-1.1610652563831536e-06
14041	-1.1610563888098113e-06
14042	-1.1610464980549295e-06
14043	-1.1610343335632933e-06
14044	-1.1610183037191746e-06
14045	-1.160997726401547e-06
14046	-1.1609732837314368e-06
14047	-1.1609470220719231e-06
14048	-1.1609215562202735e-06
14049	-1.160900069407944e-06
14050	-1.1608852901190403e-06
14051	-1.1608765362325357e-06
14052	-1.1608706245169742e-06
14053	-1.1608640306803863e-06
14054	-1.1608550494202063e-06
14055	-1.1608449312916491e-06
14056	-1.1608344721025787e-06
14057	-1.1608226486714557e-06
14058	-1.1608080967562273e-06
14059	-1.1607908163568936e-06
14060	-1.1607727401496959e-06
14061	-1.1607556871240376e-06
14062	-1.1607406804614584e-06
14063	-1.1607270380409318e-06
14064	-1.1607136229940807e-06
14065	-1.1607003216340672e-06
14066	-1.1606872476477292e-06
14067	-1.1606746284087421e-06
14068	-1.1606630323512945e-06
14069	-1.1606521184148733e-06
14070	-1.1606413181652897e-06
14071	-1.160629381047329e-06
14072	-1.1606153975662892e-06
14073	-1.1605992540353327e-06
14074	-1.16058242838335e-06
14075	-1.1605663985392312e-06
14076	-1.1605530971792177e-06
14077	-1.1605425243033096e-06
14078	-1.1605332019826164e-06
14079	-1.1605224017330329e-06
14080	-1.1605091003730195e-06
14081	-1.160494548457791e-06
14082	-1.1604794281083741e-06
14083	-1.1604628298300668e-06
14084	-1.1604430483203032e-06
14085	-1.1604199698922457e-06
14086	-1.160394958787947e-06
14087	-1.160370061370486e-06
14088	-1.1603477787502925e-06
14089	-1.1603299299167702e-06
14090	-1.1603176517382963e-06
14091	-1.160310375780682e-06
14092	-1.160305941994011e-06
14093	-1.1603015082073398e-06
14094	-1.1602953691181028e-06
14095	-1.1602865015447605e-06
14096	-1.160274905487313e-06
14097	-1.160261376753624e-06
14098	-1.1602468248383957e-06
14099	-1.1602325002968428e-06
14100	-1.160219312623667e-06
14101	-1.1602073755057063e-06
14102	-1.1601954383877455e-06
14103	-1.1601812275330303e-06
14104	-1.160164174507372e-06
14105	-1.160145870926499e-06
14106	-1.1601280220929766e-06
14107	-1.1601116511883447e-06
14108	-1.1600974403336295e-06
14109	-1.1600849347814801e-06
14110	-1.160073566097708e-06
14111	-1.1600619700402603e-06
14112	-1.1600496918617864e-06
14113	-1.1600361631280975e-06
14114	-1.1600218385865446e-06
14115	-1.1600077414186671e-06
14116	-1.1599944400586537e-06
14117	-1.1599810250118026e-06
14118	-1.1599663594097365e-06
14119	-1.15995021587878e-06
14120	-1.159933844974148e-06
14121	-1.1599186109378934e-06
14122	-1.1599049685173668e-06
14123	-1.1598929177125683e-06
14124	-1.1598816627156339e-06
14125	-1.1598691571634845e-06
14126	-1.159853013632528e-06
14127	-1.15983345949644e-06
14128	-1.1598128821788123e-06
14129	-1.1597941238505882e-06
14130	-1.159778321380145e-06
14131	-1.1597661568885087e-06
14132	-1.1597580851230305e-06
14133	-1.1597536513363593e-06
14134	-1.1597513775996049e-06
14135	-1.1597475122471224e-06
14136	-1.1597389857342932e-06
14137	-1.1597256843742798e-06
14138	-1.159709654530161e-06
14139	-1.1596935109992046e-06
14140	-1.15967827696295e-06
14141	-1.1596637250477215e-06
14142	-1.15964883207198e-06
14143	-1.1596339390962385e-06
14144	-1.1596197282415233e-06
14145	-1.1596071090025362e-06
14146	-1.1595956266319263e-06
14147	-1.1595841442613164e-06
14148	-1.1595711839618161e-06
14149	-1.159555722551886e-06
14150	-1.1595375326578505e-06
14151	-1.159516955340223e-06
14152	-1.1594951274673804e-06
14153	-1.1594738680287264e-06
14154	-1.159456928689906e-06
14155	-1.159446696874511e-06
14156	-1.159441808340489e-06
14157	-1.1594380566748441e-06
14158	-1.15943078071723e-06
14159	-1.1594181614782428e-06
14160	-1.1594012221394223e-06
14161	-1.159382577498036e-06
14162	-1.159364614977676e-06
14163	-1.159348698820395e-06
14164	-1.1593349427130306e-06
14165	-1.1593223234740435e-06
14166	-1.1593083399930038e-06
14167	-1.159290718533157e-06
14168	-1.1592699138418538e-06
14169	-1.1592495638979017e-06
14170	-1.159233079306432e-06
14171	-1.1592208011279581e-06
14172	-1.1592104556257254e-06
14173	-1.1591993143156287e-06
14174	-1.1591862403292907e-06
14175	-1.1591720294745755e-06
14176	-1.1591577049330226e-06
14177	-1.1591433803914697e-06
14178	-1.1591282600420527e-06
14179	-1.159112230197934e-06
14180	-1.1590965414143284e-06
14181	-1.1590830126806395e-06
14182	-1.1590720987442182e-06
14183	-1.1590635722313891e-06
14184	-1.1590568647079635e-06
14185	-1.1590515214265906e-06
14186	-1.1590465192057309e-06
14187	-1.1590393569349544e-06
14188	-1.1590279882511823e-06
14189	-1.1590107078518486e-06
14190	-1.1589881978579797e-06
14191	-1.15896273200633e-06
14192	-1.1589366977204918e-06
14193	-1.1589125961108948e-06
14194	-1.1588917914195918e-06
14195	-1.1588742836465826e-06
14196	-1.1588589359234902e-06
14197	-1.1588448387556127e-06
14198	-1.1588327879508142e-06
14199	-1.1588241477511474e-06
14200	-1.1588189181566122e-06
14201	-1.158814939117292e-06
14202	-1.1588093684622436e-06
14203	-1.1588001598283881e-06
14204	-1.1587856079131598e-06
14205	-1.1587649169086944e-06
14206	-1.1587391099965316e-06
14207	-1.158710801973939e-06
14208	-1.1586837445065612e-06
14209	-1.1586614618863678e-06
14210	-1.158646682597464e-06
14211	-1.1586398613872007e-06
14212	-1.1586369055294199e-06
14213	-1.1586324717427487e-06
14214	-1.1586236041694065e-06
14215	-1.1586104164962308e-06
14216	-1.1585950687731383e-06
14217	-1.1585806305447477e-06
14218	-1.1585693755478133e-06
14219	-1.158561303782335e-06
14220	-1.1585542551983963e-06
14221	-1.1585458423724049e-06
14222	-1.1585348147491459e-06
14223	-1.1585221955101588e-06
14224	-1.1585096899580094e-06
14225	-1.1584978665268864e-06
14226	-1.1584860430957633e-06
14227	-1.1584731964831008e-06
14228	-1.1584580761336838e-06
14229	-1.1584411367948633e-06
14230	-1.1584239700823673e-06
14231	-1.1584082812987617e-06
14232	-1.1583946388782351e-06
14233	-1.1583822470129235e-06
14234	-1.1583695140870987e-06
14235	-1.1583551895455457e-06
14236	-1.1583381365198875e-06
14237	-1.158318355010124e-06
14238	-1.1582972092583077e-06
14239	-1.1582769730011933e-06
14240	-1.1582595789150218e-06
14241	-1.1582445722524426e-06
14242	-1.1582307024582406e-06
14243	-1.1582174010982271e-06
14244	-1.1582054639802664e-06
14245	-1.1581946637306828e-06
14246	-1.158183522420586e-06
14247	-1.1581705621210858e-06
14248	-1.1581551007111557e-06
14249	-1.1581372518776334e-06
14250	-1.1581189482967602e-06
14251	-1.1581028047658037e-06
14252	-1.1580913223951939e-06
14253	-1.1580858654269832e-06
14254	-1.158084728558606e-06
14255	-1.1580838190639042e-06
14256	-1.158079385277233e-06
14257	-1.1580697218960267e-06
14258	-1.1580563068491756e-06
14259	-1.158041868620785e-06
14260	-1.1580276577660698e-06
14261	-1.158012423729815e-06
14262	-1.1579938927752664e-06
14263	-1.1579718375287484e-06
14264	-1.1579488727875287e-06
14265	-1.1579277270357125e-06
14266	-1.1579105603232165e-06
14267	-1.157897713710554e-06
14268	-1.1578872545214836e-06
14269	-1.1578750900298473e-06
14270	-1.1578582643778645e-06
14271	-1.1578373459997238e-06
14272	-1.1578144949453417e-06
14273	-1.1577927807593369e-06
14274	-1.15777515929949e-06
14275	-1.157763335868367e-06
14276	-1.1577562872844283e-06
14277	-1.1577508303162176e-06
14278	-1.1577443501664675e-06
14279	-1.157736392087827e-06
14280	-1.157726615019783e-06
14281	-1.1577145642149844e-06
14282	-1.1577002396734315e-06
14283	-1.1576839824556373e-06
14284	-1.1576655651879264e-06
14285	-1.1576454426176497e-06
14286	-1.1576252063605352e-06
14287	-1.1576074712138507e-06
14288	-1.1575936014196486e-06
14289	-1.157582460109552e-06
14290	-1.1575720009204815e-06
14291	-1.157561200670898e-06
14292	-1.1575511962291785e-06
14293	-1.1575426697163493e-06
14294	-1.1575339158298448e-06
14295	-1.1575224334592349e-06
14296	-1.1575075404834934e-06
14297	-1.1574910558920237e-06
14298	-1.1574749123610673e-06
14299	-1.1574592235774617e-06
14300	-1.1574436484806938e-06
14301	-1.157428073383926e-06
14302	-1.1574134077818599e-06
14303	-1.1574003337955219e-06
14304	-1.157388851424912e-06
14305	-1.1573785059226793e-06
14306	-1.1573689562283107e-06
14307	-1.1573582696655649e-06
14308	-1.157343945124012e-06
14309	-1.1573245046747616e-06
14310	-1.1573015399335418e-06
14311	-1.1572782341318089e-06
14312	-1.1572576568141812e-06
14313	-1.157241854343738e-06
14314	-1.157230371973128e-06
14315	-1.1572209359655972e-06
14316	-1.157211158897553e-06
14317	-1.1572000175874564e-06
14318	-1.1571871709747938e-06
14319	-1.157173642241105e-06
14320	-1.1571607956284424e-06
14321	-1.1571498816920212e-06
14322	-1.157141355179192e-06
14323	-1.157134420282091e-06
14324	-1.1571270306376391e-06
14325	-1.1571165714485687e-06
14326	-1.1571011100386386e-06
14327	-1.1570815559025505e-06
14328	-1.157060523837572e-06
14329	-1.1570402875804575e-06
14330	-1.1570222113732598e-06
14331	-1.1570070910238428e-06
14332	-1.1569950402190443e-06
14333	-1.1569857178983511e-06
14334	-1.1569778735065483e-06
14335	-1.1569692333068815e-06
14336	-1.1569574098757585e-06
14337	-1.156940811597451e-06
14338	-1.1569203479666612e-06
14339	-1.156898406406981e-06
14340	-1.1568777154025156e-06
14341	-1.1568598665689933e-06
14342	-1.156846110461629e-06
14343	-1.1568359923330718e-06
14344	-1.1568278068807558e-06
14345	-1.1568193940547644e-06
14346	-1.156809730673558e-06
14347	-1.1567992714844877e-06
14348	-1.1567880164875533e-06
14349	-1.1567753972485662e-06
14350	-1.156760390585987e-06
14351	-1.1567423143787892e-06
14352	-1.1567223054953502e-06
14353	-1.156703206106613e-06
14354	-1.1566875173230073e-06
14355	-1.1566759212655597e-06
14356	-1.156666826318542e-06
14357	-1.1566573903110111e-06
14358	-1.1566456805667258e-06
14359	-1.156632151833037e-06
14360	-1.1566185094125103e-06
14361	-1.1566072544155759e-06
14362	-1.1565987279027468e-06
14363	-1.1565909971977817e-06
14364	-1.1565811064429e-06
14365	-1.1565665545276715e-06
14366	-1.1565460908968817e-06
14367	-1.156520625045232e-06
14368	-1.1564929991436657e-06
14369	-1.1564668511709897e-06
14370	-1.1564447959244717e-06
14371	-1.1564288797671907e-06
14372	-1.1564188753254712e-06
14373	-1.156413190983585e-06
14374	-1.156409098257427e-06
14375	-1.1564037549760542e-06
14376	-1.156395228463225e-06
14377	-1.156383405032102e-06
14378	-1.1563694215510623e-06
14379	-1.1563543012016453e-06
14380	-1.1563386124180397e-06
14381	-1.1563223552002455e-06
14382	-1.1563055295482627e-06
14383	-1.1562885902094422e-06
14384	-1.1562713098101085e-06
14385	-1.1562525514818844e-06
14386	-1.1562326562852832e-06
14387	-1.1562137842702214e-06
14388	-1.156197640739265e-06
14389	-1.156184566752927e-06
14390	-1.1561734254428302e-06
14391	-1.1561622841327335e-06
14392	-1.1561501196410973e-06
14393	-1.156137955149461e-06
14394	-1.1561274959603907e-06
14395	-1.1561202200027765e-06
14396	-1.1561155588424299e-06
14397	-1.1561107839952456e-06
14398	-1.156102484856092e-06
14399	-1.1560895245565916e-06
14400	-1.1560726989046088e-06
14401	-1.1560541679500602e-06
14402	-1.1560354096218362e-06
14403	-1.1560165376067744e-06
14404	-1.1559961876628222e-06
14405	-1.1559747008504928e-06
14406	-1.1559543509065406e-06
14407	-1.1559371841940447e-06
14408	-1.1559229733393295e-06
14409	-1.155910922534531e-06
14410	-1.1559005770322983e-06
14411	-1.1558922778931446e-06
14412	-1.1558854566828813e-06
14413	-1.1558785217857803e-06
14414	-1.1558698815861135e-06
14415	-1.1558577170944773e-06
14416	-1.1558418009371962e-06
14417	-1.1558240657905117e-06
14418	-1.155806785391178e-06
14419	-1.1557922334759496e-06
14420	-1.155781433226366e-06
14421	-1.1557735888345633e-06
14422	-1.1557654033822473e-06
14423	-1.1557531252037734e-06
14424	-1.1557355037439265e-06
14425	-1.1557145853657858e-06
14426	-1.1556942354218336e-06
14427	-1.1556769550225e-06
14428	-1.1556630852282979e-06
14429	-1.1556506933629862e-06
14430	-1.1556362551345956e-06
14431	-1.1556174968063715e-06
14432	-1.15559362257045e-06
14433	-1.155565428234695e-06
14434	-1.155536438091076e-06
14435	-1.1555108585525886e-06
14436	-1.155491531790176e-06
14437	-1.155478003056487e-06
14438	-1.1554677712410921e-06
14439	-1.1554594721019384e-06
14440	-1.1554520824574865e-06
14441	-1.1554452612472232e-06
14442	-1.155437985289609e-06
14443	-1.1554288903425913e-06
14444	-1.1554170669114683e-06
14445	-1.1554036518646171e-06
14446	-1.155390236817766e-06
14447	-1.155377162831428e-06
14448	-1.1553636340977391e-06
14449	-1.155349764303537e-06
14450	-1.15533714506455e-06
14451	-1.155326913249155e-06
14452	-1.1553195236047031e-06
14453	-1.1553147487575188e-06
14454	-1.1553104286576854e-06
14455	-1.155303266386909e-06
14456	-1.1552913292689482e-06
14457	-1.1552751857379917e-06
14458	-1.155256654783443e-06
14459	-1.1552372143341927e-06
14460	-1.1552177738849423e-06
14461	-1.1551983334356919e-06
14462	-1.1551790066732792e-06
14463	-1.1551604757187306e-06
14464	-1.1551436500667478e-06
14465	-1.1551286434041685e-06
14466	-1.155115000983642e-06
14467	-1.1551021543709794e-06
14468	-1.155090444626694e-06
14469	-1.1550800991244614e-06
14470	-1.1550711178642814e-06
14471	-1.155061909230426e-06
14472	-1.1550503131729783e-06
14473	-1.1550356475709123e-06
14474	-1.155019390353118e-06
14475	-1.1550043836905388e-06
14476	-1.1549917644515517e-06
14477	-1.1549799410204287e-06
14478	-1.1549657301657135e-06
14479	-1.1549485634532175e-06
14480	-1.1549302598723443e-06
14481	-1.1549127520993352e-06
14482	-1.1548960401341901e-06
14483	-1.154878532361181e-06
14484	-1.1548594329724438e-06
14485	-1.1548404472705442e-06
14486	-1.1548235079317237e-06
14487	-1.1548094107638462e-06
14488	-1.154798042080074e-06
14489	-1.1547884923857055e-06
14490	-1.1547796248123632e-06
14491	-1.154770757239021e-06
14492	-1.1547624580998672e-06
14493	-1.1547554095159285e-06
14494	-1.1547489293661783e-06
14495	-1.1547409712875378e-06
14496	-1.1547306257853052e-06
14497	-1.1547178928594803e-06
14498	-1.1547026588232256e-06
14499	-1.154684923676541e-06
14500	-1.1546660516614793e-06
14501	-1.1546483165147947e-06
14502	-1.1546337645995663e-06
14503	-1.154622054855281e-06
14504	-1.1546105724846711e-06
14505	-1.15459715743782e-06
14506	-1.154581241280539e-06
14507	-1.1545638471943676e-06
14508	-1.154545657300332e-06
14509	-1.1545267852852703e-06
14510	-1.1545075722096954e-06
14511	-1.1544888138814713e-06
14512	-1.1544710787347867e-06
14513	-1.1544547078301548e-06
14514	-1.1544404969754396e-06
14515	-1.154427650362777e-06
14516	-1.1544152584974654e-06
14517	-1.1544029803189915e-06
14518	-1.154390133706329e-06
14519	-1.1543764912858023e-06
14520	-1.1543625078047626e-06
14521	-1.1543493201315869e-06
14522	-1.1543354503373848e-06
14523	-1.1543185109985643e-06
14524	-1.1542974789335858e-06
14525	-1.1542742868186906e-06
14526	-1.1542515494511463e-06
14527	-1.1542314268808695e-06
14528	-1.1542159654709394e-06
14529	-1.1542058473423822e-06
14530	-1.154200163000496e-06
14531	-1.154196525021689e-06
14532	-1.1541930007297196e-06
14533	-1.1541882258825353e-06
14534	-1.1541817457327852e-06
14535	-1.154172878159443e-06
14536	-1.1541617368493462e-06
14537	-1.154149117610359e-06
14538	-1.1541355888766702e-06
14539	-1.1541203548404155e-06
14540	-1.1541022786332178e-06
14541	-1.1540811328814016e-06
14542	-1.154059305008559e-06
14543	-1.1540395234987955e-06
14544	-1.1540232662810013e-06
14545	-1.1540097375473124e-06
14546	-1.1539968909346499e-06
14547	-1.153983362200961e-06
14548	-1.1539684692252195e-06
14549	-1.1539527804416139e-06
14550	-1.1539376600921969e-06
14551	-1.1539250408532098e-06
14552	-1.1539158322193543e-06
14553	-1.1539088973222533e-06
14554	-1.1539015076778014e-06
14555	-1.1538900253071915e-06
14556	-1.1538734270288842e-06
14557	-1.1538537592059583e-06
14558	-1.1538344324435457e-06
14559	-1.1538164699231857e-06
14560	-1.153798734776501e-06
14561	-1.1537808859429788e-06
14562	-1.1537638329173205e-06
14563	-1.153749735749443e-06
14564	-1.1537384807525086e-06
14565	-1.1537279078766005e-06
14566	-1.1537157433849643e-06
14567	-1.1537009640960605e-06
14568	-1.1536844795045909e-06
14569	-1.1536685633473098e-06
14570	-1.153655034613621e-06
14571	-1.1536433248693356e-06
14572	-1.153631728811888e-06
14573	-1.1536193369465764e-06
14574	-1.1536062629602384e-06
14575	-1.1535933026607381e-06
14576	-1.1535804560480756e-06
14577	-1.1535674957485753e-06
14578	-1.1535541943885619e-06
14579	-1.1535403245943598e-06
14580	-1.1535266821738333e-06
14581	-1.1535141766216839e-06
14582	-1.153502694251074e-06
14583	-1.1534909845067887e-06
14584	-1.1534782515809638e-06
14585	-1.1534650639077881e-06
14586	-1.153452444668801e-06
14587	-1.153440166490327e-06
14588	-1.1534277746250154e-06
14589	-1.1534142458913266e-06
14590	-1.1533990118550719e-06
14591	-1.1533812767083873e-06
14592	-1.1533604720170842e-06
14593	-1.1533378483363776e-06
14594	-1.1533162478372105e-06
14595	-1.153298512690526e-06
14596	-1.1532850976436748e-06
14597	-1.1532746384546044e-06
14598	-1.153264975073398e-06
14599	-1.1532554253790295e-06
14600	-1.1532467851793626e-06
14601	-1.1532389407875598e-06
14602	-1.1532300732142176e-06
14603	-1.1532173402883927e-06
14604	-1.1531986956470064e-06
14605	-1.1531745940374094e-06
14606	-1.1531489008120843e-06
14607	-1.1531260497577023e-06
14608	-1.15310820092418e-06
14609	-1.1530945585036534e-06
14610	-1.1530844403750962e-06
14611	-1.1530781875990215e-06
14612	-1.1530755728017539e-06
14613	-1.1530752317412407e-06
14614	-1.153074663307052e-06
14615	-1.1530720485097845e-06
14616	-1.1530679557836265e-06
14617	-1.1530643178048194e-06
